-- MySQL dump 10.16  Distrib 10.1.22-MariaDB, for debian-linux-gnu (x86_64)
--
-- Host: localhost    Database: logistimo
-- ------------------------------------------------------
-- Server version	10.1.22-MariaDB-1~jessie

/*!40101 SET @OLD_CHARACTER_SET_CLIENT=@@CHARACTER_SET_CLIENT */;
/*!40101 SET @OLD_CHARACTER_SET_RESULTS=@@CHARACTER_SET_RESULTS */;
/*!40101 SET @OLD_COLLATION_CONNECTION=@@COLLATION_CONNECTION */;
/*!40101 SET NAMES utf8 */;
/*!40103 SET @OLD_TIME_ZONE=@@TIME_ZONE */;
/*!40103 SET TIME_ZONE='+00:00' */;
/*!40014 SET @OLD_UNIQUE_CHECKS=@@UNIQUE_CHECKS, UNIQUE_CHECKS=0 */;
/*!40014 SET @OLD_FOREIGN_KEY_CHECKS=@@FOREIGN_KEY_CHECKS, FOREIGN_KEY_CHECKS=0 */;
/*!40101 SET @OLD_SQL_MODE=@@SQL_MODE, SQL_MODE='NO_AUTO_VALUE_ON_ZERO' */;
/*!40111 SET @OLD_SQL_NOTES=@@SQL_NOTES, SQL_NOTES=0 */;

--
-- Table structure for table `ACCOUNT`
--

DROP TABLE IF EXISTS `ACCOUNT`;
/*!40101 SET @saved_cs_client     = @@character_set_client */;
/*!40101 SET character_set_client = utf8 */;
CREATE TABLE `ACCOUNT` (
  `KEY` varchar(255) CHARACTER SET utf8 COLLATE utf8_bin NOT NULL,
  `CID` bigint(20) DEFAULT NULL,
  `CNM` varchar(255) CHARACTER SET utf8 COLLATE utf8_bin DEFAULT NULL,
  `DID` bigint(20) DEFAULT NULL,
  `PY` decimal(16,4) DEFAULT NULL,
  `T` datetime DEFAULT NULL,
  `VID` bigint(20) DEFAULT NULL,
  `VNM` varchar(255) CHARACTER SET utf8 COLLATE utf8_bin DEFAULT NULL,
  `Y` int(11) DEFAULT NULL,
  PRIMARY KEY (`KEY`),
  KEY `ACCOUNT#1` (`VID`,`Y`,`CNM`),
  KEY `ACCOUNT#3` (`CID`,`Y`,`VNM`),
  KEY `ACCOUNT#2` (`VID`,`Y`,`PY`),
  KEY `ACCOUNT#4` (`CID`,`Y`,`PY`)
) ENGINE=InnoDB DEFAULT CHARSET=utf8;
/*!40101 SET character_set_client = @saved_cs_client */;

--
-- Dumping data for table `ACCOUNT`
--

LOCK TABLES `ACCOUNT` WRITE;
/*!40000 ALTER TABLE `ACCOUNT` DISABLE KEYS */;
/*!40000 ALTER TABLE `ACCOUNT` ENABLE KEYS */;
UNLOCK TABLES;

--
-- Table structure for table `ACTIVITY`
--

DROP TABLE IF EXISTS `ACTIVITY`;
/*!40101 SET @saved_cs_client     = @@character_set_client */;
/*!40101 SET character_set_client = utf8 */;
CREATE TABLE `ACTIVITY` (
  `ID` varchar(255) CHARACTER SET utf8 COLLATE utf8_bin NOT NULL,
  `ACTION` varchar(255) CHARACTER SET utf8 COLLATE utf8_bin DEFAULT NULL,
  `CREATEDATE` datetime(3) DEFAULT NULL,
  `DOMAINID` bigint(20) DEFAULT NULL,
  `FIELD` varchar(255) CHARACTER SET utf8 COLLATE utf8_bin DEFAULT NULL,
  `MESSAGEID` varchar(255) CHARACTER SET utf8 COLLATE utf8_bin DEFAULT NULL,
  `NEWVALUE` varchar(255) CHARACTER SET utf8 COLLATE utf8_bin DEFAULT NULL,
  `OBJECTID` varchar(255) DEFAULT NULL,
  `OBJECTTYPE` varchar(255) CHARACTER SET utf8 COLLATE utf8_bin DEFAULT NULL,
  `PREVVALUE` varchar(255) CHARACTER SET utf8 COLLATE utf8_bin DEFAULT NULL,
  `TAG` varchar(255) CHARACTER SET utf8 COLLATE utf8_bin DEFAULT NULL,
  `USERID` varchar(255) CHARACTER SET utf8 COLLATE utf8_bin DEFAULT NULL,
  PRIMARY KEY (`ID`)
) ENGINE=InnoDB DEFAULT CHARSET=utf8;
/*!40101 SET character_set_client = @saved_cs_client */;

--
-- Dumping data for table `ACTIVITY`
--

LOCK TABLES `ACTIVITY` WRITE;
/*!40000 ALTER TABLE `ACTIVITY` DISABLE KEYS */;
INSERT INTO `ACTIVITY` VALUES ('0548913a-f3c6-418e-8479-6b5b687df228',NULL,'2017-04-21 18:14:03.157',1343726,'STATUS',NULL,'cm','14','ORDER','pn','ORDER:14','sadiq'),('08d38f95-bd47-45c4-b1ae-8a83f0dadad1',NULL,'2017-04-21 18:11:48.673',1343726,'STATUS',NULL,'op','4-1','SHIPMENT',NULL,'ORDER:4','sadiq'),('0b9e4355-65a5-4ce1-9603-887c492233a8',NULL,'2017-04-21 18:19:20.162',1343726,'STATUS',NULL,'sp','15-1','SHIPMENT','sp','ORDER:15','sadiq'),('0f3590c4-5216-4e5b-9596-e367d1733dfb',NULL,'2017-04-21 18:15:37.687',1343726,'STATUS',NULL,'fl','6','ORDER','cm','ORDER:6','sadiq'),('18584cb8-47b2-4f91-ba86-7d89b2a4aede',NULL,'2017-04-21 18:15:23.507',1343726,'STATUS',NULL,'fl','4-1','SHIPMENT','sp','ORDER:4','sadiq'),('2faf7c8f-ae09-4815-9729-c0d3e7d1a5cd',NULL,'2017-04-21 18:13:15.212',1343726,'STATUS',NULL,'sp','6-1','SHIPMENT','sp','ORDER:6','sadiq'),('3db617e5-94fb-42c9-8210-75bbbccc44ea',NULL,'2017-04-21 17:36:19.242',1343726,'STATUS',NULL,'pn','13','ORDER',NULL,'ORDER:13','sadiq'),('3f1a7a76-c4a7-488f-a915-5ca22362846a',NULL,'2017-04-21 17:31:42.520',1343726,'STATUS',NULL,'pn','8','ORDER',NULL,'ORDER:8','sadiq'),('424f570b-abfe-402b-8dad-afe5d3a873cd',NULL,'2017-04-21 17:27:32.158',1343726,'STATUS',NULL,'pn','1','ORDER',NULL,'ORDER:1','sadiq'),('4434bb29-f4b7-4701-902a-958e0f3c36f4',NULL,'2017-04-21 18:19:19.576',1343726,'STATUS',NULL,'op','15-1','SHIPMENT',NULL,'ORDER:15','sadiq'),('47beb1b7-4b0c-4134-a353-64cc51213db5',NULL,'2017-04-21 18:10:59.086',1343726,'STATUS',NULL,'cm','1','ORDER','cf','ORDER:1','sadiq'),('486098c4-2212-4411-8ef0-2a28eb268e14',NULL,'2017-04-21 18:17:15.000',1343726,'STATUS',NULL,'sp','10-1','SHIPMENT','sp','ORDER:10','sadiq'),('51866e16-1c3a-4149-95b2-90f143fcfc06',NULL,'2017-04-21 18:17:15.054',1343726,'STATUS',NULL,'cm','10','ORDER','pn','ORDER:10','sadiq'),('5573dae0-d68c-459b-9d35-f31f5e630aea',NULL,'2017-04-21 18:17:42.540',1343726,'STATUS',NULL,'op','5-1','SHIPMENT',NULL,'ORDER:5','sadiq'),('571844e3-c8f0-4f64-9d3b-4c976f2b3650',NULL,'2017-04-21 17:35:41.952',1343726,'STATUS',NULL,'pn','12','ORDER',NULL,'ORDER:12','sadiq'),('5894651c-cfe0-450d-9728-ba937a477e13',NULL,'2017-04-21 17:28:16.734',1343726,'STATUS',NULL,'pn','2','ORDER',NULL,'ORDER:2','sadiq'),('59380abf-004d-4f0d-a21a-ca16d7006704',NULL,'2017-04-21 18:15:23.531',1343726,'STATUS',NULL,'fl','4','ORDER','cm','ORDER:4','sadiq'),('599e2586-9e96-4a40-8122-460d96d329e0',NULL,'2017-04-21 18:18:46.522',1343726,'STATUS',NULL,'sp','11-1','SHIPMENT','sp','ORDER:11','sadiq'),('5c752569-5936-40ae-9d07-02e9be88ec42',NULL,'2017-04-21 18:14:13.066',1343726,'STATUS',NULL,'fl','14','ORDER','cm','ORDER:14','sadiq'),('5cb5027e-a2a3-4479-81e0-82c3adfacbc9',NULL,'2017-04-21 18:15:07.053',1343726,'STATUS',NULL,'op','12-1','SHIPMENT',NULL,'ORDER:12','sadiq'),('60b8fa42-00fe-4eab-8076-28096c100853',NULL,'2017-04-21 17:31:21.370',1343726,'STATUS',NULL,'pn','7','ORDER',NULL,'ORDER:7','sadiq'),('615f7087-cd08-4b32-864b-f0dd57263d1f',NULL,'2017-04-21 18:11:48.971',1343726,'STATUS',NULL,'sp','4-1','SHIPMENT','sp','ORDER:4','sadiq'),('640c4c26-4359-40fb-8504-218709e8b2af',NULL,'2017-04-21 18:13:15.237',1343726,'STATUS',NULL,'cm','6','ORDER','pn','ORDER:6','sadiq'),('6866c311-4bbc-4ca9-8536-edc882858b3a',NULL,'2017-04-21 18:13:14.801',1343726,'STATUS',NULL,'op','6-1','SHIPMENT',NULL,'ORDER:6','sadiq'),('6a215459-6c32-4af3-b58f-95a9fefbe792',NULL,'2017-04-21 17:32:14.184',1343726,'STATUS',NULL,'pn','9','ORDER',NULL,'ORDER:9','sadiq'),('724e3f05-864a-4566-ac9a-8bc750fd1642',NULL,'2017-04-21 18:17:13.579',1343726,'STATUS',NULL,'op','10-1','SHIPMENT',NULL,'ORDER:10','sadiq'),('73cb5eff-dbc8-4e97-a6be-23da6ade8ff9',NULL,'2017-04-21 18:17:42.844',1343726,'STATUS',NULL,'sp','5-1','SHIPMENT','sp','ORDER:5','sadiq'),('7aa8e2f8-99ed-4173-815c-bbc5a8e9c177',NULL,'2017-04-21 18:11:48.989',1343726,'STATUS',NULL,'cm','4','ORDER','pn','ORDER:4','sadiq'),('7e66eff5-92d0-410f-880c-08bb9047bfea',NULL,'2017-04-21 18:18:46.572',1343726,'STATUS',NULL,'cm','11','ORDER','pn','ORDER:11','sadiq'),('86272866-57fe-493b-b2a1-31d67c3a685c',NULL,'2017-04-21 18:10:59.058',1343726,'STATUS',NULL,'sp','1-1','SHIPMENT','sp','ORDER:1','sadiq'),('8b6c6021-0236-4516-8ee8-26d70e318623',NULL,'2017-04-21 18:10:58.402',1343726,'STATUS',NULL,'op','1-1','SHIPMENT',NULL,'ORDER:1','sadiq'),('93c17f0c-d7b9-4d9c-a895-c2f81892fbd3',NULL,'2017-04-21 18:15:37.580',1343726,'STATUS',NULL,'fl','6-1','SHIPMENT','sp','ORDER:6','sadiq'),('97f64d9f-813a-479e-8a9b-d6fee375d453',NULL,'2017-04-21 18:15:50.455',1343726,'STATUS',NULL,'fl','8-1','SHIPMENT','sp','ORDER:8','sadiq'),('99263dab-c956-4c90-a784-49cfc344d44e',NULL,'2017-04-21 18:15:07.848',1343726,'STATUS',NULL,'cm','12','ORDER','pn','ORDER:12','sadiq'),('9d2735e4-1131-429a-b76d-ff5341802772',NULL,'2017-04-21 18:17:55.359',1343726,'STATUS',NULL,'fl','12','ORDER','cm','ORDER:12','sadiq'),('a0f8d478-9153-4ba2-bce9-6b99cce36ec8',NULL,'2017-04-21 17:38:35.598',1343726,'STATUS',NULL,'pn','15','ORDER',NULL,'ORDER:15','sadiq'),('a305c37d-3fcb-4dc1-a286-9b181cfc5b86',NULL,'2017-04-21 18:17:55.318',1343726,'STATUS',NULL,'fl','12-1','SHIPMENT','sp','ORDER:12','sadiq'),('a6632ebb-e72e-4ce8-842f-80f1742103c8',NULL,'2017-04-21 17:35:07.230',1343726,'STATUS',NULL,'pn','11','ORDER',NULL,'ORDER:11','sadiq'),('afcc6606-a89c-4a75-89ad-a1a0c3e2773b',NULL,'2017-04-21 18:18:45.348',1343726,'STATUS',NULL,'op','11-1','SHIPMENT',NULL,'ORDER:11','sadiq'),('ba736b03-03b8-49b5-b562-137196a60be6',NULL,'2017-04-21 18:12:37.512',1343726,'STATUS',NULL,'op','8-1','SHIPMENT',NULL,'ORDER:8','sadiq'),('bee68814-6d9b-43e0-837d-a852e4341cc7',NULL,'2017-04-21 17:29:54.856',1343726,'STATUS',NULL,'pn','5','ORDER',NULL,'ORDER:5','sadiq'),('bff646fa-f4e2-431f-b06e-7a4d20a72834',NULL,'2017-04-21 18:12:37.911',1343726,'STATUS',NULL,'sp','8-1','SHIPMENT','sp','ORDER:8','sadiq'),('c56d2550-b637-4964-9e11-aa1fb8576eba',NULL,'2017-04-21 18:15:07.809',1343726,'STATUS',NULL,'sp','12-1','SHIPMENT','sp','ORDER:12','sadiq'),('c5dfeb8e-d153-433e-9585-86e3521981d7',NULL,'2017-04-21 17:36:58.462',1343726,'STATUS',NULL,'pn','14','ORDER',NULL,'ORDER:14','sadiq'),('c941af93-f10d-41c7-ab13-f83f83cbbba1',NULL,'2017-04-21 18:14:12.991',1343726,'STATUS',NULL,'fl','14-1','SHIPMENT','sp','ORDER:14','sadiq'),('cab40997-40cd-490b-9a1e-b8124aff747e',NULL,'2017-04-21 18:14:03.112',1343726,'STATUS',NULL,'sp','14-1','SHIPMENT','sp','ORDER:14','sadiq'),('ce0355cb-c8ec-477f-bb44-f919b9c73c4d',NULL,'2017-04-21 18:17:42.864',1343726,'STATUS',NULL,'cm','5','ORDER','pn','ORDER:5','sadiq'),('ce91066a-514f-40f3-9c32-7dad791124c3',NULL,'2017-04-21 17:28:39.789',1343726,'STATUS',NULL,'pn','3','ORDER',NULL,'ORDER:3','sadiq'),('d2be72c5-938d-40a4-98ff-3250c2ca2000',NULL,'2017-04-21 17:33:10.628',1343726,'STATUS',NULL,'pn','10','ORDER',NULL,'ORDER:10','sadiq'),('d9e9b817-4064-4539-b42b-94dfac6a60e1',NULL,'2017-04-21 18:14:02.330',1343726,'STATUS',NULL,'op','14-1','SHIPMENT',NULL,'ORDER:14','sadiq'),('dfa4b087-3345-4153-a20b-b576156903aa',NULL,'2017-04-21 17:30:51.306',1343726,'STATUS',NULL,'pn','6','ORDER',NULL,'ORDER:6','sadiq'),('ebb34f0a-9432-4a4a-b364-87a6e3286862',NULL,'2017-04-21 17:29:03.332',1343726,'STATUS',NULL,'pn','4','ORDER',NULL,'ORDER:4','sadiq'),('ebc97ffb-55ef-46a2-adb8-dec13ad0edb2',NULL,'2017-04-21 18:12:37.935',1343726,'STATUS',NULL,'cm','8','ORDER','pn','ORDER:8','sadiq'),('f15af9a6-df93-4064-a5e2-9b0b4df568df',NULL,'2017-04-21 18:09:53.201',1343726,'STATUS',NULL,'cf','1','ORDER','pn','ORDER:1','sadiq'),('f9570d99-517a-40d5-8108-7aebb3275796',NULL,'2017-04-21 18:15:50.479',1343726,'STATUS',NULL,'fl','8','ORDER','cm','ORDER:8','sadiq'),('fe27c399-0be8-40c1-9709-6611852c6649',NULL,'2017-04-21 18:19:20.181',1343726,'STATUS',NULL,'cm','15','ORDER','pn','ORDER:15','sadiq');
/*!40000 ALTER TABLE `ACTIVITY` ENABLE KEYS */;
UNLOCK TABLES;

--
-- Table structure for table `ALOG`
--

DROP TABLE IF EXISTS `ALOG`;
/*!40101 SET @saved_cs_client     = @@character_set_client */;
/*!40101 SET character_set_client = utf8 */;
CREATE TABLE `ALOG` (
  `KY` bigint(20) NOT NULL AUTO_INCREMENT,
  `DID` bigint(20) DEFAULT NULL,
  `IP` varchar(255) CHARACTER SET utf8 COLLATE utf8_bin DEFAULT NULL,
  `T` datetime DEFAULT NULL,
  `TY` varchar(255) CHARACTER SET utf8 COLLATE utf8_bin DEFAULT NULL,
  `UA` varchar(255) CHARACTER SET utf8 COLLATE utf8_bin DEFAULT NULL,
  PRIMARY KEY (`KY`),
  KEY `ALOG` (`DID`,`TY`,`T`)
) ENGINE=InnoDB DEFAULT CHARSET=utf8;
/*!40101 SET character_set_client = @saved_cs_client */;

--
-- Dumping data for table `ALOG`
--

LOCK TABLES `ALOG` WRITE;
/*!40000 ALTER TABLE `ALOG` DISABLE KEYS */;
/*!40000 ALTER TABLE `ALOG` ENABLE KEYS */;
UNLOCK TABLES;

--
-- Table structure for table `ASSET`
--

DROP TABLE IF EXISTS `ASSET`;
/*!40101 SET @saved_cs_client     = @@character_set_client */;
/*!40101 SET character_set_client = utf8 */;
CREATE TABLE `ASSET` (
  `ID` bigint(20) NOT NULL AUTO_INCREMENT,
  `ARCAT` datetime DEFAULT NULL,
  `ARCBY` varchar(255) CHARACTER SET utf8 COLLATE utf8_bin DEFAULT NULL,
  `CON` datetime DEFAULT NULL,
  `CB` varchar(255) CHARACTER SET utf8 COLLATE utf8_bin DEFAULT NULL,
  `KID` bigint(20) DEFAULT NULL,
  `LID` varchar(255) CHARACTER SET utf8 COLLATE utf8_bin DEFAULT NULL,
  `SID` varchar(255) CHARACTER SET utf8 COLLATE utf8_bin DEFAULT NULL,
  `SDID` bigint(20) DEFAULT NULL,
  `UON` datetime DEFAULT NULL,
  `UB` varchar(255) CHARACTER SET utf8 COLLATE utf8_bin DEFAULT NULL,
  `VID` varchar(255) CHARACTER SET utf8 COLLATE utf8_bin DEFAULT NULL,
  `type` int(11) NOT NULL,
  `nsId` varchar(50) NOT NULL,
  `model` varchar(255) DEFAULT NULL,
  `yom` int(4) unsigned DEFAULT NULL,
  PRIMARY KEY (`ID`)
) ENGINE=InnoDB AUTO_INCREMENT=2027 DEFAULT CHARSET=utf8;
/*!40101 SET character_set_client = @saved_cs_client */;

--
-- Dumping data for table `ASSET`
--

LOCK TABLES `ASSET` WRITE;
/*!40000 ALTER TABLE `ASSET` DISABLE KEYS */;
INSERT INTO `ASSET` VALUES (2003,NULL,NULL,'2017-04-20 16:06:21','sadiq',1344725,NULL,'SVS-ILR-0000001',1343727,'2017-04-21 16:31:58','sadiq','electrolux',2,'svs-ilr-0000001','AM5',1987),(2004,NULL,NULL,'2017-04-20 16:06:28','sadiq',1344725,NULL,'SVS-NILRTL-0000001',1343727,'2017-04-20 16:06:28','sadiq','nexleaf',1,'svs-nilrtl-0000001','CT5',1987),(2005,NULL,NULL,'2017-04-20 16:06:31','sadiq',1344725,NULL,'SVS-WIF-0000001',1343727,'2017-04-24 19:21:05','sadiq','electrolux',6,'svs-wif-0000001','AM5',1987),(2006,NULL,NULL,'2017-04-20 16:06:31','sadiq',1344725,NULL,'SVS-NWIFTL-0000001',1343727,'2017-04-24 19:23:09','sadiq','nexleaf',1,'svs-nwiftl-0000001','CT5',1987),(2007,NULL,NULL,'2017-04-20 16:06:33','sadiq',1344725,NULL,'SVS-WIC-0000001',1343727,'2017-04-21 16:28:22','sadiq','electrolux',5,'svs-wic-0000001','AM5',1987),(2008,NULL,NULL,'2017-04-20 16:06:34','sadiq',1344725,NULL,'SVS-NWICTL-0000001',1343727,'2017-04-20 16:06:34','sadiq','nexleaf',1,'svs-nwictl-0000001','CT5',1987),(2009,NULL,NULL,'2017-04-20 16:06:35','sadiq',1344725,NULL,'SVS-DF-0000001',1343727,'2017-04-24 19:20:34','sadiq','electrolux',3,'svs-df-0000001','AM5',1987),(2010,NULL,NULL,'2017-04-20 16:06:35','sadiq',1344725,NULL,'SVS-NDFTL-0000001',1343727,'2017-04-24 19:20:45','sadiq','nexleaf',1,'svs-ndftl-0000001','CT5',1987),(2011,NULL,NULL,'2017-04-20 16:06:37','sadiq',1344726,NULL,'CCH-ILR-0000001',1343727,'2017-04-21 16:29:06','sadiq','electrolux',2,'cch-ilr-0000001','AM5',1987),(2012,NULL,NULL,'2017-04-20 16:06:38','sadiq',1344726,NULL,'CCH-NILRTL-0000001',1343727,'2017-04-20 16:06:38','sadiq','nexleaf',1,'cch-nilrtl-0000001','CT5',1987),(2013,NULL,NULL,'2017-04-20 16:06:39','sadiq',1344726,NULL,'CCH-WIF-0000001',1343727,'2017-04-21 16:29:31','sadiq','electrolux',6,'cch-wif-0000001','AM5',1987),(2014,NULL,NULL,'2017-04-20 16:06:40','sadiq',1344726,NULL,'CCH-NWIFTL-0000001',1343727,'2017-04-20 16:06:40','sadiq','nexleaf',1,'cch-nwiftl-0000001','CT5',1987),(2015,NULL,NULL,'2017-04-20 16:06:42','sadiq',1344726,NULL,'CCH-WIC-0000001',1343727,'2017-04-21 16:29:45','sadiq','electrolux',5,'cch-wic-0000001','AM5',1987),(2016,NULL,NULL,'2017-04-20 16:06:43','sadiq',1344726,NULL,'CCH-NWICTL-0000001',1343727,'2017-04-20 16:06:43','sadiq','nexleaf',1,'cch-nwictl-0000001','CT5',1987),(2017,NULL,NULL,'2017-04-20 16:06:45','sadiq',1344726,NULL,'CCH-DF-0000001',1343727,'2017-04-21 16:34:16','sadiq','electrolux',3,'cch-df-0000001','AM5',1987),(2018,NULL,NULL,'2017-04-20 16:06:45','sadiq',1344726,NULL,'CCH-NDFTL-0000001',1343727,'2017-04-20 16:06:45','sadiq','nexleaf',1,'cch-ndftl-0000001','CT5',1987),(2019,NULL,NULL,'2017-04-20 17:00:50','sadiq',1344724,NULL,'IN-ILR-0000001',1343726,'2017-04-21 16:25:20','sadiq','electrolux',2,'in-ilr-0000001','AM5',1987),(2020,NULL,NULL,'2017-04-20 17:00:50','sadiq',1344724,NULL,'IN-NILRTL-0000001',1343726,'2017-04-20 17:00:50','sadiq','nexleaf',1,'in-nilrtl-0000001','CT5',1987),(2021,NULL,NULL,'2017-04-20 17:00:52','sadiq',1344724,NULL,'IN-WIF-0000001',1343726,'2017-04-21 16:34:51','sadiq','electrolux',6,'in-wif-0000001','AM5',1987),(2022,NULL,NULL,'2017-04-20 17:00:52','sadiq',1344724,NULL,'IN-NWIFTL-0000001',1343726,'2017-04-20 17:00:52','sadiq','nexleaf',1,'in-nwiftl-0000001','CT5',1987),(2023,NULL,NULL,'2017-04-20 17:00:53','sadiq',1344724,NULL,'IN-WIC-0000001',1343726,'2017-04-24 14:48:08','sadiq','electrolux',5,'in-wic-0000001','AM5',1987),(2024,NULL,NULL,'2017-04-20 17:00:54','sadiq',1344724,NULL,'IN-NWICTL-0000001',1343726,'2017-04-24 14:48:13','sadiq','nexleaf',1,'in-nwictl-0000001','CT5',1987),(2025,NULL,NULL,'2017-04-20 17:00:55','sadiq',1344724,NULL,'IN-DF-0000001',1343726,'2017-04-21 16:26:57','sadiq','electrolux',3,'in-df-0000001','AM5',1987),(2026,NULL,NULL,'2017-04-20 17:00:55','sadiq',1344724,NULL,'IN-NDFTL-0000001',1343726,'2017-04-20 17:00:55','sadiq','nexleaf',1,'in-ndftl-0000001','CT5',1987);
/*!40000 ALTER TABLE `ASSET` ENABLE KEYS */;
UNLOCK TABLES;

--
-- Table structure for table `ASSETATTRIBUTE`
--

DROP TABLE IF EXISTS `ASSETATTRIBUTE`;
/*!40101 SET @saved_cs_client     = @@character_set_client */;
/*!40101 SET character_set_client = utf8 */;
CREATE TABLE `ASSETATTRIBUTE` (
  `ID` bigint(20) NOT NULL AUTO_INCREMENT,
  `ATT` varchar(255) CHARACTER SET utf8 COLLATE utf8_bin DEFAULT NULL,
  `VAL` varchar(255) CHARACTER SET utf8 COLLATE utf8_bin DEFAULT NULL,
  `ASSET_STATUS_ID` bigint(20) DEFAULT NULL,
  `ATTRIBUTES_INTEGER_IDX` int(11) DEFAULT NULL,
  PRIMARY KEY (`ID`)
) ENGINE=InnoDB AUTO_INCREMENT=4569 DEFAULT CHARSET=utf8;
/*!40101 SET character_set_client = @saved_cs_client */;

--
-- Dumping data for table `ASSETATTRIBUTE`
--

LOCK TABLES `ASSETATTRIBUTE` WRITE;
/*!40000 ALTER TABLE `ASSETATTRIBUTE` DISABLE KEYS */;
INSERT INTO `ASSETATTRIBUTE` VALUES (4285,'max','8.0',6240129423858262031,0),(4286,'min','2.0',6240129423858262031,1),(4289,'max','8.0',582987560958823704,0),(4290,'min','2.0',582987560958823704,1),(4293,'max','8.0',-8094996848969556699,0),(4294,'min','2.0',-8094996848969556699,1),(4313,'max','8.0',-3326918375237108007,0),(4314,'min','2.0',-3326918375237108007,1),(4333,'max','8.0',2066921792091380922,0),(4334,'min','2.0',2066921792091380922,1),(4355,'max','8.0',-4248205453827841147,0),(4356,'min','2.0',-4248205453827841147,1),(4359,'max','8.0',4934266891855885723,0),(4360,'min','2.0',4934266891855885723,1),(4385,'max','50.0',2490187951909165483,0),(4386,'min','-25.0',2490187951909165483,1),(4393,'max','8.0',8264790168600723215,0),(4394,'min','2.0',8264790168600723215,1),(4399,'max','8.0',-3482707543389000215,0),(4400,'min','2.0',-3482707543389000215,1),(4405,'max','50.0',-2592741565761109201,0),(4406,'min','-25.0',-2592741565761109201,1),(4419,'max','8.0',4426804504768505135,0),(4420,'min','2.0',4426804504768505135,1),(4429,'max','50.0',1146475085893263510,0),(4430,'min','-25.0',1146475085893263510,1),(4473,'max','8.0',7830037510720647559,0),(4474,'min','2.0',7830037510720647559,1),(4475,'max','8.0',-812131989969477628,0),(4476,'min','2.0',-812131989969477628,1),(4477,'max','8.0',-3140043668872210473,0),(4478,'min','2.0',-3140043668872210473,1),(4479,'max','8.0',4550804550681121649,0),(4480,'min','2.0',4550804550681121649,1),(4483,'max','8.0',5848016278824434115,0),(4484,'min','2.0',5848016278824434115,1),(4487,'max','8.0',-5396913928736144155,0),(4488,'min','2.0',-5396913928736144155,1),(4489,'max','50.0',-4132985740589624680,0),(4490,'min','-25.0',-4132985740589624680,1),(4491,'max','8.0',-7839711760685914704,0),(4492,'min','2.0',-7839711760685914704,1),(4493,'max','8.0',1629023459666453909,0),(4494,'min','2.0',1629023459666453909,1),(4495,'max','8.0',8067561591969510189,0),(4496,'min','2.0',8067561591969510189,1),(4497,'max','8.0',2406796597899024560,0),(4498,'min','2.0',2406796597899024560,1),(4499,'max','8.0',-7627435841886165146,0),(4500,'min','2.0',-7627435841886165146,1),(4501,'max','8.0',7554253324042258838,0),(4502,'min','2.0',7554253324042258838,1),(4503,'max','8.0',1594026641158797803,0),(4504,'min','2.0',1594026641158797803,1),(4505,'max','8.0',3133518102429706778,0),(4506,'min','2.0',3133518102429706778,1),(4527,'max','8.0',-3385566327762517847,0),(4528,'min','2.0',-3385566327762517847,1),(4537,'max','8.0',-5327659756023721759,0),(4538,'min','2.0',-5327659756023721759,1),(4539,'max','8.0',-1569264761868659742,0),(4540,'min','2.0',-1569264761868659742,1),(4541,'max','8.0',-1179184185881145286,0),(4542,'min','2.0',-1179184185881145286,1),(4543,'max','8.0',-7356360967463146343,0),(4544,'min','2.0',-7356360967463146343,1),(4547,'max','8.0',4716316270716342731,0),(4548,'min','2.0',4716316270716342731,1),(4557,'max','50.0',3346871542737508731,0),(4558,'min','-25.0',3346871542737508731,1),(4559,'max','50.0',-3939221661943382551,0),(4560,'min','-25.0',-3939221661943382551,1),(4561,'max','50.0',6667109230333698725,0),(4562,'min','-25.0',6667109230333698725,1),(4563,'max','50.0',-3479233103834116654,0),(4564,'min','-25.0',-3479233103834116654,1),(4565,'max','50.0',-4677666584183782102,0),(4566,'min','-25.0',-4677666584183782102,1),(4567,'max','50.0',5088645534657504862,0),(4568,'min','-25.0',5088645534657504862,1);
/*!40000 ALTER TABLE `ASSETATTRIBUTE` ENABLE KEYS */;
UNLOCK TABLES;

--
-- Table structure for table `ASSETRELATION`
--

DROP TABLE IF EXISTS `ASSETRELATION`;
/*!40101 SET @saved_cs_client     = @@character_set_client */;
/*!40101 SET character_set_client = utf8 */;
CREATE TABLE `ASSETRELATION` (
  `ID` bigint(20) NOT NULL AUTO_INCREMENT,
  `ASSETID` bigint(20) NOT NULL,
  `RELATEDASSETID` bigint(20) NOT NULL,
  `TYPE` int(11) NOT NULL,
  PRIMARY KEY (`ID`)
) ENGINE=InnoDB AUTO_INCREMENT=589 DEFAULT CHARSET=utf8;
/*!40101 SET character_set_client = @saved_cs_client */;

--
-- Dumping data for table `ASSETRELATION`
--

LOCK TABLES `ASSETRELATION` WRITE;
/*!40000 ALTER TABLE `ASSETRELATION` DISABLE KEYS */;
INSERT INTO `ASSETRELATION` VALUES (577,2003,2004,2),(578,2005,2006,2),(579,2007,2008,2),(580,2009,2010,2),(581,2011,2012,2),(582,2013,2014,2),(583,2015,2016,2),(584,2017,2018,2),(585,2019,2020,2),(586,2021,2022,2),(587,2023,2024,2),(588,2025,2026,2);
/*!40000 ALTER TABLE `ASSETRELATION` ENABLE KEYS */;
UNLOCK TABLES;

--
-- Table structure for table `ASSETSTATUS`
--

DROP TABLE IF EXISTS `ASSETSTATUS`;
/*!40101 SET @saved_cs_client     = @@character_set_client */;
/*!40101 SET character_set_client = utf8 */;
CREATE TABLE `ASSETSTATUS` (
  `ID` bigint(20) NOT NULL,
  `ABNSTATUS` int(11) DEFAULT NULL,
  `ASSETID` bigint(20) DEFAULT NULL,
  `MPID` int(11) DEFAULT NULL,
  `SID` varchar(255) CHARACTER SET utf8 COLLATE utf8_bin DEFAULT NULL,
  `STATUS` int(11) DEFAULT NULL,
  `TMP` float DEFAULT NULL,
  `TS` datetime DEFAULT NULL,
  `TYPE` int(11) DEFAULT NULL,
  PRIMARY KEY (`ID`)
) ENGINE=InnoDB DEFAULT CHARSET=utf8;
/*!40101 SET character_set_client = @saved_cs_client */;

--
-- Dumping data for table `ASSETSTATUS`
--

LOCK TABLES `ASSETSTATUS` WRITE;
/*!40000 ALTER TABLE `ASSETSTATUS` DISABLE KEYS */;
INSERT INTO `ASSETSTATUS` VALUES (-9156231471797236355,0,2005,2,NULL,1,0,'2017-04-20 16:06:31',3),(-9141596008352196396,0,2004,0,'E',1,0,'2017-04-20 21:36:29',3),(-8986654079525228980,0,2012,0,'B',1,0,'2017-04-20 18:17:21',3),(-8792362272865191036,0,2018,0,'E',1,0,'2017-04-20 21:36:46',3),(-8677620537452967813,0,2008,0,'E',1,0,'2017-04-21 17:00:38',3),(-8673772293879262654,0,2024,0,'C',1,0,'2017-04-21 16:57:54',3),(-8670345046331872096,0,2011,2,NULL,1,0,'2017-04-20 18:17:21',3),(-8630099707767367081,0,2022,0,NULL,1,0,'2017-04-21 16:39:42',6),(-8510443431456901751,0,2026,0,'B',1,0,'2017-04-21 16:39:42',3),(-8380644329722452193,0,2015,0,NULL,0,0,'2017-04-20 16:06:42',7),(-8332915309658728068,0,2006,0,'D',1,0,'2017-04-21 16:57:54',3),(-8279446682538230888,0,2013,1,NULL,1,0,'2017-04-20 16:06:39',3),(-8254479680523570848,0,2003,2,NULL,1,0,'2017-04-20 16:06:27',3),(-8208603335646344216,0,2014,0,'A',1,0,'2017-04-21 17:03:06',3),(-8095610890665068273,0,2020,0,'A',1,0,'2017-04-20 22:30:51',3),(-8094996848969556699,1,2007,2,NULL,3,-17,'2017-04-20 17:24:31',1),(-7839711760685914704,0,2023,1,NULL,0,2,'2017-04-21 16:57:54',1),(-7799394394502815290,0,2024,0,NULL,1,0,'2017-04-24 14:48:13',7),(-7627435841886165146,0,2005,1,NULL,0,2,'2017-04-21 16:57:54',1),(-7528837841903789857,0,2026,0,'E',1,0,'2017-04-20 22:30:56',3),(-7493245952525673278,0,2018,0,'A',1,0,'2017-04-20 21:36:45',3),(-7372514883264007254,0,2014,0,'D',1,0,'2017-04-21 17:03:06',3),(-7356360967463146343,2,2015,3,NULL,3,21,'2017-04-21 17:07:30',1),(-6981803476422861044,0,2013,3,NULL,1,0,'2017-04-21 17:03:06',3),(-6867494495637477900,0,2021,2,NULL,1,0,'2017-04-21 16:39:42',3),(-6818790021363403785,0,2022,0,'B',1,0,'2017-04-21 16:39:42',3),(-6817704649531036788,0,2014,0,NULL,0,0,'2017-04-21 17:01:57',6),(-6551183159038753607,0,2015,1,NULL,1,0,'2017-04-20 16:06:42',3),(-6314957331528698926,0,2012,0,NULL,0,0,'2017-04-20 16:06:38',7),(-6299107403088536482,0,2025,4,NULL,1,0,'2017-04-20 17:00:55',3),(-6130147334208079271,0,2006,0,'A',1,0,'2017-04-21 16:57:54',3),(-6054644061257628805,0,2013,5,NULL,1,0,'2017-04-21 17:03:06',3),(-5925655368613071952,0,2007,1,NULL,1,0,'2017-04-20 16:06:33',3),(-5728169371395426239,0,2009,2,NULL,1,0,'2017-04-20 16:06:35',3),(-5565352044850495936,0,2021,4,NULL,1,0,'2017-04-20 17:00:52',3),(-5516429957473901402,0,2020,0,'B',1,0,'2017-04-21 16:36:15',3),(-5396913928736144155,1,2025,2,NULL,3,-1,'2017-04-21 16:43:12',1),(-5327659756023721759,2,2015,5,NULL,3,27,'2017-04-21 17:07:28',1),(-4914125503217645961,0,2022,0,'C',1,0,'2017-04-21 16:39:42',3),(-4809728289470817757,0,2023,1,NULL,1,0,'2017-04-20 17:00:53',3),(-4677666584183782102,2,2015,4,NULL,2,60,'2017-04-21 18:14:04',1),(-4667657629064384308,0,2008,0,NULL,0,0,'2017-04-20 16:06:34',7),(-4648059733415549720,0,2006,0,NULL,5,0,'2017-04-24 19:23:09',7),(-4580560636574486130,0,2016,0,'C',1,0,'2017-04-21 17:01:57',3),(-4416960102471323357,0,2004,0,'C',1,0,'2017-04-20 21:36:29',3),(-4291277791115829127,0,2008,0,NULL,0,0,'2017-04-21 17:00:38',6),(-4250747439052012935,0,2010,0,'E',1,0,'2017-04-20 21:36:36',3),(-4248205453827841147,2,2013,5,NULL,3,11,'2017-04-20 17:40:23',1),(-4150435428276770540,0,2006,0,'E',1,0,'2017-04-21 16:57:54',3),(-4132985740589624680,0,2023,4,NULL,0,-6,'2017-04-21 16:57:54',1),(-3939221661943382551,1,2021,4,NULL,3,-40,'2017-04-21 17:39:42',1),(-3810154113424873760,0,2018,0,'C',1,0,'2017-04-20 21:36:45',3),(-3622145377017754185,0,2026,0,'C',1,0,'2017-04-20 22:30:55',3),(-3597467563858482763,0,2026,0,'D',1,0,'2017-04-21 16:39:42',3),(-3495621978035623827,0,2007,4,NULL,1,0,'2017-04-20 16:06:33',3),(-3482707543389000215,2,2003,2,NULL,3,21,'2017-04-20 18:22:51',1),(-3479233103834116654,1,2007,4,NULL,3,-56,'2017-04-21 18:12:46',1),(-3396732635779371271,0,2012,0,'A',1,0,'2017-04-20 21:36:38',3),(-3385566327762517847,1,2013,1,NULL,3,-15,'2017-04-21 17:06:36',1),(-3333663556361906771,0,2010,0,'A',1,0,'2017-04-20 21:36:36',3),(-3326918375237108007,2,2013,3,NULL,3,20,'2017-04-20 17:26:30',1),(-3296926104806884523,0,2011,4,NULL,1,0,'2017-04-20 16:06:37',3),(-3260640656673277513,0,2013,2,NULL,1,0,'2017-04-20 16:06:39',3),(-3255874679105421742,0,2016,0,'E',1,0,'2017-04-21 17:01:57',3),(-3146418012441614011,0,2008,0,'D',1,0,'2017-04-21 17:00:38',3),(-3140043668872210473,0,2021,3,NULL,0,4,'2017-04-21 16:39:42',1),(-3012829463632499374,0,2007,3,NULL,1,0,'2017-04-20 16:06:33',3),(-2885518322633907069,0,2008,0,'B',1,0,'2017-04-21 17:00:38',3),(-2592741565761109201,2,2009,4,NULL,1,70,'2017-04-20 18:43:43',1),(-2195758966549433695,0,2022,0,'D',1,0,'2017-04-21 16:39:42',3),(-2184292695950151832,0,2024,0,'D',1,0,'2017-04-21 16:57:54',3),(-2062660312043863053,0,2018,0,'B',1,0,'2017-04-20 18:18:16',3),(-1999885252033024608,0,2007,5,NULL,1,0,'2017-04-20 16:06:33',3),(-1871361646418684260,0,2010,0,NULL,0,0,'2017-04-20 18:43:43',6),(-1641269814660662679,0,2018,0,NULL,0,0,'2017-04-20 16:06:45',7),(-1599915685145009480,0,2016,0,NULL,0,0,'2017-04-21 17:01:57',6),(-1569264761868659742,2,2015,2,NULL,3,17,'2017-04-21 17:07:29',1),(-1466304719384222113,0,2020,0,NULL,1,0,'2017-04-21 16:36:15',6),(-1461842824353513245,0,2024,0,'A',1,0,'2017-04-21 16:57:54',3),(-1423931266894107921,0,2020,0,'C',1,0,'2017-04-20 22:30:51',3),(-1204052221477932158,0,2005,3,NULL,1,0,'2017-04-21 16:57:54',3),(-1179184185881145286,2,2015,1,NULL,3,15,'2017-04-21 17:07:28',1),(-1035536970845563101,0,2023,5,NULL,1,0,'2017-04-20 17:00:53',3),(-812131989969477628,0,2021,1,NULL,0,2,'2017-04-21 16:39:42',1),(-785800809404093328,0,2009,4,NULL,1,0,'2017-04-20 16:06:35',3),(-561739375716855429,0,2004,0,NULL,0,0,'2017-04-20 18:17:21',6),(-526330600237517525,0,2004,0,NULL,0,0,'2017-04-20 16:06:28',7),(-453902149492377400,0,2013,0,NULL,0,0,'2017-04-20 16:06:39',7),(-297201235862873586,0,2012,0,NULL,0,0,'2017-04-20 18:17:21',6),(13632080111722438,0,2025,2,NULL,1,0,'2017-04-20 17:00:55',3),(146979097736400371,0,2016,0,NULL,0,0,'2017-04-20 16:06:43',7),(298701051875994640,0,2005,0,NULL,5,0,'2017-04-24 19:21:05',7),(501722247282214524,0,2015,4,NULL,1,0,'2017-04-21 17:01:57',3),(556550401596857136,0,2024,0,NULL,1,0,'2017-04-21 16:57:54',6),(582987560958823704,1,2007,1,NULL,3,-14,'2017-04-20 17:24:31',1),(606157345731252097,0,2005,4,NULL,1,0,'2017-04-20 16:06:31',3),(946738112637396483,0,2006,0,'B',1,0,'2017-04-21 16:57:54',3),(1146475085893263510,1,2005,4,NULL,1,-29,'2017-04-20 18:47:45',1),(1169766233320691082,0,2004,0,'B',1,0,'2017-04-20 18:43:20',3),(1259093997875536741,0,2010,0,'C',1,0,'2017-04-20 21:36:36',3),(1405165860812132783,0,2019,2,NULL,1,0,'2017-04-21 16:36:15',3),(1594026641158797803,0,2005,3,NULL,0,4,'2017-04-21 16:57:54',1),(1629023459666453909,0,2023,3,NULL,0,4,'2017-04-21 16:57:54',1),(1754438893412831551,0,2008,0,'A',1,0,'2017-04-21 17:00:38',3),(1946407045879549495,0,2007,2,NULL,1,0,'2017-04-20 16:06:33',3),(2009252499140972334,0,2010,0,'D',1,0,'2017-04-20 18:43:43',3),(2066921792091380922,1,2007,5,NULL,3,-11,'2017-04-20 17:32:40',1),(2104924139616804799,0,2023,2,NULL,1,0,'2017-04-20 17:00:53',3),(2197912398635771280,0,2012,0,'C',1,0,'2017-04-20 21:36:38',3),(2214669216936694910,0,2014,0,'B',1,0,'2017-04-21 17:03:06',3),(2406796597899024560,0,2023,2,NULL,0,3,'2017-04-21 16:57:54',1),(2490187951909165483,2,2017,4,NULL,1,60,'2017-04-20 18:18:16',1),(2679064781346047001,0,2017,2,NULL,1,0,'2017-04-20 18:18:16',3),(2680517179637264658,0,2019,4,NULL,1,0,'2017-04-20 17:00:50',3),(2786480269457876732,0,2023,0,NULL,1,0,'2017-04-24 14:48:12',7),(2902000495280811019,0,2015,2,NULL,1,0,'2017-04-21 17:01:57',3),(3009459779909047074,0,2016,0,'D',1,0,'2017-04-21 17:01:57',3),(3048387242778258942,0,2022,0,'E',1,0,'2017-04-21 16:39:42',3),(3084018346231468595,0,2026,0,NULL,1,0,'2017-04-21 16:38:01',6),(3133518102429706778,0,2005,5,NULL,0,5,'2017-04-21 16:57:54',1),(3185886334541685913,0,2011,0,NULL,0,0,'2017-04-20 16:12:03',7),(3346871542737508731,2,2019,4,NULL,2,51,'2017-04-21 17:36:15',1),(3576744750117571121,0,2012,0,'D',1,0,'2017-04-20 18:17:21',3),(3711820514019007078,0,2006,0,NULL,0,0,'2017-04-21 16:57:54',6),(3721001199356859011,0,2015,5,NULL,1,0,'2017-04-21 17:01:57',3),(3809049748563767141,0,2021,3,NULL,1,0,'2017-04-20 17:00:52',3),(4234429175690339457,0,2004,0,'D',1,0,'2017-04-20 18:43:20',3),(4398564131713977913,0,2025,0,NULL,0,0,'2017-04-20 18:13:26',7),(4426804504768505135,2,2009,2,NULL,3,14,'2017-04-20 18:49:13',1),(4550804550681121649,0,2021,2,NULL,0,3,'2017-04-21 16:39:42',1),(4716316270716342731,2,2013,2,NULL,3,33,'2017-04-21 17:08:36',1),(4737199325003948717,0,2009,0,NULL,1,0,'2017-04-24 19:20:34',7),(4799759790296813335,0,2021,5,NULL,1,0,'2017-04-20 17:00:52',3),(4934266891855885723,1,2017,2,NULL,3,-2,'2017-04-20 17:41:12',1),(4994422552729264703,0,2010,0,'B',1,0,'2017-04-20 18:43:43',3),(5036078399754487708,0,2026,0,'A',1,0,'2017-04-20 22:30:55',3),(5057480160165667768,0,2020,0,'E',1,0,'2017-04-20 22:30:51',3),(5088645534657504862,1,2013,4,NULL,3,-60,'2017-04-21 18:15:13',1),(5103486138105038752,0,2016,0,'B',1,0,'2017-04-21 17:01:57',3),(5259407109893615479,0,2020,0,'D',1,0,'2017-04-21 16:36:15',3),(5359415765225798218,0,2026,0,NULL,0,0,'2017-04-20 17:00:55',7),(5476421536326049113,0,2024,0,'E',1,0,'2017-04-21 16:57:54',3),(5735881277716997689,0,2010,0,NULL,1,0,'2017-04-24 19:20:45',7),(5746201605964982367,0,2013,4,NULL,1,0,'2017-04-20 16:06:39',3),(5828239090536110770,0,2021,1,NULL,1,0,'2017-04-20 17:00:52',3),(5841861163977954021,0,2003,4,NULL,1,0,'2017-04-20 18:43:20',3),(5848016278824434115,0,2021,5,NULL,0,5,'2017-04-21 16:39:42',1),(5947897993528580444,0,2018,0,'D',1,0,'2017-04-20 18:18:16',3),(6003796927903821299,0,2006,0,'C',1,0,'2017-04-21 16:57:54',3),(6041077684241616472,0,2017,0,NULL,5,0,'2017-04-21 16:34:16',7),(6135979129826725853,0,2016,0,'A',1,0,'2017-04-21 17:01:57',3),(6240129423858262031,1,2007,3,NULL,3,-10,'2017-04-20 17:24:30',1),(6667109230333698725,1,2025,4,NULL,3,-30,'2017-04-21 17:39:42',1),(6678964007689676749,0,2024,0,'B',1,0,'2017-04-21 16:57:54',3),(6794444010407213592,0,2005,1,NULL,1,0,'2017-04-20 16:06:31',3),(7017587568891542142,0,2017,4,NULL,1,0,'2017-04-20 18:18:16',3),(7201436815725736483,0,2014,0,NULL,0,0,'2017-04-20 16:06:40',7),(7332676303796292963,0,2015,3,NULL,1,0,'2017-04-21 17:01:57',3),(7397406771665910472,0,2023,4,NULL,1,0,'2017-04-20 17:00:53',3),(7554253324042258838,0,2005,2,NULL,0,3,'2017-04-21 16:57:54',1),(7726029945032209822,0,2005,5,NULL,1,0,'2017-04-20 16:06:31',3),(7737722694378041333,0,2007,0,NULL,0,0,'2017-04-20 16:06:33',7),(7747493293601076938,0,2008,0,'C',1,0,'2017-04-21 17:00:38',3),(7830037510720647559,2,2019,2,NULL,3,23,'2017-04-21 16:41:45',1),(7969935686845175618,0,2019,0,NULL,0,0,'2017-04-20 17:00:50',7),(8017686005065758440,0,2014,0,'E',1,0,'2017-04-21 17:03:06',3),(8067561591969510189,0,2023,5,NULL,0,5,'2017-04-21 16:57:54',1),(8116199340926516176,0,2022,0,'A',1,0,'2017-04-21 16:39:42',3),(8140523328978209312,0,2022,0,NULL,0,0,'2017-04-20 17:00:52',7),(8184388031218802187,0,2023,3,NULL,1,0,'2017-04-20 17:00:53',3),(8264790168600723215,1,2011,2,NULL,3,1,'2017-04-20 18:20:51',1),(8292534334413546650,0,2004,0,'A',1,0,'2017-04-20 21:36:28',3),(8305593627965871447,0,2020,0,NULL,0,0,'2017-04-20 17:00:51',7),(8390624282354539831,0,2012,0,'E',1,0,'2017-04-20 21:36:38',3),(8713177213413200497,0,2021,0,NULL,0,0,'2017-04-21 16:34:51',7),(8799342611947711884,0,2003,0,NULL,0,0,'2017-04-21 16:31:58',7),(8872986187838391792,0,2014,0,'C',1,0,'2017-04-21 17:03:06',3);
/*!40000 ALTER TABLE `ASSETSTATUS` ENABLE KEYS */;
UNLOCK TABLES;

--
-- Table structure for table `ASSET_DOMAINS`
--

DROP TABLE IF EXISTS `ASSET_DOMAINS`;
/*!40101 SET @saved_cs_client     = @@character_set_client */;
/*!40101 SET character_set_client = utf8 */;
CREATE TABLE `ASSET_DOMAINS` (
  `ID_OID` bigint(20) NOT NULL,
  `DOMAIN_ID` bigint(20) DEFAULT NULL,
  `IDX` int(11) NOT NULL,
  PRIMARY KEY (`ID_OID`,`IDX`),
  KEY `ASSET_DOMAINS_N49` (`ID_OID`)
) ENGINE=InnoDB DEFAULT CHARSET=utf8;
/*!40101 SET character_set_client = @saved_cs_client */;

--
-- Dumping data for table `ASSET_DOMAINS`
--

LOCK TABLES `ASSET_DOMAINS` WRITE;
/*!40000 ALTER TABLE `ASSET_DOMAINS` DISABLE KEYS */;
INSERT INTO `ASSET_DOMAINS` VALUES (2003,1343727,0),(2003,1343726,1),(2004,1343727,0),(2004,1343726,1),(2005,1343727,0),(2005,1343726,1),(2006,1343727,0),(2006,1343726,1),(2007,1343727,0),(2007,1343726,1),(2008,1343727,0),(2008,1343726,1),(2009,1343727,0),(2009,1343726,1),(2010,1343727,0),(2010,1343726,1),(2011,1343727,0),(2011,1343726,1),(2012,1343727,0),(2012,1343726,1),(2013,1343727,0),(2013,1343726,1),(2014,1343727,0),(2014,1343726,1),(2015,1343727,0),(2015,1343726,1),(2016,1343727,0),(2016,1343726,1),(2017,1343727,0),(2017,1343726,1),(2018,1343727,0),(2018,1343726,1),(2019,1343726,0),(2020,1343726,0),(2021,1343726,0),(2022,1343726,0),(2023,1343726,0),(2024,1343726,0),(2025,1343726,0),(2026,1343726,0);
/*!40000 ALTER TABLE `ASSET_DOMAINS` ENABLE KEYS */;
UNLOCK TABLES;

--
-- Table structure for table `ASSET_MAINTAINERS`
--

DROP TABLE IF EXISTS `ASSET_MAINTAINERS`;
/*!40101 SET @saved_cs_client     = @@character_set_client */;
/*!40101 SET character_set_client = utf8 */;
CREATE TABLE `ASSET_MAINTAINERS` (
  `ID` bigint(20) NOT NULL,
  `USERID` varchar(255) CHARACTER SET utf8 COLLATE utf8_bin DEFAULT NULL,
  `IDX` int(11) NOT NULL,
  PRIMARY KEY (`ID`,`IDX`),
  KEY `ASSET_MAINTAINERS_N49` (`ID`),
  KEY `ASSET_MAINTAINERS_N50` (`USERID`)
) ENGINE=InnoDB DEFAULT CHARSET=utf8;
/*!40101 SET character_set_client = @saved_cs_client */;

--
-- Dumping data for table `ASSET_MAINTAINERS`
--

LOCK TABLES `ASSET_MAINTAINERS` WRITE;
/*!40000 ALTER TABLE `ASSET_MAINTAINERS` DISABLE KEYS */;
/*!40000 ALTER TABLE `ASSET_MAINTAINERS` ENABLE KEYS */;
UNLOCK TABLES;

--
-- Table structure for table `ASSET_OWNERS`
--

DROP TABLE IF EXISTS `ASSET_OWNERS`;
/*!40101 SET @saved_cs_client     = @@character_set_client */;
/*!40101 SET character_set_client = utf8 */;
CREATE TABLE `ASSET_OWNERS` (
  `ID` bigint(20) NOT NULL,
  `USERID` varchar(255) CHARACTER SET utf8 COLLATE utf8_bin DEFAULT NULL,
  `IDX` int(11) NOT NULL,
  PRIMARY KEY (`ID`,`IDX`),
  KEY `ASSET_OWNERS_N50` (`ID`),
  KEY `ASSET_OWNERS_N49` (`USERID`)
) ENGINE=InnoDB DEFAULT CHARSET=utf8;
/*!40101 SET character_set_client = @saved_cs_client */;

--
-- Dumping data for table `ASSET_OWNERS`
--

LOCK TABLES `ASSET_OWNERS` WRITE;
/*!40000 ALTER TABLE `ASSET_OWNERS` DISABLE KEYS */;
/*!40000 ALTER TABLE `ASSET_OWNERS` ENABLE KEYS */;
UNLOCK TABLES;

--
-- Table structure for table `BBOARD`
--

DROP TABLE IF EXISTS `BBOARD`;
/*!40101 SET @saved_cs_client     = @@character_set_client */;
/*!40101 SET character_set_client = utf8 */;
CREATE TABLE `BBOARD` (
  `KY` bigint(20) NOT NULL AUTO_INCREMENT,
  `CTY` varchar(255) CHARACTER SET utf8 COLLATE utf8_bin DEFAULT NULL,
  `DST` varchar(255) CHARACTER SET utf8 COLLATE utf8_bin DEFAULT NULL,
  `EID` int(11) DEFAULT NULL,
  `EKY` bigint(20) DEFAULT NULL,
  `KID` bigint(20) DEFAULT NULL,
  `MS` varchar(2048) DEFAULT NULL,
  `MURL` varchar(255) CHARACTER SET utf8 COLLATE utf8_bin DEFAULT NULL,
  `SDID` bigint(20) DEFAULT NULL,
  `ST` varchar(255) CHARACTER SET utf8 COLLATE utf8_bin DEFAULT NULL,
  `T` datetime DEFAULT NULL,
  `TY` varchar(255) CHARACTER SET utf8 COLLATE utf8_bin DEFAULT NULL,
  `UID` varchar(255) CHARACTER SET utf8 COLLATE utf8_bin DEFAULT NULL,
  PRIMARY KEY (`KY`)
) ENGINE=InnoDB DEFAULT CHARSET=utf8;
/*!40101 SET character_set_client = @saved_cs_client */;

--
-- Dumping data for table `BBOARD`
--

LOCK TABLES `BBOARD` WRITE;
/*!40000 ALTER TABLE `BBOARD` DISABLE KEYS */;
/*!40000 ALTER TABLE `BBOARD` ENABLE KEYS */;
UNLOCK TABLES;

--
-- Table structure for table `BBOARD_DOMAINS`
--

DROP TABLE IF EXISTS `BBOARD_DOMAINS`;
/*!40101 SET @saved_cs_client     = @@character_set_client */;
/*!40101 SET character_set_client = utf8 */;
CREATE TABLE `BBOARD_DOMAINS` (
  `KY_OID` bigint(20) NOT NULL,
  `DOMAIN_ID` bigint(20) DEFAULT NULL,
  `IDX` int(11) NOT NULL,
  PRIMARY KEY (`KY_OID`,`IDX`),
  KEY `BBOARD_DOMAINS_N49` (`KY_OID`)
) ENGINE=InnoDB DEFAULT CHARSET=utf8;
/*!40101 SET character_set_client = @saved_cs_client */;

--
-- Dumping data for table `BBOARD_DOMAINS`
--

LOCK TABLES `BBOARD_DOMAINS` WRITE;
/*!40000 ALTER TABLE `BBOARD_DOMAINS` DISABLE KEYS */;
/*!40000 ALTER TABLE `BBOARD_DOMAINS` ENABLE KEYS */;
UNLOCK TABLES;

--
-- Table structure for table `BBOARD_TGS`
--

DROP TABLE IF EXISTS `BBOARD_TGS`;
/*!40101 SET @saved_cs_client     = @@character_set_client */;
/*!40101 SET character_set_client = utf8 */;
CREATE TABLE `BBOARD_TGS` (
  `KY_OID` bigint(20) NOT NULL,
  `TAG` varchar(255) CHARACTER SET utf8 COLLATE utf8_bin DEFAULT NULL,
  `IDX` int(11) NOT NULL,
  PRIMARY KEY (`KY_OID`,`IDX`),
  KEY `BBOARD_TGS_N49` (`KY_OID`)
) ENGINE=InnoDB DEFAULT CHARSET=utf8;
/*!40101 SET character_set_client = @saved_cs_client */;

--
-- Dumping data for table `BBOARD_TGS`
--

LOCK TABLES `BBOARD_TGS` WRITE;
/*!40000 ALTER TABLE `BBOARD_TGS` DISABLE KEYS */;
/*!40000 ALTER TABLE `BBOARD_TGS` ENABLE KEYS */;
UNLOCK TABLES;

--
-- Table structure for table `CONFIG`
--

DROP TABLE IF EXISTS `CONFIG`;
/*!40101 SET @saved_cs_client     = @@character_set_client */;
/*!40101 SET character_set_client = utf8 */;
CREATE TABLE `CONFIG` (
  `KEY` varchar(255) CHARACTER SET utf8 COLLATE utf8_bin NOT NULL,
  `CONF` longblob,
  `DID` bigint(20) DEFAULT NULL,
  `LASTUPD` datetime DEFAULT NULL,
  `PREVCONF` longblob,
  `UID` varchar(255) CHARACTER SET utf8 COLLATE utf8_bin DEFAULT NULL,
  PRIMARY KEY (`KEY`)
) ENGINE=InnoDB DEFAULT CHARSET=utf8;
/*!40101 SET character_set_client = @saved_cs_client */;

--
-- Dumping data for table `CONFIG`
--

LOCK TABLES `CONFIG` WRITE;
/*!40000 ALTER TABLE `CONFIG` DISABLE KEYS */;
INSERT INTO `CONFIG` VALUES ('config.1343724','{\"customreports\":{},\"dop\":false,\"updateData\":\"{\\\"General\\\":[\\\"charan\\\",\\\"1492673962158\\\"]}\",\"payments\":{\"paymentsenabled\":false},\"atexp\":30,\"sndcsts\":true,\"tspm\":false,\"empords\":false,\"onlynewui\":false,\"mrkordfl\":false,\"arte\":false,\"ogi\":true,\"tspsms\":false,\"accntng\":{\"enfcnf\":false,\"enfshp\":false,\"enbacc\":false},\"uipref\":false,\"ogn\":\"0\",\"bboard\":{\"enble\":0,\"phvr\":false,\"mxitms\":100,\"ddur\":30,\"shnv\":false,\"sint\":2000,\"rdur\":3600},\"temperature\":{\"enable\":0},\"gstr\":\"o\",\"state\":\"\",\"dashboard\":{\"ordpanelcfg\":{\"showordpanel\":true},\"actpanelcfg\":{\"showactpanel\":true},\"rvnpanelcfg\":{\"showrvnpanel\":false},\"invpanelcfg\":{\"showinvpanel\":true}},\"tmz\":\"\",\"supbyrole\":{\"ROLE_ko\":{\"supportuserrole\":\"ROLE_ko\"},\"ROLE_do\":{\"supportuserrole\":\"ROLE_do\"},\"ROLE_sm\":{\"supportuserrole\":\"ROLE_sm\"}},\"eto\":\"{}\",\"crr\":\"\",\"lng\":\"en\",\"cnt\":\"IN\",\"syncbymob\":{\"applguplint\":24,\"mstrfint\":24,\"smstrwdur\":0},\"sndvnds\":true,\"invntry\":{\"manualtransconfig\":{\"enblmanualuplaodinvdataandtrans\":false,\"enbluploadperentityonly\":false},\"cimt\":false,\"cdmt\":false,\"batchmgmt\":{\"issuePolocyNoBatchdata\":1},\"mmfreq\":\"daily\",\"mmtype\":0,\"enabled\":false,\"cr\":\"-1\",\"mmdur\":\"daily\",\"dispcr\":false,\"showinventorydashboard\":false,\"showpr\":false,\"ctmt\":false,\"crmt\":false,\"csmt\":false},\"rtby\":\"orders\",\"optmz\":{\"compute\":\"-1\",\"crfreq\":\"daily\",\"dooq\":false,\"min-historical-period\":10,\"num-periods\":3,\"edis\":true,\"ddf\":false,\"min-avg-order-periodicity\":10,\"max-historical-period\":365,\"ltac\":{\"minno\":3,\"maxnop\":6,\"exopt\":false,\"maxno\":30},\"inventory-model\":\"sq\",\"lead-time-default\":3},\"enshponmob\":false,\"tnm\":\"0\",\"llr\":true,\"district\":\"\",\"orders\":{\"asc\":false,\"pfrm\":false,\"md\":false,\"eqrm\":false,\"corm\":false,\"msoc\":false,\"orrm\":false,\"psrm\":false,\"enabled\":false,\"tr\":false}}',1343724,'2017-04-20 13:09:22',NULL,'charan'),('config.1343726','{\"customreports\":{},\"dop\":true,\"updateData\":\"{\\\"General\\\":[\\\"charan\\\",\\\"1492679126983\\\"],\\\"Tags\\\":[\\\"charan\\\",\\\"1492679959590\\\"],\\\"Inventory\\\":[\\\"charan\\\",\\\"1492680152373\\\"],\\\"Temperature\\\":[\\\"sadiq\\\",\\\"1492681679703\\\"],\\\"Orders\\\":[\\\"charan\\\",\\\"1492680907446\\\"]}\",\"payments\":{\"paymentsenabled\":false},\"atexp\":30,\"sndcsts\":true,\"ftgs\":\"true\",\"tspm\":false,\"empords\":false,\"onlynewui\":false,\"uftgs\":\"true\",\"mrkordfl\":false,\"arte\":false,\"ogi\":true,\"tspsms\":false,\"accntng\":{\"enfcnf\":false,\"enfshp\":false,\"enbacc\":false},\"uipref\":false,\"ogn\":\"0\",\"bboard\":{\"enble\":0,\"phvr\":false,\"mxitms\":100,\"ddur\":30,\"shnv\":false,\"sint\":2000,\"rdur\":3600},\"temperature\":{\"defSns\":\"1.CT5.B\",\"models\":\"1.nexleaf.CT5\",\"enable\":2,\"defMps\":\"2.2,3.2,5.2,6.2\",\"vendors\":\"nexleaf,2.trueenergy,2.yarco,2.dometic,2.mic,2.vestfrost,2.krispcold,2.electrolux,2.premier,2.chandra,2.lec,2.bluestar,2.frick,2.rockwell,2.bpsolar,2.haier,2.dulas,2.celfrost,2.indian,2.hurrey,3.mic,3.vestfrost,3.krispcold,3.electrolux,3.premier,3.chandra,3.lec,3.bluestar,3.frick,3.rockwell,3.bpsolar,3.haier,3.dulas,3.indian,3.hurrey,5.yarco,5.mic,5.vestfrost,5.krispcold,5.electrolux,5.premier,5.chandra,5.lec,5.bluestar,5.frick,5.rockwell,5.foster,5.freezeking,5.bpsolar,5.haier,5.dulas,5.indian,5.hurrey,6.yarco,6.mic,6.vestfrost,6.krispcold,6.electrolux,6.premier,6.euromon,6.chandra,6.lec,6.bluestar,6.frick,6.rockwell,6.foster,6.freezeking,6.bpsolar,6.haier,6.dulas,6.indian,6.hurrey\",\"config\":\"{\\\"comm\\\":{\\\"chnl\\\":1,\\\"tmpUrl\\\":\\\"http://localhost:9191/temp\\\",\\\"alrmUrl\\\":\\\"http://localhost:9191/v2/alarms\\\",\\\"smsGyPh\\\":\\\"+91999999\\\",\\\"tmpNotify\\\":true,\\\"incExcNotify\\\":true,\\\"statsNotify\\\":false,\\\"devAlrmsNotify\\\":true,\\\"tmpAlrmsNotify\\\":false,\\\"samplingInt\\\":10,\\\"pushInt\\\":60,\\\"usrPhones\\\":[]},\\\"highAlarm\\\":{\\\"temp\\\":8.0,\\\"dur\\\":5},\\\"lowAlarm\\\":{\\\"temp\\\":2.0,\\\"dur\\\":3},\\\"highWarn\\\":{\\\"temp\\\":8.0,\\\"dur\\\":5},\\\"lowWarn\\\":{\\\"temp\\\":2.0,\\\"dur\\\":3},\\\"locale\\\":{\\\"tz\\\":5.5,\\\"tznm\\\":\\\"Asia/Kolkata\\\",\\\"cn\\\":\\\"IN\\\",\\\"ln\\\":\\\"en\\\"},\\\"filter\\\":{\\\"excursionFilterDuration\\\":0,\\\"deviceAlarmFilterDuration\\\":0,\\\"noDataFilterDuration\\\":0},\\\"notf\\\":{\\\"dur\\\":360,\\\"num\\\":28},\\\"poa\\\":{},\\\"lba\\\":{},\\\"sensors\\\":[{\\\"sId\\\":\\\"D\\\",\\\"highAlarm\\\":{\\\"temp\\\":50.0,\\\"dur\\\":360},\\\"lowAlarm\\\":{\\\"temp\\\":-25.0,\\\"dur\\\":60},\\\"highWarn\\\":{\\\"temp\\\":50.0,\\\"dur\\\":60},\\\"lowWarn\\\":{\\\"temp\\\":-25.0,\\\"dur\\\":30}}]}\"},\"gstr\":\"o\",\"state\":\"\",\"dashboard\":{\"ordpanelcfg\":{\"showordpanel\":true},\"actpanelcfg\":{\"showactpanel\":true},\"dbcfg\":{\"aper\":\"\",\"dmtg\":\"\",\"dtt\":\"\",\"dimtg\":\"\",\"detg\":\"\",\"dutg\":\"\",\"exet\":\"\",\"exts\":\"\",\"atdd\":false,\"edm\":false},\"rvnpanelcfg\":{\"showrvnpanel\":false},\"invpanelcfg\":{\"showinvpanel\":true}},\"tmz\":\"Asia/Kolkata\",\"tgs\":\"CAMPAIGN,OPEN Vials,RI Vaccines,Syringes\",\"supbyrole\":{\"ROLE_ko\":{\"supportuserrole\":\"ROLE_ko\"},\"ROLE_do\":{\"supportuserrole\":\"ROLE_do\"},\"ROLE_sm\":{\"supportuserrole\":\"ROLE_sm\"}},\"eto\":\"{}\",\"crr\":\"INR\",\"rttgs\":\"\",\"lng\":\"en\",\"otgs\":\"\",\"oftgs\":\"true\",\"dbd\":\"{\\\"spb\\\":\\\"false\\\",\\\"sst\\\":\\\"false\\\"}\",\"ktgs\":\"CCP,DiVS,DVS,GMSD,RVS,SVS\",\"cnt\":\"IN\",\"syncbymob\":{\"applguplint\":24,\"mstrfint\":24,\"smstrwdur\":0},\"sndvnds\":true,\"invntry\":{\"catd\":{\"p\":{\"ty\":\"0\"},\"r\":{\"ty\":\"0\"},\"t\":{\"ty\":\"0\"},\"w\":{\"ty\":\"0\"},\"i\":{\"ty\":\"2\"}},\"manualtransconfig\":{\"enblmanualuplaodinvdataandtrans\":false,\"enbluploadperentityonly\":false},\"trsns\":{\"w\":\"Expired,Frozen,VVM Unusable,Broken\"},\"cimt\":false,\"cdmt\":false,\"batchmgmt\":{\"issuePolocyNoBatchdata\":1},\"mmfreq\":\"daily\",\"suid\":\"charan\",\"mmtype\":0,\"enabled\":false,\"cr\":\"-1\",\"times\":\"00:00\",\"mmdur\":\"daily\",\"dispcr\":false,\"showinventorydashboard\":false,\"showpr\":false,\"ctmt\":false,\"crmt\":false,\"csmt\":false,\"mtst\":{\"p\":{\"etsm\":\"VVM Usable\",\"sm\":false},\"r\":{\"etsm\":\"VVM Usable\",\"sm\":false},\"t\":{\"etsm\":\"VVM Usable\",\"sm\":false},\"w\":{\"sm\":false},\"i\":{\"etsm\":\"VVM Usable\",\"sm\":false}},\"prms\":{\"invcstsvisible\":false}},\"rtby\":\"orders\",\"optmz\":{\"compute\":\"-1\",\"crfreq\":\"daily\",\"dooq\":false,\"min-historical-period\":10,\"num-periods\":3,\"edis\":true,\"ddf\":false,\"min-avg-order-periodicity\":10,\"max-historical-period\":365,\"ltac\":{\"minno\":3,\"maxnop\":6,\"exopt\":false,\"maxno\":30},\"inventory-model\":\"sq\",\"lead-time-default\":3},\"enshponmob\":false,\"tnm\":\"0\",\"llr\":true,\"kftgs\":\"true\",\"district\":\"\",\"orders\":{\"asc\":false,\"times\":\"00:00\",\"pfrm\":false,\"md\":false,\"eqrm\":false,\"corm\":false,\"msoc\":false,\"orrm\":false,\"psrm\":false,\"suid\":\"charan\",\"enabled\":false,\"tr\":false},\"utgs\":\"CCH,DiVSM,DVSM,PHA (GMSD),RVSM,SVSM\"}',1343726,'2017-04-20 15:17:59','{\"customreports\":{},\"dop\":true,\"updateData\":\"{\\\"General\\\":[\\\"charan\\\",\\\"1492679126983\\\"],\\\"Tags\\\":[\\\"charan\\\",\\\"1492679959590\\\"],\\\"Inventory\\\":[\\\"charan\\\",\\\"1492680152373\\\"],\\\"Temperature\\\":[\\\"charan\\\",\\\"1492680428072\\\"],\\\"Orders\\\":[\\\"charan\\\",\\\"1492680907446\\\"]}\",\"payments\":{\"paymentsenabled\":false},\"atexp\":30,\"sndcsts\":true,\"ftgs\":\"true\",\"tspm\":false,\"empords\":false,\"onlynewui\":false,\"uftgs\":\"true\",\"mrkordfl\":false,\"arte\":false,\"ogi\":true,\"tspsms\":false,\"accntng\":{\"enfcnf\":false,\"enfshp\":false,\"enbacc\":false},\"uipref\":false,\"ogn\":\"0\",\"bboard\":{\"enble\":0,\"phvr\":false,\"mxitms\":100,\"ddur\":30,\"shnv\":false,\"sint\":2000,\"rdur\":3600},\"temperature\":{\"defSns\":\"1.CT5.B\",\"models\":\"1.nexleaf.CT5\",\"enable\":2,\"defMps\":\"2.2,3.2,5.2,6.2\",\"vendors\":\"nexleaf,2.trueenergy,2.yarco,2.dometic,2.mic,2.vestfrost,2.krispcold,2.electrolux,2.premier,2.chandra,2.lec,2.bluestar,2.frick,2.rockwell,2.bpsolar,2.haier,2.dulas,2.celfrost,2.indian,2.hurrey,3.mic,3.vestfrost,3.krispcold,3.electrolux,3.premier,3.chandra,3.lec,3.bluestar,3.frick,3.rockwell,3.bpsolar,3.haier,3.dulas,3.indian,3.hurrey,5.yarco,5.mic,5.vestfrost,5.krispcold,5.electrolux,5.premier,5.chandra,5.lec,5.bluestar,5.frick,5.rockwell,5.foster,5.freezeking,5.bpsolar,5.haier,5.dulas,5.indian,5.hurrey,6.yarco,6.mic,6.vestfrost,6.krispcold,6.electrolux,6.premier,6.euromon,6.chandra,6.lec,6.bluestar,6.frick,6.rockwell,6.foster,6.freezeking,6.bpsolar,6.haier,6.dulas,6.indian,6.hurrey\",\"config\":\"{\\\"comm\\\":{\\\"chnl\\\":1,\\\"tmpUrl\\\":\\\"http://localhost:9191/temp\\\",\\\"alrmUrl\\\":\\\"http://localhost:9191/v2/alarms\\\",\\\"smsGyPh\\\":\\\"+91999999\\\",\\\"tmpNotify\\\":true,\\\"incExcNotify\\\":true,\\\"statsNotify\\\":false,\\\"devAlrmsNotify\\\":true,\\\"tmpAlrmsNotify\\\":false,\\\"samplingInt\\\":10,\\\"pushInt\\\":60,\\\"usrPhones\\\":[]},\\\"highAlarm\\\":{\\\"temp\\\":8.0,\\\"dur\\\":360},\\\"lowAlarm\\\":{\\\"temp\\\":2.0,\\\"dur\\\":60},\\\"highWarn\\\":{\\\"temp\\\":8.0,\\\"dur\\\":60},\\\"lowWarn\\\":{\\\"temp\\\":2.0,\\\"dur\\\":30},\\\"locale\\\":{\\\"tz\\\":5.5,\\\"tznm\\\":\\\"Asia/Kolkata\\\",\\\"cn\\\":\\\"IN\\\",\\\"ln\\\":\\\"en\\\"},\\\"filter\\\":{\\\"excursionFilterDuration\\\":0,\\\"deviceAlarmFilterDuration\\\":0,\\\"noDataFilterDuration\\\":0},\\\"notf\\\":{\\\"dur\\\":360,\\\"num\\\":28},\\\"poa\\\":{},\\\"lba\\\":{},\\\"sensors\\\":[{\\\"sId\\\":\\\"D\\\",\\\"highAlarm\\\":{\\\"temp\\\":50.0},\\\"lowAlarm\\\":{\\\"temp\\\":-25.0},\\\"highWarn\\\":{\\\"temp\\\":50.0},\\\"lowWarn\\\":{\\\"temp\\\":-25.0}}]}\"},\"gstr\":\"o\",\"state\":\"\",\"dashboard\":{\"ordpanelcfg\":{\"showordpanel\":true},\"actpanelcfg\":{\"showactpanel\":true},\"dbcfg\":{\"aper\":\"\",\"dmtg\":\"\",\"dtt\":\"\",\"dimtg\":\"\",\"detg\":\"\",\"dutg\":\"\",\"exet\":\"\",\"exts\":\"\",\"atdd\":false,\"edm\":false},\"rvnpanelcfg\":{\"showrvnpanel\":false},\"invpanelcfg\":{\"showinvpanel\":true}},\"tmz\":\"Asia/Kolkata\",\"tgs\":\"CAMPAIGN,OPEN Vials,RI Vaccines,Syringes\",\"supbyrole\":{\"ROLE_ko\":{\"supportuserrole\":\"ROLE_ko\"},\"ROLE_do\":{\"supportuserrole\":\"ROLE_do\"},\"ROLE_sm\":{\"supportuserrole\":\"ROLE_sm\"}},\"eto\":\"{}\",\"crr\":\"INR\",\"rttgs\":\"\",\"lng\":\"en\",\"otgs\":\"\",\"oftgs\":\"true\",\"dbd\":\"{\\\"spb\\\":\\\"false\\\",\\\"sst\\\":\\\"false\\\"}\",\"ktgs\":\"CCP,DiVS,DVS,GMSD,RVS,SVS\",\"cnt\":\"IN\",\"syncbymob\":{\"applguplint\":24,\"mstrfint\":24,\"smstrwdur\":0},\"sndvnds\":true,\"invntry\":{\"catd\":{\"p\":{\"ty\":\"0\"},\"r\":{\"ty\":\"0\"},\"t\":{\"ty\":\"0\"},\"w\":{\"ty\":\"0\"},\"i\":{\"ty\":\"2\"}},\"manualtransconfig\":{\"enblmanualuplaodinvdataandtrans\":false,\"enbluploadperentityonly\":false},\"trsns\":{\"w\":\"Expired,Frozen,VVM Unusable,Broken\"},\"cimt\":false,\"cdmt\":false,\"batchmgmt\":{\"issuePolocyNoBatchdata\":1},\"mmfreq\":\"daily\",\"suid\":\"charan\",\"mmtype\":0,\"enabled\":false,\"cr\":\"-1\",\"times\":\"00:00\",\"mmdur\":\"daily\",\"dispcr\":false,\"showinventorydashboard\":false,\"showpr\":false,\"ctmt\":false,\"crmt\":false,\"csmt\":false,\"mtst\":{\"p\":{\"etsm\":\"VVM Usable\",\"sm\":false},\"r\":{\"etsm\":\"VVM Usable\",\"sm\":false},\"t\":{\"etsm\":\"VVM Usable\",\"sm\":false},\"w\":{\"sm\":false},\"i\":{\"etsm\":\"VVM Usable\",\"sm\":false}},\"prms\":{\"invcstsvisible\":false}},\"rtby\":\"orders\",\"optmz\":{\"compute\":\"-1\",\"crfreq\":\"daily\",\"dooq\":false,\"min-historical-period\":10,\"num-periods\":3,\"edis\":true,\"ddf\":false,\"min-avg-order-periodicity\":10,\"max-historical-period\":365,\"ltac\":{\"minno\":3,\"maxnop\":6,\"exopt\":false,\"maxno\":30},\"inventory-model\":\"sq\",\"lead-time-default\":3},\"enshponmob\":false,\"tnm\":\"0\",\"llr\":true,\"kftgs\":\"true\",\"district\":\"\",\"orders\":{\"asc\":false,\"times\":\"00:00\",\"pfrm\":false,\"md\":false,\"eqrm\":false,\"corm\":false,\"msoc\":false,\"orrm\":false,\"psrm\":false,\"suid\":\"charan\",\"enabled\":false,\"tr\":false},\"utgs\":\"CCH,DiVSM,DVSM,PHA (GMSD),RVSM,SVSM\"}','charan'),('config.1343727','{\"customreports\":{},\"dop\":true,\"updateData\":\"{\\\"General\\\":[\\\"charan\\\",\\\"1492679126983\\\"],\\\"Tags\\\":[\\\"charan\\\",\\\"1492679959590\\\"],\\\"Inventory\\\":[\\\"charan\\\",\\\"1492680152373\\\"],\\\"Temperature\\\":[\\\"sadiq\\\",\\\"1492681679703\\\"],\\\"Orders\\\":[\\\"charan\\\",\\\"1492680907446\\\"]}\",\"payments\":{\"paymentsenabled\":false},\"atexp\":30,\"sndcsts\":true,\"ftgs\":\"true\",\"tspm\":false,\"empords\":false,\"onlynewui\":false,\"uftgs\":\"true\",\"mrkordfl\":false,\"arte\":false,\"ogi\":true,\"tspsms\":false,\"accntng\":{\"enfcnf\":false,\"enfshp\":false,\"enbacc\":false},\"uipref\":false,\"ogn\":\"0\",\"bboard\":{\"enble\":0,\"phvr\":false,\"mxitms\":100,\"ddur\":30,\"shnv\":false,\"sint\":2000,\"rdur\":3600},\"temperature\":{\"defSns\":\"1.CT5.B\",\"models\":\"1.nexleaf.CT5\",\"enable\":2,\"defMps\":\"2.2,3.2,5.2,6.2\",\"vendors\":\"nexleaf,2.trueenergy,2.yarco,2.dometic,2.mic,2.vestfrost,2.krispcold,2.electrolux,2.premier,2.chandra,2.lec,2.bluestar,2.frick,2.rockwell,2.bpsolar,2.haier,2.dulas,2.celfrost,2.indian,2.hurrey,3.mic,3.vestfrost,3.krispcold,3.electrolux,3.premier,3.chandra,3.lec,3.bluestar,3.frick,3.rockwell,3.bpsolar,3.haier,3.dulas,3.indian,3.hurrey,5.yarco,5.mic,5.vestfrost,5.krispcold,5.electrolux,5.premier,5.chandra,5.lec,5.bluestar,5.frick,5.rockwell,5.foster,5.freezeking,5.bpsolar,5.haier,5.dulas,5.indian,5.hurrey,6.yarco,6.mic,6.vestfrost,6.krispcold,6.electrolux,6.premier,6.euromon,6.chandra,6.lec,6.bluestar,6.frick,6.rockwell,6.foster,6.freezeking,6.bpsolar,6.haier,6.dulas,6.indian,6.hurrey\",\"config\":\"{\\\"comm\\\":{\\\"chnl\\\":1,\\\"tmpUrl\\\":\\\"http://localhost:9191/temp\\\",\\\"alrmUrl\\\":\\\"http://localhost:9191/v2/alarms\\\",\\\"smsGyPh\\\":\\\"+91999999\\\",\\\"tmpNotify\\\":true,\\\"incExcNotify\\\":true,\\\"statsNotify\\\":false,\\\"devAlrmsNotify\\\":true,\\\"tmpAlrmsNotify\\\":false,\\\"samplingInt\\\":10,\\\"pushInt\\\":60,\\\"usrPhones\\\":[]},\\\"highAlarm\\\":{\\\"temp\\\":8.0,\\\"dur\\\":5},\\\"lowAlarm\\\":{\\\"temp\\\":2.0,\\\"dur\\\":3},\\\"highWarn\\\":{\\\"temp\\\":8.0,\\\"dur\\\":5},\\\"lowWarn\\\":{\\\"temp\\\":2.0,\\\"dur\\\":3},\\\"locale\\\":{\\\"tz\\\":5.5,\\\"tznm\\\":\\\"Asia/Kolkata\\\",\\\"cn\\\":\\\"IN\\\",\\\"ln\\\":\\\"en\\\"},\\\"filter\\\":{\\\"excursionFilterDuration\\\":0,\\\"deviceAlarmFilterDuration\\\":0,\\\"noDataFilterDuration\\\":0},\\\"notf\\\":{\\\"dur\\\":360,\\\"num\\\":28},\\\"poa\\\":{},\\\"lba\\\":{},\\\"sensors\\\":[{\\\"sId\\\":\\\"D\\\",\\\"highAlarm\\\":{\\\"temp\\\":50.0,\\\"dur\\\":360},\\\"lowAlarm\\\":{\\\"temp\\\":-25.0,\\\"dur\\\":60},\\\"highWarn\\\":{\\\"temp\\\":50.0,\\\"dur\\\":60},\\\"lowWarn\\\":{\\\"temp\\\":-25.0,\\\"dur\\\":30}}]}\"},\"gstr\":\"o\",\"state\":\"\",\"dashboard\":{\"ordpanelcfg\":{\"showordpanel\":true},\"actpanelcfg\":{\"showactpanel\":true},\"dbcfg\":{\"aper\":\"\",\"dmtg\":\"\",\"dtt\":\"\",\"dimtg\":\"\",\"detg\":\"\",\"dutg\":\"\",\"exet\":\"\",\"exts\":\"\",\"atdd\":false,\"edm\":false},\"rvnpanelcfg\":{\"showrvnpanel\":false},\"invpanelcfg\":{\"showinvpanel\":true}},\"tmz\":\"Asia/Kolkata\",\"tgs\":\"CAMPAIGN,OPEN Vials,RI Vaccines,Syringes\",\"supbyrole\":{\"ROLE_ko\":{\"supportuserrole\":\"ROLE_ko\"},\"ROLE_do\":{\"supportuserrole\":\"ROLE_do\"},\"ROLE_sm\":{\"supportuserrole\":\"ROLE_sm\"}},\"eto\":\"{}\",\"crr\":\"INR\",\"rttgs\":\"\",\"lng\":\"en\",\"otgs\":\"\",\"oftgs\":\"true\",\"dbd\":\"{\\\"spb\\\":\\\"false\\\",\\\"sst\\\":\\\"false\\\"}\",\"ktgs\":\"CCP,DiVS,DVS,GMSD,RVS,SVS\",\"cnt\":\"IN\",\"syncbymob\":{\"applguplint\":24,\"mstrfint\":24,\"smstrwdur\":0},\"sndvnds\":true,\"invntry\":{\"catd\":{\"p\":{\"ty\":\"0\"},\"r\":{\"ty\":\"0\"},\"t\":{\"ty\":\"0\"},\"w\":{\"ty\":\"0\"},\"i\":{\"ty\":\"2\"}},\"manualtransconfig\":{\"enblmanualuplaodinvdataandtrans\":false,\"enbluploadperentityonly\":false},\"trsns\":{\"w\":\"Expired,Frozen,VVM Unusable,Broken\"},\"cimt\":false,\"cdmt\":false,\"batchmgmt\":{\"issuePolocyNoBatchdata\":1},\"mmfreq\":\"daily\",\"suid\":\"charan\",\"mmtype\":0,\"enabled\":false,\"cr\":\"-1\",\"times\":\"00:00\",\"mmdur\":\"daily\",\"dispcr\":false,\"showinventorydashboard\":false,\"showpr\":false,\"ctmt\":false,\"crmt\":false,\"csmt\":false,\"mtst\":{\"p\":{\"etsm\":\"VVM Usable\",\"sm\":false},\"r\":{\"etsm\":\"VVM Usable\",\"sm\":false},\"t\":{\"etsm\":\"VVM Usable\",\"sm\":false},\"w\":{\"sm\":false},\"i\":{\"etsm\":\"VVM Usable\",\"sm\":false}},\"prms\":{\"invcstsvisible\":false}},\"rtby\":\"orders\",\"optmz\":{\"compute\":\"-1\",\"crfreq\":\"daily\",\"dooq\":false,\"min-historical-period\":10,\"num-periods\":3,\"edis\":true,\"ddf\":false,\"min-avg-order-periodicity\":10,\"max-historical-period\":365,\"ltac\":{\"minno\":3,\"maxnop\":6,\"exopt\":false,\"maxno\":30},\"inventory-model\":\"sq\",\"lead-time-default\":3},\"enshponmob\":false,\"tnm\":\"0\",\"llr\":true,\"kftgs\":\"true\",\"district\":\"\",\"orders\":{\"asc\":false,\"times\":\"00:00\",\"pfrm\":false,\"md\":false,\"eqrm\":false,\"corm\":false,\"msoc\":false,\"orrm\":false,\"psrm\":false,\"suid\":\"charan\",\"enabled\":false,\"tr\":false},\"utgs\":\"CCH,DiVSM,DVSM,PHA (GMSD),RVSM,SVSM\"}',1343727,'2017-04-20 15:18:11','{\"customreports\":{},\"dop\":false,\"updateData\":\"{\\\"General\\\":[\\\"charan\\\",\\\"1492680462129\\\"],\\\"Tags\\\":[\\\"charan\\\",\\\"1492679959590\\\"],\\\"Inventory\\\":[\\\"charan\\\",\\\"1492680152373\\\"],\\\"Temperature\\\":[\\\"charan\\\",\\\"1492680428072\\\"]}\",\"payments\":{\"paymentsenabled\":false},\"atexp\":30,\"sndcsts\":true,\"ftgs\":\"true\",\"tspm\":false,\"empords\":false,\"onlynewui\":false,\"uftgs\":\"true\",\"mrkordfl\":false,\"arte\":false,\"ogi\":true,\"tspsms\":false,\"accntng\":{\"enfcnf\":false,\"enfshp\":false,\"enbacc\":false},\"uipref\":false,\"ogn\":\"0\",\"bboard\":{\"enble\":0,\"phvr\":false,\"mxitms\":100,\"ddur\":30,\"shnv\":false,\"sint\":2000,\"rdur\":3600},\"temperature\":{\"defSns\":\"1.CT5.B\",\"models\":\"1.nexleaf.CT5\",\"enable\":2,\"defMps\":\"2.2,3.2,5.2,6.2\",\"vendors\":\"nexleaf,2.trueenergy,2.yarco,2.dometic,2.mic,2.vestfrost,2.krispcold,2.electrolux,2.premier,2.chandra,2.lec,2.bluestar,2.frick,2.rockwell,2.bpsolar,2.haier,2.dulas,2.celfrost,2.indian,2.hurrey,3.mic,3.vestfrost,3.krispcold,3.electrolux,3.premier,3.chandra,3.lec,3.bluestar,3.frick,3.rockwell,3.bpsolar,3.haier,3.dulas,3.indian,3.hurrey,5.yarco,5.mic,5.vestfrost,5.krispcold,5.electrolux,5.premier,5.chandra,5.lec,5.bluestar,5.frick,5.rockwell,5.foster,5.freezeking,5.bpsolar,5.haier,5.dulas,5.indian,5.hurrey,6.yarco,6.mic,6.vestfrost,6.krispcold,6.electrolux,6.premier,6.euromon,6.chandra,6.lec,6.bluestar,6.frick,6.rockwell,6.foster,6.freezeking,6.bpsolar,6.haier,6.dulas,6.indian,6.hurrey\",\"config\":\"{\\\"comm\\\":{\\\"chnl\\\":1,\\\"tmpUrl\\\":\\\"http://localhost:9191/temp\\\",\\\"alrmUrl\\\":\\\"http://localhost:9191/v2/alarms\\\",\\\"smsGyPh\\\":\\\"+91999999\\\",\\\"tmpNotify\\\":true,\\\"incExcNotify\\\":true,\\\"statsNotify\\\":false,\\\"devAlrmsNotify\\\":true,\\\"tmpAlrmsNotify\\\":false,\\\"samplingInt\\\":10,\\\"pushInt\\\":60,\\\"usrPhones\\\":[]},\\\"highAlarm\\\":{\\\"temp\\\":8.0,\\\"dur\\\":360},\\\"lowAlarm\\\":{\\\"temp\\\":2.0,\\\"dur\\\":60},\\\"highWarn\\\":{\\\"temp\\\":8.0,\\\"dur\\\":60},\\\"lowWarn\\\":{\\\"temp\\\":2.0,\\\"dur\\\":30},\\\"locale\\\":{\\\"tz\\\":5.5,\\\"tznm\\\":\\\"Asia/Kolkata\\\",\\\"cn\\\":\\\"IN\\\",\\\"ln\\\":\\\"en\\\"},\\\"filter\\\":{\\\"excursionFilterDuration\\\":0,\\\"deviceAlarmFilterDuration\\\":0,\\\"noDataFilterDuration\\\":0},\\\"notf\\\":{\\\"dur\\\":360,\\\"num\\\":28},\\\"poa\\\":{},\\\"lba\\\":{},\\\"sensors\\\":[{\\\"sId\\\":\\\"D\\\",\\\"highAlarm\\\":{\\\"temp\\\":50.0},\\\"lowAlarm\\\":{\\\"temp\\\":-25.0},\\\"highWarn\\\":{\\\"temp\\\":50.0},\\\"lowWarn\\\":{\\\"temp\\\":-25.0}}]}\"},\"gstr\":\"o\",\"state\":\"Uttar Pradesh\",\"dashboard\":{\"ordpanelcfg\":{\"showordpanel\":true},\"actpanelcfg\":{\"showactpanel\":true},\"dbcfg\":{\"aper\":\"\",\"dmtg\":\"\",\"dtt\":\"\",\"dimtg\":\"\",\"detg\":\"\",\"dutg\":\"\",\"exet\":\"\",\"exts\":\"\",\"atdd\":false,\"edm\":false},\"rvnpanelcfg\":{\"showrvnpanel\":false},\"invpanelcfg\":{\"showinvpanel\":true}},\"tmz\":\"Asia/Kolkata\",\"tgs\":\"CAMPAIGN,OPEN Vials,RI Vaccines,Syringes\",\"supbyrole\":{\"ROLE_ko\":{\"supportuserrole\":\"ROLE_ko\"},\"ROLE_do\":{\"supportuserrole\":\"ROLE_do\"},\"ROLE_sm\":{\"supportuserrole\":\"ROLE_sm\"}},\"eto\":\"{}\",\"crr\":\"INR\",\"rttgs\":\"\",\"lng\":\"en\",\"otgs\":\"\",\"oftgs\":\"true\",\"ktgs\":\"CCP,DiVS,DVS,GMSD,RVS,SVS\",\"cnt\":\"IN\",\"syncbymob\":{\"applguplint\":24,\"mstrfint\":24,\"smstrwdur\":0},\"sndvnds\":true,\"invntry\":{\"catd\":{\"p\":{\"ty\":\"0\"},\"r\":{\"ty\":\"0\"},\"t\":{\"ty\":\"0\"},\"w\":{\"ty\":\"0\"},\"i\":{\"ty\":\"2\"}},\"manualtransconfig\":{\"enblmanualuplaodinvdataandtrans\":false,\"enbluploadperentityonly\":false},\"trsns\":{\"w\":\"Expired,Frozen,VVM Unusable,Broken\"},\"cimt\":false,\"cdmt\":false,\"batchmgmt\":{\"issuePolocyNoBatchdata\":1},\"mmfreq\":\"daily\",\"suid\":\"charan\",\"mmtype\":0,\"enabled\":false,\"cr\":\"-1\",\"times\":\"00:00\",\"mmdur\":\"daily\",\"dispcr\":false,\"showinventorydashboard\":false,\"showpr\":false,\"ctmt\":false,\"crmt\":false,\"csmt\":false,\"mtst\":{\"p\":{\"etsm\":\"VVM Usable\",\"sm\":false},\"r\":{\"etsm\":\"VVM Usable\",\"sm\":false},\"t\":{\"etsm\":\"VVM Usable\",\"sm\":false},\"w\":{\"sm\":false},\"i\":{\"etsm\":\"VVM Usable\",\"sm\":false}},\"prms\":{\"invcstsvisible\":false}},\"rtby\":\"orders\",\"optmz\":{\"compute\":\"-1\",\"crfreq\":\"daily\",\"dooq\":false,\"min-historical-period\":10,\"num-periods\":3,\"edis\":true,\"ddf\":false,\"min-avg-order-periodicity\":10,\"max-historical-period\":365,\"ltac\":{\"minno\":3,\"maxnop\":6,\"exopt\":false,\"maxno\":30},\"inventory-model\":\"sq\",\"lead-time-default\":3},\"enshponmob\":false,\"tnm\":\"0\",\"llr\":true,\"kftgs\":\"true\",\"district\":\"\",\"orders\":{\"asc\":false,\"pfrm\":false,\"md\":false,\"eqrm\":false,\"corm\":false,\"msoc\":false,\"orrm\":false,\"psrm\":false,\"enabled\":false,\"tr\":false},\"utgs\":\"CCH,DiVSM,DVSM,PHA (GMSD),RVSM,SVSM\"}','charan'),('countries','{\"IN\":\"India\",\"US\":\"USA\",\"UK\":\"United Kingdom\",\"JP\":\"Japan\",\"CG\":\"DR Congo\",\"TZ\":\"Tanzania\",\"VN\":\"Vietnam\",\"NP\":\"Nepal\",\"LR\":\"Liberia\",\"SL\":\"Sierra Leone\",\"AF\":\"Afghanistan\",\"BD\":\"Bangladesh\",\"KH\":\"Cambodia\",\"MM\":\"Myanmar\",\"IT\":\"Italy\",\"ID\":\"Indonesia\",\"LA\":\"Laos\",\"ET\":\"Ethiopia\",\"BF\":\"Burkina Faso\",\"GT\":\"Guatemala\",\"PK\":\"Pakistan\",\"BT\":\"Bhutan\",\"BR\":\"Brazil\",\"EG\":\"Egypt\",\"KE\":\"Kenya\",\"KZ\":\"Kazakhstan\",\"SO\":\"Somalia\",\"MV\":\"Maldives\",\"TJ\":\"Tajikistan\",\"TN\":\"Tunisia\",\"SN\":\"Senegal\",\"KG\":\"Kyrgyzstan\",\"SS\":\"South Sudan\"}',NULL,'2017-04-20 12:31:33',NULL,NULL),('currencies','{\"INR\":\"Indian Rupees\",\"CDF\":\"Congo/Kinshasa Francs\",\"HTG\":\"Haitian Gourde\",\"GBP\":\"Great Britain Pounds\",\"JPY\":\"Japan Yen\",\"LRD\":\"Liberia Dollars\",\"TZS\":\"Tanzania Shillings\",\"USD\":\"US Dollars\",\"VND\":\"Vietnamese\",\"NPR\":\"Nepalese Rupee\",\"SLL\":\"Sierra Leone\",\"AFN\":\"Afghani\",\"BDT\":\"Bangladesh\",\"KHR\":\"Cambodia\",\"MMK\":\"Myanmar Kyat\",\"EUR\":\"Euro\",\"IDR\":\"Indonesia\",\"LAK\":\"Laos\",\"ETB\":\"Ethiopia\",\"GTQ\":\"Guatemalan Quetzal\",\"PKR\":\"Pakistani Rupees\",\"BTN\":\"Bhutan\",\"BRL\":\"Brazil\",\"EGP\":\"Egypt\",\"KES\":\"Kenya\",\"KZT\":\"Kazakh\",\"SOS\":\"Somalia\",\"MVR\":\"Maldives\",\"TJS\":\"Tajikistan\",\"TND\":\"Tunisia\",\"XOF\":\"CFA Franc\",\"KGS\":\"Kyrgyzstan\",\"NGN\":\"Nigerian Naira\",\"GHS\":\"Ghanaian Cedi\",\"UGX\":\"Ugandan Shilling\",\"ZMK\":\"Zambian Kwacha\",\"SSP\":\"South Sudanese Pound\",\"PHP\":\"Filipino Peso\"}',NULL,'2017-04-20 12:31:33',NULL,NULL),('dashboardconfig','{\"ig\":\"\",\"mc\":{\"200\":[\"#FFD2D2\",\"#FF7D7D\",\"#FF2828\",\"#DD0000\",\"#AD0000\"],\"201\":[\"#fff5cc\",\"#FFEDA2\",\"#FFDF5E\",\"#F7C500\",\"#B38F00\"],\"202\":[\"#E5F5FF \",\"#66C2FF\",\"#1AA3FF\",\"#007AcC\",\"#0064A8\"],\"n\":[\"#EDF9ED\",\"#8ED98E\",\"#4EC44E\",\"#2F8E2F\",\"#256E25\"],\"a\":[\"#EDF9ED\",\"#8ED98E\",\"#4EC44E\",\"#2F8E2F\",\"#256E25\"],\"i\":[\"#FFD2D2\",\"#FF7D7D\",\"#FF2828\",\"#DD0000\",\"#AD0000\"],\"tn\":[\"#EDF9ED\",\"#8ED98E\",\"#4EC44E\",\"#2F8E2F\",\"#256E25\"],\"th\":[\"#FFD2D2\",\"#FF7D7D\",\"#FF2828\",\"#DD0000\",\"#AD0000\"],\"tl\":[\"#E5F5FF \",\"#66C2FF\",\"#1AA3FF\",\"#007AcC\",\"#0064A8\"],\"tu\":[\"#F0F0F0 \",\"#C8C8C8\",\"#A8A8A8\",\"#888888\",\"#686868\"]},\"mr\":{\"200\":[0,10,25,50,90,100],\"201\":[0,10,25,50,90,100],\"202\":[0,10,25,50,90,100],\"n\":[0,10,25,50,90,100],\"a\":[0,10,25,50,90,100],\"i\":[0,10,25,50,90,100],\"tn\":[0,10,25,50,90,100],\"tl\":[0,10,25,50,90,100],\"th\":[0,10,25,50,90,100],\"tu\":[0,10,25,50,90,100]},\"pie\":{\"ic\":[\"#d9534f\",\"#fad42e\",\"#00c0ef\",\"#1aaf5d\"],\"io\":[\"n\",\"200\",\"201\",\"202\"],\"ec\":[\"#1aaf5d\",\"#d9534f\"],\"eo\":[\"a\",\"i\"],\"tc\":[\"#1aaf5d\",\"#00c0ef\",\"#d9534f\",\"#cccccc\"],\"to\":[\"tn\",\"tl\",\"th\",\"tu\"],\"sc\":[\"#1aaf5d\",\"#d9534f\"],\"so\":[\"n\",\"so\"]},\"tc\":{\"n\":[\"#DDF3DD\",\"#A1E0A1\",\"#48C248\",\"#39A939\",\"#2F8C2F\"],\"ntxt\":[\"#363636 \",\"#363636\",\"#363636\",\"#363636\",\"#E5e5e5\"],\"oos\":[\"#FFD2D2\",\"#FF7D7D\",\"#FF2828\",\"#DD0000\",\"#AD0000\"],\"oostxt\":[\"#363636 \",\"#363636\",\"#E5e5e5\",\"#E5e5e5\",\"#E5e5e5\"],\"us\":[\"#fff5cc\",\"#FFEDA2\",\"#FFDF5E\",\"#F7C500\",\"#B38F00\"],\"ustxt\":[\"#363636 \",\"#363636\",\"#363636\",\"#363636\",\"#E5e5e5\"],\"os\":[\"#E5F5FF \",\"#66C2FF\",\"#1AA3FF\",\"#007AcC\",\"#0064A8\"],\"ostxt\":[\"#363636 \",\"#363636\",\"#363636\",\"#E5e5e5\",\"#E5e5e5\"]},\"tr\":{\"n\":[0,10,25,50,90,100],\"oos\":[0,10,25,50,90,100],\"us\":[0,10,25,50,90,100],\"os\":[0,10,25,50,90,100]},\"tpc\":[\"#d9534f\",\"#fad42e\",\"#00c0ef\",\"#1aaf5d\"]}',NULL,'2017-04-20 13:07:11',NULL,'charan'),('generalconfig','{\"supportemail\":\"support@logistimo.com\",\"supportphone\":\"+91999999999\",\"appurls\":{\"j2me_en\":\"www.logistimo.com/logistimo.jad\",\"j2me_hi\":\"www.logistimo.com/hi/logistimo.jad\",\"j2me_fr\":\"www.logistimo.com/fr/logistimo.jad\",\"android\":\"www.logistimo.com/apks/preprod-1.6.5.apk\"}}',NULL,'2017-05-11 17:06:06','{\"supportemail\":\"support@logistimo.com\",\"supportphone\":\"+91999999999\",\"appurls\":{\"j2me_en\":\"www.logistimo.com/logistimo.jad\",\"j2me_hi\":\"www.logistimo.com/hi/logistimo.jad\",\"j2me_fr\":\"www.logistimo.com/fr/logistimo.jad\",\"android\":\"www.logistimo.com/apks/preprod-1.6.5.apk\"}}','charan'),('languages','{\"en\":\"English\",\"fr\":\"Franaise (French)\"}',NULL,'2017-04-20 12:31:33',NULL,NULL),('languages_mobile','{\"en\":\"English\", \"es\" : \"Espaol (Spanish)\", \"hi\":\" (Hindi)\", \"fr\":\"Franaise (French)\", \"ht\" : \"Kreyl Ayisyen (Haitian Creole)\" }',NULL,'2017-04-20 12:31:33',NULL,NULL),('locations','{\"data\":{\"CH\":{\"name\":\"Switzerland\",\"states\":{\"Aargau\":{\"id\":1},\"Ausser-Rhoden\":{\"id\":2},\"Basel-Landschaft\":{\"id\":3},\"Basel-Stadt\":{\"id\":4},\"Bern\":{\"id\":5},\"Fribourg\":{\"id\":6},\"Geneva\":{\"id\":7},\"Glarus\":{\"id\":8},\"Graubnden\":{\"id\":9},\"Inner-Rhoden\":{\"id\":10},\"Jura\":{\"id\":26},\"Luzern\":{\"id\":11},\"Neuchtel\":{\"id\":12},\"Nidwalden\":{\"id\":13},\"Obwalden\":{\"id\":14},\"Sankt Gallen\":{\"id\":15},\"Schaffhausen\":{\"id\":16},\"Schwyz\":{\"id\":17},\"Solothurn\":{\"id\":18},\"Thurgau\":{\"id\":19},\"Ticino\":{\"id\":20},\"Uri\":{\"id\":21},\"Valais\":{\"id\":22},\"Vaud\":{\"id\":23},\"Zug\":{\"id\":24},\"Zurich\":{\"id\":25}}},\"VN\":{\"name\":\"Vietnam\",\"states\":{\"Hanoi\":{\"districts\":{}}}},\"HT\":{\"name\":\"Haiti\",\"states\":{\"Nord-Ouest\":{\"districts\":{}},\"Nord\":{\"districts\":{}},\"Nord-Est\":{\"districts\":{}},\"Artibonite\":{\"districts\":{}},\"Centre\":{\"districts\":{}},\"Ouest\":{\"districts\":{}},\"Nippes\":{\"districts\":{}},\"Sud\":{\"districts\":{}},\"Sud-Est\":{\"districts\":{}},\"Grand Anse\":{\"districts\":{}}}},\"TN\":{\"name\":\"Tunisia\",\"states\":{\"Sousse\":{\"districts\":{}},\"Gabes\":{\"districts\":{}},\"Medenine\":{\"districts\":{}},\"Beja\":{\"districts\":{}},\"Kasserine\":{\"districts\":{}},\"Monastir\":{\"districts\":{}},\"Ariana\":{\"districts\":{}},\"Gafsa\":{\"districts\":{}},\"Bizerte\":{\"districts\":{}},\"Sidi Bou Zid\":{\"districts\":{}},\"Nabeul\":{\"districts\":{}},\"Tozeur\":{\"districts\":{}},\"Sfax\":{\"districts\":{}},\"Jendouba\":{\"districts\":{}},\"Zaghouan\":{\"districts\":{}},\"Kef\":{\"districts\":{}},\"Siliana\":{\"districts\":{}},\"Kebili\":{\"districts\":{}},\"Kairouan\":{\"districts\":{}},\"Tunis\":{\"districts\":{}},\"Ben Arous\":{\"districts\":{}},\"Mahdia\":{\"districts\":{}},\"Tataouine\":{\"districts\":{}},\"Manouba\":{\"districts\":{}}}},\"NP\":{\"name\":\"Nepal\",\"states\":{\"Mahakali\":{\"districts\":{}},\"Bheri\":{\"districts\":{}},\"Mechi\":{\"districts\":{}},\"Narayani\":{\"districts\":{}},\"Lumbini\":{\"districts\":{}},\"Janakpur\":{\"districts\":{}},\"Bagmati\":{\"districts\":{}},\"Rapti\":{\"districts\":{}},\"Sagarmatha\":{\"districts\":{}},\"Dhawalagiri\":{\"districts\":{}},\"Karnali\":{\"districts\":{}},\"Seti\":{\"districts\":{}},\"Koshi\":{\"districts\":{}},\"Gandaki\":{\"districts\":{}}}},\"LR\":{\"name\":\"Liberia\",\"states\":{\"Nimba\":{\"districts\":{}},\"Margibi\":{\"districts\":{}},\"Sinoe\":{\"districts\":{}},\"River Cess\":{\"districts\":{}},\"River Gee\":{\"districts\":{}},\"Grand Cape Mount\":{\"districts\":{}},\"Bong\":{\"districts\":{}},\"Montserrado\":{\"districts\":{}},\"Grand Kru\":{\"districts\":{}},\"Lofa\":{\"districts\":{}},\"Grand Gedeh\":{\"districts\":{}},\"Grand Bassa\":{\"districts\":{}},\"Maryland\":{\"districts\":{}},\"Gbarpolu\":{\"districts\":{}},\"Bomi\":{\"districts\":{}}}},\"SS\":{\"name\":\"South Sudan\",\"states\":{\"Central Equatoria\":{\"districts\":{\"Juba County\":{},\"Lainya County\":{},\"Morobo County\":{},\"Terekeka County\":{},\"Kajo Keji County\":{},\"Yei County\":{}}},\"Lakes\":{\"districts\":{\"Yirol West\":{},\"Yirol East\":{},\"Rumbek East\":{},\"Aweriar\":{},\"Rumbek Central\":{},\"Cueibet\":{},\"Wulu\":{},\"Rumbek North\":{}}},\"Western Bahr el Ghazal\":{\"districts\":{\"Raga County\":{},\"Wau County\":{},\"Jur River County\":{}}},\"Western Equatoria\":{\"districts\":{\"Mundri County\":{},\"Tambora County\":{},\"Mundri West County\":{},\"Ezo County\":{},\"Najero County\":{},\"Nzara County\":{},\"Yambio County\":{},\"Maridi East County\":{},\"Ibba County\":{},\"Mvolo County\":{}}},\"Jonglei\":{\"districts\":{\"Ayod County\":{},\"Pibor County\":{},\"Akobo County\":{},\"Pigi County\":{},\"Fangak County\":{},\"Duk County\":{},\"Twic East County\":{},\"Uror County\":{},\"Nyirol County\":{},\"Pochalla County\":{},\"Bor County\":{}}},\"Warrap\":{\"districts\":{\"Gogrial West County\":{},\"Tonj South County\":{},\"Twic\":{},\"Tonj North County\":{},\"Gogrial East County\":{},\"Tonj East County\":{}}},\"Eastern Equatoria\":{\"districts\":{\"Kapoeta East County\":{},\"Lopa Lafon County\":{},\"Magwi County\":{},\"Kapoeta North County\":{},\"Budi County\":{},\"Ikotos County\":{},\"Kapoeta South County\":{},\"Torit County\":{}}},\"Upper Nile\":{\"districts\":{\"Nasir County\":{},\"Maban County\":{},\"Malakal County\":{},\"Baliet County\":{},\"Maiwut County\":{},\"Fashoda County\":{},\"Panyikang County\":{},\"Ulang County\":{},\"Longechuk County\":{},\"Melut County\":{},\"Manyo County\":{},\"Renk County\":{}}},\"Northern Bahr el Ghazal\":{\"districts\":{\"Aweil West County\":{},\"Aweil North County\":{},\"Aweil South County\":{},\"Aweil Central County\":{},\"Aweil East County\":{}}},\"Unity\":{\"districts\":{\"Rubkona\":{},\"Guit\":{},\"Payinjiar\":{},\"Koch\":{},\"Panrieng\":{},\"Mayom\":{},\"Abiemnon\":{},\"Leer\":{},\"Mayendit\":{}}}}},\"ZM\":{\"name\":\"Zambia\",\"states\":{\"Southern\":{\"districts\":{\"Choma\":{},\"Gwembe\":{},\"Pemba\":{},\"Zimba\":{},\"Chikankata\":{},\"Kalomo\":{},\"Kazungula\":{},\"Livingstone\":{},\"Mazabuka\":{},\"Monze\":{},\"Namwala\":{},\"Siavonga\":{},\"Sinazongwe\":{}}},\"Central\":{\"districts\":{\"Chibombo\":{},\"Luano\":{},\"Chitambo\":{},\"Ngabwe\":{},\"Chisamba\":{},\"Itezhi tezhi\":{},\"Kabwe\":{},\"Kapirimposhi\":{},\"Mkushi\":{},\"Mumbwa\":{},\"Serenje\":{}}},\"Western\":{\"districts\":{\"Kalabo\":{},\"Kaoma\":{},\"Lukulu\":{},\"Mongu\":{},\"Senanga\":{},\"Sesheke\":{},\"Shangombo\":{},\"Mulobezi\":{},\"Luampa\":{},\"Nkeyema\":{},\"Limulunga\":{},\"Nalolo\":{},\"Mwandi\":{},\"Sioma\":{},\"Mitete\":{},\"Sikongo\":{}}},\"Copperbelt\":{\"districts\":{\"Chililabombwe\":{},\"Chingola\":{},\"Kalulushi\":{},\"Kitwe\":{},\"Luanshya\":{},\"Lufwanyama\":{},\"Masaiti\":{},\"Mpongwe\":{},\"Mufulira\":{},\"Ndola\":{}}},\"Eastern\":{\"districts\":{\"Chadiza\":{},\"Sinda\":{},\"Vubwi\":{},\"Chipata\":{},\"Katete\":{},\"Lundazi\":{},\"Mambwe\":{},\"Nyimba\":{},\"Petauke\":{}}},\"Luapula\":{\"districts\":{\"Chienge\":{},\"Chembe\":{},\"Lunga\":{},\"Mwansabombwe\":{},\"Chipili\":{},\"Lubwe\":{},\"Kawambwa\":{},\"Nchelenge\":{},\"Mansa\":{},\"Milenge\":{},\"Mwense\":{},\"Samfya\":{}}},\"North-Western\":{\"districts\":{\"Chavuma\":{},\"Ikelenge\":{},\"Manyinga\":{},\"Kabompo\":{},\"Kasempa\":{},\"Mufumbwe\":{},\"Mwinilunga\":{},\"Solwezi\":{},\"Zambezi\":{}}},\"Northern\":{\"districts\":{\"Chilubi\":{},\"Nsama\":{},\"Kaputa\":{},\"Kasama\":{},\"Luwingu\":{},\"Mbala\":{},\"Mporokoso\":{},\"Mpulungu\":{},\"Mungwi\":{}}},\"Lusaka\":{\"districts\":{\"Chongwe\":{},\"Kafue\":{},\"Chilanga\":{},\"Chirundu\":{},\"Rufunsa\":{},\"Shibuyunji\":{},\"Luangwa\":{},\"Lusaka\":{}}},\"Muchinga\":{\"districts\":{\"Chama\":{},\"Mafinga\":{},\"Shiwangandu\":{},\"Chinsali\":{},\"Isoka\":{},\"Mpika\":{},\"Nakonde\":{}}}}},\"KH\":{\"name\":\"Cambodia\",\"states\":{\"Takeo\":{\"districts\":{}},\"Tonle Sap\":{\"districts\":{}},\"Phnom Penh\":{\"districts\":{}},\"Kandal\":{\"districts\":{}},\"Kep\":{\"districts\":{}},\"Pailin\":{\"districts\":{}}}},\"KG\":{\"name\":\"Kyrgyzstan\",\"states\":{\"Naryn\":{\"districts\":{}},\"Chuy\":{\"districts\":{}},\"Osh\":{\"districts\":{}},\"Talas\":{\"districts\":{}},\"Batken\":{\"districts\":{}},\"Bishkek\":{\"districts\":{}}}},\"KE\":{\"name\":\"Kenya\",\"states\":{\"Nairobi\":{\"districts\":{}}}},\"US\":{\"name\":\"USA\",\"states\":{\"California\":{\"districts\":{}},\"Washington\":{\"districts\":{}},\"Minnesota\":{\"districts\":{}},\"New York\":{\"districts\":{}},\"Massachusetts\":{\"districts\":{}},\"Arizona\":{\"districts\":{}},\"Connecticut\":{\"districts\":{}},\"West Virginia\":{\"districts\":{}}}},\"IN\":{\"name\":\"India\",\"states\":{\"Meghalaya\":{\"districts\":{\"West Jaintia Hills\":{},\"East Jaintia Hills\":{},\"East Khasi Hills\":{},\"West Khasi Hills\":{},\"South West Khasi Hills\":{},\"Ri-Bhoi\":{},\"North Garo Hills\":{},\"East Garo Hills\":{},\"South Garo Hills\":{},\"West Garo Hills\":{},\"South West Garo Hills\":{}}},\"Arunachal Pradesh\":{\"districts\":{\"Anjaw\":{},\"Changlang\":{},\"East Kameng\":{},\"East Siang\":{},\"Lohit\":{},\"Longding\":{},\"Lower Subansiri\":{},\"Papum Pare\":{},\"Tawang\":{},\"Tirap\":{},\"Lower Dibang Valley\":{},\"Upper Siang\":{},\"Upper Subansiri\":{},\"West Kameng\":{},\"West Siang\":{},\"Anini\":{},\"Koloriang\":{},\"Kurung Kumey\":{},\"Upper Dibang Valley\":{}}},\"Manipur\":{\"districts\":{\"Bishnupur\":{},\"Churachandpur\":{},\"Chandel\":{},\"Imphal East\":{},\"Senapati\":{},\"Tamenglong\":{},\"Thoubal\":{},\"Ukhrul\":{},\"Imphal West\":{}}},\"Capital Territory of Delhi\":{\"districts\":{}},\"Andhra Pradesh\":{\"districts\":{\"Rangareddy (R.R)\":{\"taluks\":[\"Rangareddy (R.R)\"]},\"Hyderabad\":{\"taluks\":[\"Hyderabad\"]},\"Guntur\":{\"taluks\":[\"Guntur\"]},\"West Godavari (W.G)\":{\"taluks\":[\"West Godavari (W.G)\"]},\"East Godavari (E.G)\":{\"taluks\":[\"East Godavari (E.G)\"]}}},\"Rajasthan\":{\"districts\":{\"Ajmer\":{},\"Alwar\":{},\"Banswara\":{},\"Baran\":{},\"Barmer\":{},\"Bharatpur\":{},\"Bhilwara\":{},\"Bikaner\":{},\"Bundi\":{},\"Chittorgarh\":{},\"Churu\":{},\"Dausa\":{},\"Dholpur\":{},\"Dungarpur\":{},\"Hanumangarh\":{},\"Jaipur\":{},\"Jaisalmer\":{},\"Jalore\":{},\"Jhalawar\":{},\"Jhunjhunu\":{},\"Jodhpur\":{},\"Karauli\":{},\"Kota\":{},\"Nagaur\":{},\"Pali\":{},\"Pratapgarh\":{},\"Rajsamand\":{},\"Sawai Madhopur\":{},\"Sikar\":{},\"Sirohi\":{},\"Sri Ganganagar\":{},\"Tonk\":{},\"Udaipur\":{}}},\"Bihar\":{\"districts\":{\"Bhojpur\":{},\"Arwal\":{},\"Sitamarhi\":{},\"Samastipur\":{},\"Muzaffarpur\":{},\"Banka\":{},\"Kishanganj\":{},\"Siwan\":{},\"East Champaran\":{},\"Saran\":{},\"Supaul\":{},\"Buxar\":{},\"Sheikhpura\":{},\"Patna\":{},\"Sheohar\":{},\"Gopalganj\":{},\"Gaya\":{},\"Bhagalpur\":{},\"Kaimur\":{},\"Nalanda\":{},\"Madhubani\":{},\"Araria\":{},\"Jamui\":{},\"Purnia\":{},\"Darbhanga\":{},\"Nawada\":{},\"Saharsa\":{},\"Khagaria\":{},\"Vaishali\":{},\"Jehanabad\":{},\"Lakhisarai\":{},\"Aurangabad\":{},\"Rohtas\":{},\"West Champaran\":{},\"Madhepura\":{},\"Katihar\":{},\"Begusarai\":{},\"Munger\":{}}},\"Uttar Pradesh\":{\"districts\":{\"Agra\":{\"taluks\":[\"Etmadpur\",\"Agra\",\"Kiraoli\",\"Kheragarh\",\"Fatehabad\",\"Bah\"]},\"Firozabad\":{},\"Mainpuri\":{},\"Mathura\":{},\"Aligarh\":{},\"Etah\":{},\"Hathras\":{},\"Kasganj\":{},\"Allahabad\":{},\"Fatehpur\":{},\"Kaushambi\":{},\"Pratapgarh\":{},\"Azamgarh\":{},\"Ballia\":{},\"Mau\":{},\"Badaun\":{\"taluks\":[\"Budaun\",\"Bisauli\",\"Bilsi\",\"Dataganj\",\"Khair\",\"Sahaswan\"]},\"Bareilly\":{\"taluks\":[\"Bareilly\",\"Aonla\",\"Faridpur\",\"Mirganj\",\"Nawabganj\",\"Baheri\"]},\"Pilibhit\":{\"taluks\":[\"Pilibhit\",\"Barkhera\",\"Puranpur\",\"Bisalpur\"]},\"Shahjahanpur\":{\"taluks\":[\"Shahjahanpur\",\"Powayan\",\"Tilhar\",\"Jalalabad\",\"Sadar\"]},\"Basti\":{},\"Sant Kabir Nagar\":{},\"Siddharthnagar\":{},\"Banda\":{},\"Chitrakoot\":{},\"Hamirpur\":{},\"Mahoba\":{},\"Bahraich\":{},\"Balarampur\":{},\"Gonda\":{},\"Shravasti\":{},\"Ambedkar Nagar\":{},\"Amethi\":{},\"Barabanki\":{},\"Faizabad\":{},\"Sultanpur\":{},\"Deoria\":{},\"Gorakhpur\":{},\"Kushinagar\":{},\"Maharajganj\":{},\"Jalaun\":{},\"Jhansi\":{},\"Lalitpur\":{},\"Auraiya\":{},\"Etawah\":{},\"Farrukhabad\":{},\"Kannauj\":{},\"Kanpur Dehat\":{},\"Kanpur Nagar\":{},\"Hardoi\":{},\"Lakhimpur Kheri\":{},\"Lucknow\":{},\"Raebareli\":{},\"Sitapur\":{},\"Unnao\":{},\"Baghpat\":{},\"Bulandshahr\":{},\"Gautam Buddha Nagar\":{},\"Ghaziabad\":{},\"Hapur\":{},\"Meerut\":{},\"Mirzapur\":{},\"Sant Ravidas Nagar\":{},\"Sonbhadra\":{},\"Amroha\":{},\"Bijnour\":{},\"Moradabad\":{},\"Rampur\":{},\"Sambhal\":{},\"Muzaffarnagar\":{},\"Shamli\":{},\"Saharanpur\":{},\"Chandauli\":{},\"Ghazipur\":{},\"Jaunpur\":{},\"Varanasi\":{\"taluks\":[\"Varanasi\",\"Pindra\"]}}},\"Jammu and Kashmir\":{\"districts\":{\"Kathua\":{},\"Jammu\":{},\"Samba\":{},\"Udhampur\":{},\"Reasi\":{},\"Rajouri\":{},\"Poonch\":{},\"Doda\":{},\"Ramban\":{},\"Kishtwar\":{},\"Anantnag\":{},\"Kulgam\":{},\"Pulwama\":{},\"Shopian\":{},\"Budgam\":{},\"Srinagar\":{},\"Ganderbal\":{},\"Bandipora\":{},\"Baramulla\":{},\"Kupwara\":{},\"Kargil\":{},\"Leh\":{}}},\"Tamil Nadu\":{\"districts\":{\"Chennai\":{\"taluks\":[\"Chennai\"]},\"Thanjavur\":{\"taluks\":[\"Thanjavur\"]}}},\"West Bengal\":{\"districts\":{\"Jalpaiguri\":{},\"Medinipur\":{}}},\"Maharashtra\":{\"districts\":{\"Pune\":{\"taluks\":[\"Indapur\",\"Junnar\"]},\"Beed\":{},\"Nanded\":{},\"Aurangabad\":{},\"Solapur\":{\"taluks\":[\"Barshi\",\"Mahol\"]},\"Latur\":{},\"Osmanabad\":{}}},\"Odisha\":{\"districts\":{\"Khurda\":{},\"Nayagarh\":{},\"Puri\":{},\"Jagatsinghpur\":{},\"Cuttack\":{},\"Angul\":{},\"Jajpur\":{},\"Kendrapara\":{},\"Dhenkanal\":{},\"Balasore\":{},\"Bhadrak\":{},\"Kendujhar\":{},\"Mayurbhanj\":{},\"Sambalpur\":{},\"Bargarh\":{},\"Deogarh\":{},\"Ganjam\":{},\"Gajapati\":{},\"Boudh\":{},\"Kandhamal\":{},\"Malkangiri\":{},\"Koraput\":{},\"Nabarangpur\":{},\"Rayagada\":{},\"Balangir\":{},\"Kalahandi\":{},\"Nuapada\":{},\"Subarnapur\":{},\"Sundargarh\":{},\"Jharsuguda\":{}}},\"Karnataka\":{\"districts\":{\"Chamarajanagar\":{\"taluks\":[\"Chamarajanagar\",\"Gundlupet\",\"Kollegal\",\"Yelandur\",\"Hanur\"]},\"Ramanagara\":{\"taluks\":[\"Ramanagara\",\"Magadi\",\"Kanakapura\"]},\"Bellary\":{\"taluks\":[\"Bellary\",\"Hospet\",\"Hoovina Hadagalli\",\"Hagaribommanahalli\",\"Kudligi\",\"Sandur\",\"Siruguppa\",\"Kottur\",\"Kampli\",\"Kurugod\"]},\"Koppal\":{\"taluks\":[\"Koppal\",\"Gangavati\",\"Kushtagi\",\"Yelbarga\"]},\"Uttar Kannada\":{\"taluks\":[\"Karwar\",\"Sirsi\",\"Joida\",\"Dandeli\",\"Bhatkal\",\"Kumta\",\"Ankola\",\"Haliyal\",\"Honavar\",\"Mundgod\",\"Siddapur\",\"Yellapur\"]},\"Kodagu\":{\"taluks\":[\"Madikeri\",\"Somvarpet\",\"Virajpet\"]},\"Mysore\":{\"taluks\":[\"Hunsur\",\"Tirumakudalu Narasipura\",\"Mysore\",\"Krishnarajanagar\",\"Nanjangud\",\"Heggadadevanakote\",\"Piriyapatna\"]},\"Bangalore Urban\":{\"taluks\":[\"Anekal\",\"Bengaluru South\",\"Bengaluru North\",\"Bengaluru East\",\"Yelahanka\"]},\"Shimoga\":{\"taluks\":[\"Sagar\",\"Shimoga\",\"Bhadravati\",\"Hosanagara\",\"Shikaripura\",\"Sorab\",\"Tirthahalli\"]},\"Dakshina Kannada\":{\"taluks\":[\"Mangalore\",\"Puttur\",\"Bantwal\",\"Beltangadi\",\"Sulya\",\"Kadaba\",\"Moodbidri\"]},\"Udupi\":{\"taluks\":[\"Udupi\",\"Karkal\",\"Kundapura\"]},\"Chikkaballapur\":{\"taluks\":[\"Chikkaballapur\",\"Bagepalli\",\"Chintamani\",\"Gauribidanur\",\"Gudibanda\",\"Sidlaghatta\"]},\"Raichur\":{\"taluks\":[\"Raichur\",\"Manvi\",\"Sindhnur\",\"Devadurga\",\"Lingsugur\",\"Sirwar\",\"Maski\"]},\"Davanagere\":{\"taluks\":[\"Davanagere\",\"Harihar\",\"Channagiri\",\"Harpanahalli\",\"Honnali\",\"Jagalur\"]},\"Gulbarga\":{\"taluks\":[\"Gulbarga\",\"Afzalpur\",\"Aland\",\"Chincholi\",\"Chitapur\",\"Jevargi\",\"Sedam\"]},\"Hassan\":{\"taluks\":[\"Hassan\",\"Arsikere\",\"Channarayapattana\",\"Holenarsipur\",\"Sakleshpur\",\"Alur\",\"Arkalgud\",\"Belur\"]},\"Chikamagalur\":{\"taluks\":[\"Chikmagalur\",\"Kadur\",\"Koppa\",\"Mudigere\",\"Narasimharajapura\",\"Sringeri\",\"Tarikere\"]},\"Kolar\":{\"taluks\":[\"Chik Ballapur\",\"Chintamani\",\"Kolar\",\"Bangarapet\",\"Gauribidanur\",\"Malur\",\"Mulbagal\",\"Sidlaghatta\",\"Bagepalli\",\"Gudibanda\",\"Srinivaspur\"]},\"Gadag\":{\"taluks\":[\"Gadag Betigeri\",\"Nargund\",\"Mundargi\",\"Ron\",\"Shirahatti\"]},\"Haveri\":{\"taluks\":[\"Haveri\",\"Ranibennur\",\"Byadgi\",\"Hangal\",\"Savanur\",\"Hirekerur\",\"Shiggaon\"]},\"Chitradurga\":{\"taluks\":[\"Chitradurga\",\"Challakere\",\"Hiriyur\",\"Holalkere\",\"Hosdurga\",\"Molakalmuru\"]},\"Bidar\":{\"taluks\":[\"Aurad\",\"Basavakalyan\",\"Bidar\",\"Bhalki\",\"Homnabad\",\"Chitgoppa\",\"Hulsoor\",\"Kamalnagar\"]},\"Mandya\":{\"taluks\":[\"Mandya\",\"Maddur\",\"Malavalli\",\"Shrirangapattana\",\"Krishnarajpet\",\"Nagamangala\",\"Pandavapura\"]},\"Yadgir\":{\"taluks\":[\"Yadgir\",\"Shahpur\",\"Shorapur\"]},\"Bagalkot\":{\"taluks\":[\"Bagalkot\",\"Jamkhandi\",\"Mudhol\",\"Badami\",\"Bilagi\",\"Hungund\",\"Ilkal\",\"Rabkavi Banhatti\",\"Guledgudda\"]},\"Bangalore Rural\":{\"taluks\":[\"Doddaballapura\",\"Devanhalli\",\"Hoskote\",\"Nelmangala\"]},\"Bijapur\":{\"taluks\":[\"Bijapur\",\"Basavan Bagevadi\",\"Indi\",\"Muddebihal\",\"Sindagi\",\"Talikota\",\"Chadchan\",\"Devar Hipparagi\",\"Kolhar\",\"Nidagundi\",\"Babaleshwar\",\"Tikota\"]},\"Dharwad\":{\"taluks\":[\"Kalghatgi\",\"Dharwad\",\"Hubli\",\"Hubli City\",\"Kundgol\",\"Navalgund\"]},\"Belgaum\":{\"taluks\":[\"Belgaum\",\"Athani\",\"Bailahongal\",\"Chikodi\",\"Gokak\",\"Hukkeri\",\"Khanapur\",\"Ramdurg\",\"Raybag\",\"Saundatti\",\"Kittur\",\"Nipani\",\"Mudalgi\",\"Kagawad\"]},\"Tumkur\":{\"taluks\":[\"Tumkur\",\"Chiknayakanhalli\",\"Kunigal\",\"Madhugiri\",\"Sira\",\"Tiptur\",\"Gubbi\",\"Koratagere\",\"Pavagada\",\"Turuvekere\"]}}},\"Jharkhand\":{\"districts\":{\"Bokaro\":{},\"Chatra\":{},\"Deoghar\":{},\"Dhanbad\":{},\"Dumka\":{},\"East Singhbhum\":{},\"Garhwa\":{},\"Giridih\":{},\"Godda\":{},\"Gumla\":{},\"Hazaribagh\":{},\"Jamtara\":{},\"Khunti\":{},\"Koderma\":{},\"Latehar\":{},\"Lohardaga\":{},\"Pakur\":{},\"Palamu\":{},\"Ramgarh\":{},\"Ranchi\":{},\"Sahebganj\":{},\"Seraikela Kharsawan\":{},\"Simdega\":{},\"West Singhbhum\":{}}},\"Kerala\":{\"districts\":{\"Palakkad\":{\"taluks\":[\"Alathur\",\"Chittur\"]},\"Calicut\":{},\"Trivandrum\":{\"taluks\":[\"Nedumangad\",\"Chirayinkeezhu\"]}}},\"Goa\":{\"districts\":{}},\"Andaman and Nicobar Islands\":{\"districts\":{}},\"Assam\":{\"districts\":{\"Barpeta\":{},\"Bongaigaon\":{},\"Cachar\":{},\"Darrang\":{},\"Dhemaji\":{},\"Dhubri\":{},\"Dibrugarh\":{},\"Goalpara\":{},\"Golaghat\":{},\"Hailakandi\":{},\"Jorhat\":{},\"Karbi-Anglong\":{},\"Karimganj\":{},\"Kokrajhar\":{},\"Lakhimpur\":{},\"Morigaon\":{},\"Nagaon\":{},\"Nalbari\":{},\"Dima Hasao\":{},\"Sivasagar\":{},\"Sonitpur\":{},\"Tinsukia\":{},\"Kamrup Rural\":{},\"Kamrup Metropolitan\":{},\"Baksa\":{},\"Udalguri\":{},\"Chirang\":{}}},\"Chandigarh\":{\"districts\":{}},\"Chhattisgarh\":{\"districts\":{\"Balod\":{},\"Baloda bazar\":{},\"Bemetara\":{},\"Dhamtari\":{},\"Durg\":{},\"Gariaband\":{},\"Kawardha\":{},\"Mahasamund\":{},\"Raipur\":{},\"Rajnandgaon\":{},\"Bastar\":{},\"Sukma\":{},\"Kondagaon\":{},\"Dantewada\":{},\"Bijapur\":{},\"Kanker\":{},\"Narayanpur\":{},\"Bilaspur\":{},\"Mungeli\":{},\"Janjgir-Champa\":{},\"Korba\":{},\"Surguja\":{},\"Raigarh\":{},\"Jashpur\":{},\"Koriya\":{},\"Balrampur\":{},\"Surajpur\":{}}},\"Dadra and Nagar Haveli\":{\"districts\":{}},\"Daman and Diu\":{\"districts\":{}},\"Gujarat\":{\"districts\":{\"Ahmedabad\":{},\"Kheda\":{},\"Anand\":{},\"Surendranagar\":{},\"Gandhinagar\":{},\"Mehsana\":{},\"Patan\":{},\"Sabarkantha\":{},\"Aravalli\":{},\"Banaskantha\":{},\"Vadodara\":{},\"Panchmahal\":{},\"Dahod\":{},\"Bharuch\":{},\"Chhotaudepur\":{},\"Mahisagar\":{},\"Narmada\":{},\"Surat\":{},\"Tapi\":{},\"Valsad\":{},\"Navsari\":{},\"Dang\":{},\"Bhavnagar\":{},\"Amreli\":{},\"Junagadh\":{},\"Botad\":{},\"Gir Somnath\":{},\"Porbandar\":{},\"Rajkot\":{},\"Jamnagar\":{},\"Kutch\":{},\"Devbhumi Dwaraka\":{},\"Morbi\":{}}},\"Haryana\":{\"districts\":{\"Ambala\":{},\"Bhiwani\":{},\"Faridabad\":{},\"Fatehabad\":{},\"Gurgaon\":{},\"Hisar\":{},\"Jhajjar\":{},\"Jind\":{},\"Kaithal\":{},\"Karnal\":{},\"Kurukshetra\":{},\"Mahendragarh\":{},\"Nuh\":{},\"Palwal\":{},\"Panchkula\":{},\"Panipat\":{},\"Rewari\":{},\"Rohtak\":{},\"Sirsa\":{},\"Sonipat\":{},\"Yamunanagar\":{}}},\"Himachal Pradesh\":{\"districts\":{\"Bilaspur\":{},\"Chamba\":{},\"Hamirpur\":{},\"Kangra\":{},\"Kinnaur\":{},\"Kullu\":{},\"Lahul & Spiti\":{},\"Mandi\":{},\"Shimla\":{},\"Sirmaur\":{},\"Solan\":{},\"Una\":{}}},\"Lakshadweep\":{\"districts\":{}},\"Madhya Pradesh\":{\"districts\":{\"Agar\":{},\"Alirajpur\":{},\"Anuppur\":{},\"Ashoknagar\":{},\"Balaghat\":{},\"Barwani\":{},\"Betul\":{},\"Bhind\":{},\"Bhopal\":{},\"Burhanpur\":{},\"Chhatarpur\":{},\"Chhindwara\":{},\"Damoh\":{},\"Datia\":{},\"Dewas\":{},\"Dhar\":{},\"Dindori\":{},\"Guna\":{},\"Gwalior\":{},\"Harda\":{},\"Hoshangabad\":{},\"Indore\":{},\"Jabalpur\":{},\"Jhabua\":{},\"Katni\":{},\"Khandwa\":{},\"Khargone\":{},\"Mandla\":{},\"Mandsaur\":{},\"Morena\":{},\"Narsinghpur\":{},\"Neemuch\":{},\"Panna\":{},\"Raisen\":{},\"Rajgarh\":{},\"Ratlam\":{},\"Rewa\":{},\"Sagar\":{},\"Satna\":{},\"Sehore\":{},\"Seoni\":{},\"Shahdol\":{},\"Shajapur\":{},\"Sheopur\":{},\"Shivpuri\":{},\"Sidhi\":{},\"Singrauli\":{},\"Tikamgarh\":{},\"Ujjain\":{},\"Umaria\":{},\"Vidisha\":{}}},\"Mizoram\":{\"districts\":{}},\"Nagaland\":{\"districts\":{\"Dimapur\":{},\"Peren\":{},\"Kohima\":{},\"Mokokchung\":{},\"Longleng\":{},\"Mon\":{},\"Phek\":{},\"Kiphire\":{},\"Zunheboto\":{},\"Wokha\":{},\"Tuensang\":{}}},\"Puducherry\":{\"districts\":{}},\"Sikkim\":{\"districts\":{}},\"Tripura\":{\"districts\":{}},\"Uttarakhand\":{\"districts\":{}},\"Punjab\":{\"districts\":{}},\"Telangana\":{\"districts\":{}}}},\"SL\":{\"name\":\"Sierra Leone\",\"states\":{\"Western Area Rural\":{\"districts\":{}},\"Moyamba\":{\"districts\":{}},\"Bombali\":{\"districts\":{}},\"Kenema\":{\"districts\":{}},\"Bonthe\":{\"districts\":{}},\"Pujehun\":{\"districts\":{}},\"Kono\":{\"districts\":{}},\"Port Loko\":{\"districts\":{}},\"Bo\":{\"districts\":{}},\"Kambia\":{\"districts\":{}},\"Koinadugu\":{\"districts\":{}},\"Western Area Urban\":{\"districts\":{}},\"Tonkolili\":{\"districts\":{}},\"Kailahun\":{\"districts\":{}}}},\"MM\":{\"name\":\"Myanmar\",\"states\":{\"Kachin State\":{\"districts\":{\"Myitkyina\":{\"id\":\"001\",\"sn\":\"MY\"},\"Waingmaw\":{\"id\":\"002\",\"sn\":\"WG\"},\"Injangyang\":{\"id\":\"003\",\"sn\":\"IG\"},\"Tanai\":{\"id\":\"004\",\"sn\":\"TN\"},\"Chipwi\":{\"id\":\"005\",\"sn\":\"CP\"},\"Tsawlaw\":{\"id\":\"006\",\"sn\":\"TL\"},\"Mohnyin\":{\"id\":\"007\",\"sn\":\"MN\"},\"Mogaung\":{\"id\":\"008\",\"sn\":\"MG\"},\"Hpakan\":{\"id\":\"009\",\"sn\":\"HK\"},\"Bhamo\":{\"id\":\"010\",\"sn\":\"BH\"},\"Shwegu\":{\"id\":\"011\",\"sn\":\"SG\"},\"Momauk\":{\"id\":\"012\",\"sn\":\"MM\"},\"Mansi\":{\"id\":\"013\",\"sn\":\"MS\"},\"Puta-O\":{\"id\":\"014\",\"sn\":\"PO\"},\"Sumprabum\":{\"id\":\"015\",\"sn\":\"SP\"},\"Machanbaw\":{\"id\":\"016\",\"sn\":\"MB\"},\"Nawngmun\":{\"id\":\"017\",\"sn\":\"NM\"},\"Khaunglanhpu\":{\"id\":\"018\",\"sn\":\"KL\"}}},\"Kayah State\":{\"districts\":{\"Loikaw\":{\"id\":\"019\",\"sn\":\"LK\"},\"Demoso\":{\"id\":\"020\",\"sn\":\"DM\"},\"Hpruso\":{\"id\":\"021\",\"sn\":\"HR\"},\"Shadaw\":{\"id\":\"022\",\"sn\":\"SD\"},\"Bawlakhe\":{\"id\":\"023\",\"sn\":\"BL\"},\"Hpasawng\":{\"id\":\"024\",\"sn\":\"HS\"},\"Mese\":{\"id\":\"025\",\"sn\":\"ME\"}}},\"Kayin State\":{\"districts\":{\"Hpa-An\":{\"id\":\"026\",\"sn\":\"HA\"},\"Hlaingbwe\":{\"id\":\"027\",\"sn\":\"HB\"},\"Hpapun\":{\"id\":\"028\",\"sn\":\"HP\"},\"Thandaunggyi\":{\"id\":\"029\",\"sn\":\"TN\"},\"Myawaddy\":{\"id\":\"030\",\"sn\":\"MW\"},\"Kawkareik\":{\"id\":\"031\",\"sn\":\"KK\"},\"Kyainseikgyi\":{\"id\":\"032\",\"sn\":\"KS\"}}},\"Chin State\":{\"districts\":{\"Falam\":{\"id\":\"033\",\"sn\":\"FA\"},\"Hakha\":{\"id\":\"034\",\"sn\":\"HK\"},\"Thantlang\":{\"id\":\"035\",\"sn\":\"TL\"},\"Tedim\":{\"id\":\"036\",\"sn\":\"TD\"},\"Tonzang\":{\"id\":\"037\",\"sn\":\"TZ\"},\"Mindat\":{\"id\":\"038\",\"sn\":\"MN\"},\"Matupi\":{\"id\":\"039\",\"sn\":\"MP\"},\"Kanpetlet\":{\"id\":\"040\",\"sn\":\"KP\"},\"Paletwa\":{\"id\":\"041\",\"sn\":\"PT\"}}},\"Sagaing Region\":{\"districts\":{\"Sagaing\":{\"id\":\"042\",\"sn\":\"SG\"},\"Myinmu\":{\"id\":\"043\",\"sn\":\"MM\"},\"Myaung\":{\"id\":\"044\",\"sn\":\"MY\"},\"Shwebo\":{\"id\":\"045\",\"sn\":\"SB\"},\"Khin-U\":{\"id\":\"046\",\"sn\":\"KU\"},\"Wetlet\":{\"id\":\"047\",\"sn\":\"WL\"},\"Kanbalu\":{\"id\":\"048\",\"sn\":\"KB\"},\"Kyunhla\":{\"id\":\"049\",\"sn\":\"KH\"},\"Ye-U\":{\"id\":\"050\",\"sn\":\"YU\"},\"Tabayin\":{\"id\":\"051\",\"sn\":\"TB\"},\"Taze\":{\"id\":\"052\",\"sn\":\"TZ\"},\"Monywa\":{\"id\":\"053\",\"sn\":\"MW\"},\"Budalin\":{\"id\":\"054\",\"sn\":\"BD\"},\"Ayadaw\":{\"id\":\"055\",\"sn\":\"AD\"},\"Chaung-U\":{\"id\":\"056\",\"sn\":\"CU\"},\"Yinmabin\":{\"id\":\"057\",\"sn\":\"YM\"},\"Kani\":{\"id\":\"058\",\"sn\":\"KN\"},\"Salingyi\":{\"id\":\"059\",\"sn\":\"SA\"},\"Pale\":{\"id\":\"060\",\"sn\":\"PL\"},\"Katha\":{\"id\":\"061\",\"sn\":\"KT\"},\"Indaw\":{\"id\":\"062\",\"sn\":\"ID\"},\"Tigyaing\":{\"id\":\"063\",\"sn\":\"TY\"},\"Banmauk\":{\"id\":\"064\",\"sn\":\"BM\"},\"Kawlin\":{\"id\":\"065\",\"sn\":\"KL\"},\"Wuntho\":{\"id\":\"066\",\"sn\":\"WT\"},\"Pinlebu\":{\"id\":\"067\",\"sn\":\"PI\"},\"Kale\":{\"id\":\"068\",\"sn\":\"KA\"},\"Kalewa\":{\"id\":\"069\",\"sn\":\"KW\"},\"Mingin\":{\"id\":\"070\",\"sn\":\"MG\"},\"Tamu\":{\"id\":\"071\",\"sn\":\"TA\"},\"Mawlaik\":{\"id\":\"072\",\"sn\":\"MK\"},\"Paungbyin\":{\"id\":\"073\",\"sn\":\"PG\"},\"Hkamt\":{\"id\":\"074\",\"sn\":\"HK\"},\"Homalin\":{\"id\":\"075\",\"sn\":\"HL\"},\"Lay Shi\":{\"id\":\"076\",\"sn\":\"LS\"},\"Lahe\":{\"id\":\"077\",\"sn\":\"LH\"},\"Nanyun\":{\"id\":\"078\",\"sn\":\"NY\"}}},\"Tanintharyi Region\":{\"districts\":{\"Dawei\":{\"id\":\"079\",\"sn\":\"DW\"},\"Launglon\":{\"id\":\"080\",\"sn\":\"LG\"},\"Thayetchaung\":{\"id\":\"081\",\"sn\":\"TC\"},\"Yebyu\":{\"id\":\"082\",\"sn\":\"YB\"},\"Myeik\":{\"id\":\"083\",\"sn\":\"MY\"},\"Kyunsu\":{\"id\":\"084\",\"sn\":\"KS\"},\"Palaw\":{\"id\":\"085\",\"sn\":\"PL\"},\"Tanintharyi\":{\"id\":\"086\",\"sn\":\"TN\"},\"Kawthoung\":{\"id\":\"087\",\"sn\":\"KT\"},\"Bokpyin\":{\"id\":\"088\",\"sn\":\"BP\"}}},\"East Bago Region\":{\"districts\":{\"Bago\":{\"id\":\"089\",\"sn\":\"BA\"},\"Thanatpin\":{\"id\":\"090\",\"sn\":\"TP\"},\"Kawa\":{\"id\":\"091\",\"sn\":\"KW\"},\"Waw\":{\"id\":\"092\",\"sn\":\"WW\"},\"Nyaunglebin\":{\"id\":\"093\",\"sn\":\"NL\"},\"Kyauktaga\":{\"id\":\"094\",\"sn\":\"KT\"},\"Daik-U\":{\"id\":\"095\",\"sn\":\"DU\"},\"Shwegyin\":{\"id\":\"096\",\"sn\":\"SG\"},\"Taungoo\":{\"id\":\"097\",\"sn\":\"TG\"},\"Yedashe\":{\"id\":\"098\",\"sn\":\"YD\"},\"Kyaukkyi\":{\"id\":\"099\",\"sn\":\"KK\"},\"Phyu\":{\"id\":\"100\",\"sn\":\"PY\"},\"Oktwin\":{\"id\":\"101\",\"sn\":\"OW\"},\"Htantabin\":{\"id\":\"102\",\"sn\":\"HT\"}}},\"West Bago Region\":{\"districts\":{\"Pyay\":{\"id\":\"103\",\"sn\":\"PY\"},\"Paukkhaung\":{\"id\":\"104\",\"sn\":\"PK\"},\"Padaung\":{\"id\":\"105\",\"sn\":\"PD\"},\"Paungde\":{\"id\":\"106\",\"sn\":\"PG\"},\"Thegon\":{\"id\":\"107\",\"sn\":\"TG\"},\"Shwedaung\":{\"id\":\"108\",\"sn\":\"SD\"},\"Thayarwady\":{\"id\":\"109\",\"sn\":\"TW\"},\"Letpadan\":{\"id\":\"110\",\"sn\":\"LP\"},\"Minhla\":{\"id\":\"111\",\"sn\":\"MH\"},\"Okpho\":{\"id\":\"112\",\"sn\":\"OP\"},\"Zigon\":{\"id\":\"113\",\"sn\":\"ZI\"},\"Natal in\":{\"id\":\"114\",\"sn\":\"NI\"},\"Monyo\":{\"id\":\"115\",\"sn\":\"MO\"},\"Gyobingauk\":{\"id\":\"116\",\"sn\":\"GG\"}}},\"Magway Region\":{\"districts\":{\"Magway\":{\"id\":\"117\",\"sn\":\"MW\"},\"Yenangyaung\":{\"id\":\"118\",\"sn\":\"YG\"},\"Chauk\":{\"id\":\"119\",\"sn\":\"CH\"},\"Taungdwingyi\":{\"id\":\"120\",\"sn\":\"TD\"},\"Myothit\":{\"id\":\"121\",\"sn\":\"MT\"},\"Natmauk\":{\"id\":\"122\",\"sn\":\"NM\"},\"Minbu\":{\"id\":\"123\",\"sn\":\"MB\"},\"Pwintbyu\":{\"id\":\"124\",\"sn\":\"PB\"},\"Ngape\":{\"id\":\"125\",\"sn\":\"NP\"},\"Salin\":{\"id\":\"126\",\"sn\":\"SA\"},\"Sidoktaya\":{\"id\":\"127\",\"sn\":\"ST\"},\"Thayet\":{\"id\":\"128\",\"sn\":\"TY\"},\"Minhla\":{\"id\":\"129\",\"sn\":\"MH\"},\"Mindon\":{\"id\":\"130\",\"sn\":\"MD\"},\"Kamma\":{\"id\":\"131\",\"sn\":\"KM\"},\"Aunglan\":{\"id\":\"132\",\"sn\":\"AG\"},\"Sinbaungwe\":{\"id\":\"133\",\"sn\":\"SB\"},\"Pakokku\":{\"id\":\"134\",\"sn\":\"PK\"},\"Yesagyo\":{\"id\":\"135\",\"sn\":\"YE\"},\"Myaing\":{\"id\":\"136\",\"sn\":\"MY\"},\"Pauk\":{\"id\":\"137\",\"sn\":\"PA\"},\"Seikphyu\":{\"id\":\"138\",\"sn\":\"SP\"},\"Gangaw\":{\"id\":\"139\",\"sn\":\"GG\"},\"Tilin\":{\"id\":\"140\",\"sn\":\"TI\"},\"Saw\":{\"id\":\"141\",\"sn\":\"SW\"}}},\"Mandalay Region\":{\"districts\":{\"Aungmyaythazan\":{\"id\":\"142\",\"sn\":\"AT\"},\"Chanayethazan\":{\"id\":\"143\",\"sn\":\"CT\"},\"Mahaaungmyay\":{\"id\":\"144\",\"sn\":\"MY\"},\"Chanmyathazi\":{\"id\":\"145\",\"sn\":\"CM\"},\"Pyigyitagon\":{\"id\":\"146\",\"sn\":\"PY\"},\"Amarapura\":{\"id\":\"147\",\"sn\":\"AP\"},\"Patheingyi\":{\"id\":\"148\",\"sn\":\"PG\"},\"Pyinoolwin\":{\"id\":\"149\",\"sn\":\"PN\"},\"Madaya\":{\"id\":\"150\",\"sn\":\"MD\"},\"Singu\":{\"id\":\"151\",\"sn\":\"SG\"},\"Mogoke\":{\"id\":\"152\",\"sn\":\"MG\"},\"Thabeikkyin\":{\"id\":\"153\",\"sn\":\"TK\"},\"Kyaukse\":{\"id\":\"154\",\"sn\":\"KK\"},\"Sintgaing\":{\"id\":\"155\",\"sn\":\"ST\"},\"Myitha\":{\"id\":\"156\",\"sn\":\"MT\"},\"Tada-U\":{\"id\":\"157\",\"sn\":\"TU\"},\"Myingyan\":{\"id\":\"158\",\"sn\":\"MN\"},\"Taungtha\":{\"id\":\"159\",\"sn\":\"TG\"},\"Natogyi\":{\"id\":\"160\",\"sn\":\"NG\"},\"Kyaukpadaung\":{\"id\":\"161\",\"sn\":\"KD\"},\"Ngazun\":{\"id\":\"162\",\"sn\":\"NZ\"},\"Nyaung-U\":{\"id\":\"163\",\"sn\":\"NU\"},\"Yamethin\":{\"id\":\"164\",\"sn\":\"YT\"},\"Pyawbwe\":{\"id\":\"165\",\"sn\":\"PW\"},\"Meiktla\":{\"id\":\"166\",\"sn\":\"ML\"},\"Mahlaing\":{\"id\":\"167\",\"sn\":\"MH\"},\"Thazi\":{\"id\":\"168\",\"sn\":\"TZ\"},\"Wundwin\":{\"id\":\"169\",\"sn\":\"WD\"}}},\"Mon State\":{\"districts\":{\"Mawlamyine\":{\"id\":\"170\",\"sn\":\"ML\"},\"Kyaikmaraw\":{\"id\":\"171\",\"sn\":\"KK\"},\"Chaungzon\":{\"id\":\"172\",\"sn\":\"CZ\"},\"Thanbyuzayat\":{\"id\":\"173\",\"sn\":\"TZ\"},\"Mudon\":{\"id\":\"174\",\"sn\":\"MU\"},\"Ye\":{\"id\":\"175\",\"sn\":\"YE\"},\"Thaton\":{\"id\":\"176\",\"sn\":\"TT\"},\"Paung\":{\"id\":\"177\",\"sn\":\"PN\"},\"Kyaikto\":{\"id\":\"178\",\"sn\":\"KY\"},\"Bilin\":{\"id\":\"179\",\"sn\":\"BL\"}}},\"Rakhine State\":{\"districts\":{\"Sittwe\":{\"id\":\"180\",\"sn\":\"ST\"},\"Ponnagyun\":{\"id\":\"181\",\"sn\":\"PG\"},\"Mrauk-U\":{\"id\":\"182\",\"sn\":\"MU\"},\"Kyauktaw\":{\"id\":\"183\",\"sn\":\"KT\"},\"Minbya\":{\"id\":\"184\",\"sn\":\"MB\"},\"Myebon\":{\"id\":\"185\",\"sn\":\"MY\"},\"Pauktaw\":{\"id\":\"186\",\"sn\":\"PT\"},\"Rathedaung\":{\"id\":\"187\",\"sn\":\"RD\"},\"Maungdaw\":{\"id\":\"188\",\"sn\":\"MD\"},\"Buthidaung\":{\"id\":\"189\",\"sn\":\"BD\"},\"Kyaukpyu\":{\"id\":\"190\",\"sn\":\"KP\"},\"Munaung\":{\"id\":\"191\",\"sn\":\"MW\"},\"Ramree\":{\"id\":\"192\",\"sn\":\"RR\"},\"Ann\":{\"id\":\"193\",\"sn\":\"AN\"},\"Thandwe\":{\"id\":\"194\",\"sn\":\"TD\"},\"Toungup\":{\"id\":\"195\",\"sn\":\"TG\"},\"Gwa\":{\"id\":\"196\",\"sn\":\"GW\"}}},\"Yangon Region\":{\"districts\":{\"Insein\":{\"id\":\"197\",\"sn\":\"IS\"},\"Mingaladon\":{\"id\":\"198\",\"sn\":\"MG\"},\"Hmawbi\":{\"id\":\"199\",\"sn\":\"HW\"},\"Hlegu\":{\"id\":\"200\",\"sn\":\"HG\"},\"Taikkyi\":{\"id\":\"201\",\"sn\":\"TK\"},\"Htantabin\":{\"id\":\"202\",\"sn\":\"HB\"},\"Shwepyithar\":{\"id\":\"203\",\"sn\":\"SP\"},\"Hlaingtharya\":{\"id\":\"204\",\"sn\":\"HT\"},\"Thingangyun\":{\"id\":\"205\",\"sn\":\"TG\"},\"Yankin\":{\"id\":\"206\",\"sn\":\"YK\"},\"South Okkalapa\":{\"id\":\"207\",\"sn\":\"SO\"},\"North Okkalapa\":{\"id\":\"208\",\"sn\":\"NO\"},\"Thaketa\":{\"id\":\"209\",\"sn\":\"TH\"},\"Dawbon\":{\"id\":\"210\",\"sn\":\"DB\"},\"Tamwe\":{\"id\":\"211\",\"sn\":\"TW\"},\"Pazundaung\":{\"id\":\"212\",\"sn\":\"PD\"},\"Botahtaung\":{\"id\":\"213\",\"sn\":\"BT\"},\"Dagon Myothit (South)\":{\"id\":\"214\",\"sn\":\"DS\"},\"Dagon Myothit (North)\":{\"id\":\"215\",\"sn\":\"DN\"},\"Dagon Myothit (East)\":{\"id\":\"216\",\"sn\":\"DE\"},\"Dagon Myothit (Seikkan)\":{\"id\":\"217\",\"sn\":\"DM\"},\"Mingalartaungnyunt\":{\"id\":\"218\",\"sn\":\"MT\"},\"Thanlyin\":{\"id\":\"219\",\"sn\":\"TL\"},\"Kyauktan\":{\"id\":\"220\",\"sn\":\"KK\"},\"Thongwa\":{\"id\":\"221\",\"sn\":\"TO\"},\"Kayan\":{\"id\":\"222\",\"sn\":\"KN\"},\"Twantay\":{\"id\":\"223\",\"sn\":\"TT\"},\"Kawhmu\":{\"id\":\"224\",\"sn\":\"KW\"},\"Kungyangon\":{\"id\":\"225\",\"sn\":\"KG\"},\"Dala\":{\"id\":\"226\",\"sn\":\"DA\"},\"Seikgyikanaungto\":{\"id\":\"227\",\"sn\":\"SG\"},\"Cocokyun\":{\"id\":\"228\",\"sn\":\"CK\"},\"Kyauktada\":{\"id\":\"229\",\"sn\":\"KD\"},\"Pabedan\":{\"id\":\"230\",\"sn\":\"PB\"},\"Lanmadaw\":{\"id\":\"231\",\"sn\":\"LM\"},\"Latha\":{\"id\":\"232\",\"sn\":\"LH\"},\"Ahlone\":{\"id\":\"233\",\"sn\":\"AL\"},\"Kyeemyindaing\":{\"id\":\"234\",\"sn\":\"KY\"},\"Sanchaung\":{\"id\":\"235\",\"sn\":\"SC\"},\"Hlaing\":{\"id\":\"236\",\"sn\":\"HL\"},\"Kamaryut\":{\"id\":\"237\",\"sn\":\"KR\"},\"Mayangone\":{\"id\":\"238\",\"sn\":\"MA\"},\"Dagon\":{\"id\":\"239\",\"sn\":\"DG\"},\"Bahan\":{\"id\":\"240\",\"sn\":\"BA\"},\"Seikkan\":{\"id\":\"241\",\"sn\":\"SE\"}}},\"South Shan State\":{\"districts\":{\"Taunggyi\":{\"id\":\"242\",\"sn\":\"TG\"},\"Nyaungshwe\":{\"id\":\"243\",\"sn\":\"NG\"},\"Hopong\":{\"id\":\"244\",\"sn\":\"HP\"},\"Hsihseng\":{\"id\":\"245\",\"sn\":\"HS\"},\"Kalaw\":{\"id\":\"246\",\"sn\":\"KL\"},\"Pindaya\":{\"id\":\"247\",\"sn\":\"PD\"},\"Ywangan\":{\"id\":\"248\",\"sn\":\"YG\"},\"Lawksawk\":{\"id\":\"249\",\"sn\":\"LS\"},\"Pinlaung\":{\"id\":\"250\",\"sn\":\"PL\"},\"Pekon\":{\"id\":\"251\",\"sn\":\"PK\"},\"Loilen\":{\"id\":\"252\",\"sn\":\"LL\"},\"Laihka\":{\"id\":\"253\",\"sn\":\"LH\"},\"Nansang\":{\"id\":\"254\",\"sn\":\"NS\"},\"Kunhing\":{\"id\":\"255\",\"sn\":\"KH\"},\"Kyethi\":{\"id\":\"256\",\"sn\":\"KT\"},\"Mongkaung\":{\"id\":\"257\",\"sn\":\"MK\"},\"Monghsu\":{\"id\":\"258\",\"sn\":\"MG\"},\"Langkho\":{\"id\":\"259\",\"sn\":\"LK\"},\"Mongnai\":{\"id\":\"260\",\"sn\":\"MN\"},\"Mawkmai\":{\"id\":\"261\",\"sn\":\"MM\"},\"Mongpan\":{\"id\":\"262\",\"sn\":\"MP\"}}},\"North Shan State\":{\"districts\":{\"Lashio\":{\"id\":\"263\",\"sn\":\"LS\"},\"Hseni\":{\"id\":\"264\",\"sn\":\"HN\"},\"Mongyai\":{\"id\":\"265\",\"sn\":\"MG\"},\"Tangyan\":{\"id\":\"266\",\"sn\":\"TG\"},\"Pangsang\":{\"id\":\"267\",\"sn\":\"PS\"},\"Narphan\":{\"id\":\"268\",\"sn\":\"NP\"},\"Pangwaun\":{\"id\":\"269\",\"sn\":\"PW\"},\"Mongmao\":{\"id\":\"270\",\"sn\":\"MM\"},\"Muse\":{\"id\":\"271\",\"sn\":\"MU\"},\"Namhkan\":{\"id\":\"272\",\"sn\":\"NK\"},\"Kutkai\":{\"id\":\"273\",\"sn\":\"KK\"},\"Kyaukme\":{\"id\":\"274\",\"sn\":\"KU\"},\"Nawnghkio\":{\"id\":\"275\",\"sn\":\"NG\"},\"Hsipaw\":{\"id\":\"276\",\"sn\":\"HP\"},\"Namtu\":{\"id\":\"277\",\"sn\":\"NT\"},\"Namhsan\":{\"id\":\"278\",\"sn\":\"NS\"},\"Mongmit\":{\"id\":\"279\",\"sn\":\"MO\"},\"Mabein\":{\"id\":\"280\",\"sn\":\"MB\"},\"Manton\":{\"id\":\"281\",\"sn\":\"MN\"},\"Kunlong\":{\"id\":\"282\",\"sn\":\"KL\"},\"Hopang\":{\"id\":\"283\",\"sn\":\"HO\"},\"Laukkaing\":{\"id\":\"284\",\"sn\":\"LK\"},\"Konkyan\":{\"id\":\"285\",\"sn\":\"KN\"},\"Matman\":{\"id\":\"286\",\"sn\":\"MT\"}}},\"East Shan State\":{\"districts\":{\"Kengtung\":{\"id\":\"287\",\"sn\":\"KT\"},\"Mongkhet\":{\"id\":\"288\",\"sn\":\"MK\"},\"Mongyang\":{\"id\":\"289\",\"sn\":\"MY\"},\"Mongla\":{\"id\":\"290\",\"sn\":\"MG\"},\"Monghsat\":{\"id\":\"291\",\"sn\":\"MS\"},\"Mongping\":{\"id\":\"292\",\"sn\":\"MP\"},\"Mongton\":{\"id\":\"293\",\"sn\":\"MT\"},\"Tachileik\":{\"id\":\"294\",\"sn\":\"TL\"},\"Monghpyak\":{\"id\":\"295\",\"sn\":\"MO\"},\"Mongyawng\":{\"id\":\"296\",\"sn\":\"MW\"}}},\"Ayeyarwady Region\":{\"districts\":{\"Pathein\":{\"id\":\"297\",\"sn\":\"PT\"},\"Kangyidaunt\":{\"id\":\"298\",\"sn\":\"KD\"},\"Thabaung\":{\"id\":\"299\",\"sn\":\"TB\"},\"Ngapudaw\":{\"id\":\"300\",\"sn\":\"NP\"},\"Kyonpyaw\":{\"id\":\"301\",\"sn\":\"KP\"},\"Yegyi\":{\"id\":\"302\",\"sn\":\"YY\"},\"Kyaunggon\":{\"id\":\"303\",\"sn\":\"KG\"},\"Hinthada\":{\"id\":\"304\",\"sn\":\"HT\"},\"Zalun\":{\"id\":\"305\",\"sn\":\"ZA\"},\"Lemyethna\":{\"id\":\"306\",\"sn\":\"LY\"},\"Myanaung\":{\"id\":\"307\",\"sn\":\"MN\"},\"Kyangin\":{\"id\":\"308\",\"sn\":\"KY\"},\"Ingapu\":{\"id\":\"309\",\"sn\":\"IG\"},\"Myaungmya\":{\"id\":\"310\",\"sn\":\"MG\"},\"Einme\":{\"id\":\"311\",\"sn\":\"EM\"},\"Labuta\":{\"id\":\"312\",\"sn\":\"LB\"},\"Wakema\":{\"id\":\"313\",\"sn\":\"WK\"},\"Mawlamyinegyun\":{\"id\":\"314\",\"sn\":\"MY\"},\"Maubin\":{\"id\":\"315\",\"sn\":\"MB\"},\"Pantanaw\":{\"id\":\"316\",\"sn\":\"PN\"},\"Nyaungdon\":{\"id\":\"317\",\"sn\":\"ND\"},\"Danubyu\":{\"id\":\"318\",\"sn\":\"DB\"},\"Pyapon\":{\"id\":\"319\",\"sn\":\"PP\"},\"Bogale\":{\"id\":\"320\",\"sn\":\"BG\"},\"Kyaiklat\":{\"id\":\"321\",\"sn\":\"KK\"},\"Dedaye\":{\"id\":\"322\",\"sn\":\"DD\"}}},\"Nay Pyi Taw\":{\"districts\":{\"Pyinmana\":{\"id\":\"323\",\"sn\":\"PM\"},\"Lewe\":{\"id\":\"324\",\"sn\":\"LW\"},\"Tatkon\":{\"id\":\"325\",\"sn\":\"TK\"},\"Zay Yar Thi Ri\":{\"id\":\"326\",\"sn\":\"ZT\"},\"Poke Ba Thi Ri\":{\"id\":\"327\",\"sn\":\"PT\"},\"Za Bu Thi Ri\":{\"id\":\"328\",\"sn\":\"ZB\"},\"Det Khi Na Thi Ri\":{\"id\":\"329\",\"sn\":\"DN\"},\"Oke Ta Ra Thi Ri\":{\"id\":\"330\",\"sn\":\"OT\"}}}}},\"UK\":{\"name\":\"United Kingdom\",\"states\":{\"Surrey\":{\"districts\":{}},\"Liverpool\":{\"districts\":{}},\"Leciestershire\":{\"districts\":{}}}},\"SN\":{\"name\":\"Senegal\",\"states\":{\"Kaolack\":{\"districts\":{}},\"Sedhiou\":{\"districts\":{}},\"Diourbel\":{\"districts\":{}},\"Thies\":{\"districts\":{}},\"Kaffrine\":{\"districts\":{}},\"Dakar\":{\"districts\":{}},\"Tambacounda\":{\"districts\":{}},\"Matam\":{\"districts\":{}},\"Saint Louis\":{\"districts\":{}},\"Kolda\":{\"districts\":{}},\"Ziguinchor\":{\"districts\":{}},\"Fatick\":{\"districts\":{}}}},\"IT\":{\"name\":\"Italy\",\"states\":{\"Lazio\":{\"districts\":{}},\"Rome\":{\"districts\":{}},\"Calabria\":{\"districts\":{}},\"Apulia\":{\"districts\":{}},\"Abruzzo\":{\"districts\":{}}}},\"UG\":{\"name\":\"Uganda\",\"states\":{\"Iganga\":{\"districts\":{}},\"Namutumba\":{\"districts\":{}},\"Oyam\":{\"districts\":{}},\"Zombo\":{\"districts\":{}},\"Koboko\":{\"districts\":{}},\"Amuria\":{\"districts\":{}},\"Mukono\":{\"districts\":{}},\"Sheema\":{\"districts\":{}},\"Buikwe\":{\"districts\":{}},\"Kiboga\":{\"districts\":{}},\"Kabale\":{\"districts\":{}},\"Nebbi\":{\"districts\":{}},\"Napak\":{\"districts\":{}},\"Bugiri\":{\"districts\":{}},\"Lyantonde\":{\"districts\":{}},\"Kamwenge\":{\"districts\":{}},\"Kisoro\":{\"districts\":{}},\"Busia\":{\"districts\":{}},\"Buliisa\":{\"districts\":{}},\"Kole\":{\"districts\":{}},\"Kanungu\":{\"districts\":{}},\"Mityana\":{\"districts\":{}},\"Bulambuli\":{\"districts\":{}},\"Otuke\":{\"districts\":{}},\"Rukungiri\":{\"districts\":{}},\"Abim\":{\"districts\":{}},\"Kayunga\":{\"districts\":{}},\"Amolatar\":{\"districts\":{}},\"Kyegegwa\":{\"districts\":{}},\"Amuru\":{\"districts\":{}},\"Moyo\":{\"districts\":{}},\"Kasese\":{\"districts\":{}},\"Kiryandongo\":{\"districts\":{}},\"Kalungu\":{\"districts\":{}},\"Buvuma\":{\"districts\":{}},\"Masaka\":{\"districts\":{}},\"Sironko\":{\"districts\":{}},\"Buhweju\":{\"districts\":{}},\"Agago\":{\"districts\":{}},\"Kitgum\":{\"districts\":{}},\"Kiruhura\":{\"districts\":{}},\"Kibaale\":{\"districts\":{}},\"Alebtong\":{\"districts\":{}},\"Ntoroko\":{\"districts\":{}},\"Mbarara\":{\"districts\":{}},\"Bukwa\":{\"districts\":{}},\"Butaleja\":{\"districts\":{}},\"Isingiro\":{\"districts\":{}},\"Mbale\":{\"districts\":{}},\"Kapchorwa\":{\"districts\":{}},\"Yumbe\":{\"districts\":{}},\"Kibuku\":{\"districts\":{}},\"Nakaseke\":{\"districts\":{}},\"Sembabule\":{\"districts\":{}},\"Kotido\":{\"districts\":{}},\"Bududa\":{\"districts\":{}},\"Maracha\":{\"districts\":{}},\"Luuka\":{\"districts\":{}},\"Manafwa\":{\"districts\":{}},\"Arua\":{\"districts\":{}},\"Ngora\":{\"districts\":{}},\"Dokolo\":{\"districts\":{}},\"Adjumani\":{\"districts\":{}},\"Kamuli\":{\"districts\":{}},\"Bukedea\":{\"districts\":{}},\"Bundibugyo\":{\"districts\":{}},\"Serere\":{\"districts\":{}},\"Butambala\":{\"districts\":{}},\"Katakwi\":{\"districts\":{}},\"Lwengo\":{\"districts\":{}},\"Kaliro\":{\"districts\":{}},\"Kampala\":{\"districts\":{}},\"Kaabong\":{\"districts\":{}},\"Nwoya\":{\"districts\":{}},\"Masindi\":{\"districts\":{}},\"Kalangala\":{\"districts\":{}},\"Gulu\":{\"districts\":{}},\"Hoima\":{\"districts\":{}},\"Wakiso\":{\"districts\":{}},\"Gomba\":{\"districts\":{}},\"Rubirizi\":{\"districts\":{}},\"Ntungamo\":{\"districts\":{}},\"Kabarole\":{\"districts\":{}},\"Moroto\":{\"districts\":{}},\"Luweero\":{\"districts\":{}},\"Amudat\":{\"districts\":{}},\"Pader\":{\"districts\":{}},\"Kumi\":{\"districts\":{}},\"Mitooma\":{\"districts\":{}},\"Jinja\":{\"districts\":{}},\"Mpigi\":{\"districts\":{}},\"Namayingo\":{\"districts\":{}},\"Mubende\":{\"districts\":{}},\"Ibanda\":{\"districts\":{}},\"Bushenyi\":{\"districts\":{}},\"Kaberamaido\":{\"districts\":{}},\"Lamwo\":{\"districts\":{}},\"Soroti\":{\"districts\":{}},\"Kyankwanzi\":{\"districts\":{}},\"Pallisa\":{\"districts\":{}},\"Apac\":{\"districts\":{}},\"Lira\":{\"districts\":{}},\"Tororo\":{\"districts\":{}},\"Kween\":{\"districts\":{}},\"Buyende\":{\"districts\":{}},\"Kyenjojo\":{\"districts\":{}},\"Rakai\":{\"districts\":{}},\"Bukomansimbi\":{\"districts\":{}},\"Nakasongola\":{\"districts\":{}},\"Nakapiripirit\":{\"districts\":{}},\"Mayuge\":{\"districts\":{}},\"Budaka\":{\"districts\":{}}}},\"NG\":{\"name\":\"Nigeria\",\"states\":{\"Plateau\":{\"districts\":{}},\"Delta\":{\"districts\":{}},\"Borno\":{\"districts\":{}},\"Ekiti\":{\"districts\":{}},\"Osun\":{\"districts\":{}},\"Nasarawa\":{\"districts\":{}},\"Katsina\":{\"districts\":{}},\"Kano\":{\"districts\":{}},\"Ebonyi\":{\"districts\":{}},\"Adamawa\":{\"districts\":{}},\"Zamfara\":{\"districts\":{}},\"Akwa Ibom\":{\"districts\":{}},\"Taraba\":{\"districts\":{}},\"Rivers\":{\"districts\":{}},\"Enugu\":{\"districts\":{}},\"Oyo\":{\"districts\":{}},\"Lagos\":{\"districts\":{}},\"Kogi\":{\"districts\":{}},\"Bauchi\":{\"districts\":{}},\"Kebbi\":{\"districts\":{}},\"Edo\":{\"districts\":{}},\"Kaduna\":{\"districts\":{}},\"Yobe\":{\"districts\":{}},\"Sokoto\":{\"districts\":{}},\"Jigawa\":{\"districts\":{}},\"Anambra\":{\"districts\":{}},\"Kwara\":{\"districts\":{}},\"Niger\":{\"districts\":{}},\"Cross River\":{\"districts\":{}},\"Abuja\":{\"districts\":{}},\"Gombe\":{\"districts\":{}},\"Bayelsa\":{\"districts\":{}},\"Abia\":{\"districts\":{}},\"Ondo\":{\"districts\":{}},\"Ogun\":{\"districts\":{}},\"Imo\":{\"districts\":{}},\"Benue\":{\"districts\":{}}}},\"GT\":{\"name\":\"Guatemala\",\"states\":{\"Petn\":{\"districts\":{}},\"Solol\":{\"districts\":{}},\"Chimaltenango\":{\"districts\":{}},\"Chiquimula\":{\"districts\":{}},\"Totonicapn\":{\"districts\":{}},\"Santa Rosa\":{\"districts\":{}},\"Jalapa\":{\"districts\":{}},\"San Marcos\":{\"districts\":{}},\"El Quich\":{\"districts\":{}},\"Alta Verapaz\":{\"districts\":{}},\"Baja Verapaz\":{\"districts\":{}},\"Jutiapa\":{\"districts\":{}},\"Zacapa\":{\"districts\":{}},\"Sacatepquez\":{\"districts\":{}},\"Retalhuleu\":{\"districts\":{}},\"Huehuetenango\":{\"districts\":{}},\"Quetzaltenango\":{\"districts\":{}},\"Suchitepquez\":{\"districts\":{}},\"El Progreso\":{\"districts\":{}},\"Escuintla\":{\"districts\":{}},\"Guatemala Department\":{\"districts\":{}},\"Izabal\":{\"districts\":{}}}},\"CG\":{\"name\":\"Republic of Congo\",\"states\":{\"Nord-Kivu\":{\"districts\":{}},\"Orientale\":{\"districts\":{}},\"Bas-Congo\":{\"districts\":{}},\"Maniema\":{\"districts\":{}},\"Equateur\":{\"districts\":{}},\"Bandundu\":{\"districts\":{}},\"Kinshasa\":{\"districts\":{}},\"Sud-Kivu\":{\"districts\":{}},\"Kasai-Oriental\":{\"districts\":{}},\"Kasai-Occidental\":{\"districts\":{}},\"Katanga\":{\"districts\":{}}}},\"PH\":{\"name\":\"Phillipines\",\"states\":{\"NCR\":{\"districts\":{}},\"Region VII\":{\"districts\":{}},\"Region V\":{\"districts\":{}},\"Region VIII\":{\"districts\":{}},\"Region II\":{\"districts\":{}},\"ARMM\":{\"districts\":{}},\"Region X\":{\"districts\":{}},\"Region XI\":{\"districts\":{}},\"Region XIII\":{\"districts\":{}},\"Region VI\":{\"districts\":{}},\"Region IVA\":{\"districts\":{}},\"Region IVB\":{\"districts\":{}},\"Region XII\":{\"districts\":{}},\"Region I\":{\"districts\":{}},\"CAR\":{\"districts\":{}},\"Region III\":{\"districts\":{}},\"Region IX\":{\"districts\":{}}}},\"ET\":{\"name\":\"Ethiopia\",\"states\":{\"Somali\":{\"districts\":{}},\"Benishangul Gumuz\":{\"districts\":{}},\"Afar\":{\"districts\":{}},\"Tigray\":{\"districts\":{}},\"Addis Ababa\":{\"districts\":{}},\"Gambela\":{\"districts\":{}},\"Harari\":{\"districts\":{}},\"Oromia\":{\"districts\":{}},\"Amhara\":{\"districts\":{}}}},\"PK\":{\"name\":\"Pakistan\",\"states\":{\"Islamabad Capital\":{\"districts\":{}},\"Gilgit-Baltistan\":{\"districts\":{}},\"FATA\":{\"districts\":{}},\"Kashmir\":{\"districts\":{}},\"Khyber\":{\"districts\":{}},\"Balochistan\":{\"districts\":{}},\"Sindh\":{\"districts\":{}},\"Punjab\":{\"districts\":{}}}},\"AF\":{\"name\":\"Afghanistan\",\"states\":{\"Ghor\":{\"districts\":{}},\"Ghazni\":{\"districts\":{}},\"Khost\":{\"districts\":{}},\"Panjshir\":{\"districts\":{}},\"Kabul\":{\"districts\":{}},\"Konar\":{\"districts\":{}},\"Paktia\":{\"districts\":{}},\"Herat\":{\"districts\":{}},\"Daykundi\":{\"districts\":{}},\"Kandahar\":{\"districts\":{}},\"Balkh\":{\"districts\":{}},\"Logar\":{\"districts\":{}},\"Nimruz\":{\"districts\":{}},\"Nurestan\":{\"districts\":{}},\"Sare Pol\":{\"districts\":{}},\"Helmand\":{\"districts\":{}},\"Samangan\":{\"districts\":{}},\"Badghis\":{\"districts\":{}},\"Paktika\":{\"districts\":{}},\"Laghman\":{\"districts\":{}},\"Jowzjan\":{\"districts\":{}},\"Bamyan\":{\"districts\":{}},\"Takhar\":{\"districts\":{}},\"Kunduz\":{\"districts\":{}},\"Kapisa\":{\"districts\":{}},\"Nangarhar\":{\"districts\":{}},\"Faryab\":{\"districts\":{}},\"Zabol\":{\"districts\":{}},\"Baghlan\":{\"districts\":{}},\"Wardak\":{\"districts\":{}},\"Badakhshan\":{\"districts\":{}},\"Parvan\":{\"districts\":{}},\"Oruzgan\":{\"districts\":{}},\"Farah\":{\"districts\":{}}}},\"CO\":{\"name\":\"Columbia\",\"states\":{\"Vichata\":{\"districts\":{}},\"Boyaca\":{\"districts\":{}}}},\"TZ\":{\"name\":\"Tanzania\",\"states\":{\"Iringa\":{\"districts\":{}},\"Kagera\":{\"districts\":{}},\"Shinyanga\":{\"districts\":{}},\"Ruvuma\":{\"districts\":{}},\"Katavi\":{\"districts\":{}},\"Pwani\":{\"districts\":{}},\"Lindi\":{\"districts\":{}},\"Singida\":{\"districts\":{}},\"Manyara\":{\"districts\":{}},\"Pemba South\":{\"districts\":{}},\"Kilimanjaro\":{\"districts\":{}},\"Mbeya\":{\"districts\":{}},\"Tabora\":{\"districts\":{}},\"Dodoma\":{\"districts\":{}},\"Mara\":{\"districts\":{}},\"Kigoma\":{\"districts\":{}},\"Dar es Salaam\":{\"districts\":{}},\"Tanga\":{\"districts\":{}},\"Morogoro\":{\"districts\":{}},\"Njombe\":{\"districts\":{}},\"Geita\":{\"districts\":{}},\"Rukwa\":{\"districts\":{}},\"Zanzibar Central/South\":{\"districts\":{}},\"Pemba North\":{\"districts\":{}},\"Simiyu\":{\"districts\":{}},\"Zanzibar Urban/West\":{\"districts\":{}},\"Mwanza\":{\"districts\":{}},\"Mtwara\":{\"districts\":{}},\"Zanzibar North\":{\"districts\":{}},\"Arusha\":{\"districts\":{}}}},\"AL\":{\"name\":\"Albania\"},\"DZ\":{\"name\":\"Algeria\"},\"AO\":{\"name\":\"Angola\"},\"AG\":{\"name\":\"Antigua and Barbuda\"},\"AU\":{\"name\":\"Australia\"},\"AR\":{\"name\":\"Argentina\"},\"AM\":{\"name\":\"Armenia\"},\"AT\":{\"name\":\"Austria\"},\"AZ\":{\"name\":\"Azerbaijan\"},\"BS\":{\"name\":\"Bahamas\"},\"BH\":{\"name\":\"Bahrain\"},\"BD\":{\"name\":\"Bangladesh\"},\"BB\":{\"name\":\"Barbados\"},\"BY\":{\"name\":\"Belarus\"},\"BE\":{\"name\":\"Belgium\",\"states\":{\"Brussels\":{\"districts\":{}}}},\"BZ\":{\"name\":\"Belize\"},\"DY\":{\"name\":\"Benin\"},\"BT\":{\"name\":\"Bhutan\"},\"RB\":{\"name\":\"Bolivia\"},\"BA\":{\"name\":\"Bosnia\"},\"BW\":{\"name\":\"Botswana\"},\"BR\":{\"name\":\"Brazil\",\"states\":{\"Federal District\":{\"districts\":{}}}},\"BN\":{\"name\":\"Brunei\"},\"BG\":{\"name\":\"Bulgaria\",\"states\":{\"Sofia\":{\"districts\":{}}}},\"BF\":{\"name\":\"Burkina Faso\"},\"BI\":{\"name\":\"Burundi\"},\"CM\":{\"name\":\"Cameroon\"},\"CA\":{\"name\":\"Canada\",\"states\":{\"Ontario\":{\"districts\":{}}}},\"CV\":{\"name\":\"Cape Verde\"},\"CF\":{\"name\":\"Central African Republic\"},\"CN\":{\"name\":\"China\",\"states\":{\"Beijing\":{\"districts\":{}}}},\"KM\":{\"name\":\"Comoros\"},\"TD\":{\"name\":\"Chad\"},\"CL\":{\"name\":\"Chile\"},\"CR\":{\"name\":\"Costa Rica\"},\"HR\":{\"name\":\"Croatia\"},\"CU\":{\"name\":\"Cuba\",\"states\":{\"La Habana\":{\"districts\":{}}}},\"CY\":{\"name\":\"Cyprus\"},\"CZ\":{\"name\":\"Czech Republic\"},\"CD\":{\"name\":\"Democratic Republic of the Congo\"},\"DK\":{\"name\":\"Denmark\",\"states\":{\"Copenhagen City\":{\"districts\":{}}}},\"DJ\":{\"name\":\"Djibouti\"},\"DM\":{\"name\":\"Dominica\"},\"DO\":{\"name\":\"Dominican Republic\"},\"EC\":{\"name\":\"Ecuador\"},\"EG\":{\"name\":\"Egypt\"},\"SV\":{\"name\":\"El Salvador\"},\"GQ\":{\"name\":\"Equatorial Guinea\"},\"ER\":{\"name\":\"Eritrea\"},\"EW\":{\"name\":\"Estonia\"},\"FM\":{\"name\":\"Federated States of Micronesia\"},\"FJ\":{\"name\":\"Fiji\"},\"FI\":{\"name\":\"Finland\"},\"FR\":{\"name\":\"France\",\"states\":{\"Paris\":{\"districts\":{}}}},\"GA\":{\"name\":\"Gabon\"},\"GM\":{\"name\":\"Gambia\"},\"GE\":{\"name\":\"Georgia\"},\"DE\":{\"name\":\"Germany\",\"states\":{\"Berlin\":{\"districts\":{}}}},\"GR\":{\"name\":\"Greece\"},\"WG\":{\"name\":\"Grenada\"},\"GN\":{\"name\":\"Guinea\"},\"GW\":{\"name\":\"Guinea-Bissau\"},\"GY\":{\"name\":\"Guyana\"},\"HN\":{\"name\":\"Honduras\"},\"HU\":{\"name\":\"Hungary\"},\"IS\":{\"name\":\"Iceland\"},\"RI\":{\"name\":\"Indonesia\",\"states\":{\"Jakarta\":{\"districts\":{}}}},\"IR\":{\"name\":\"Iran\"},\"IQ\":{\"name\":\"Iraq\"},\"IE\":{\"name\":\"Ireland\"},\"IL\":{\"name\":\"Israel\"},\"CI\":{\"name\":\"Ivory Coast\"},\"JM\":{\"name\":\"Jamaica\"},\"JP\":{\"name\":\"Japan\",\"states\":{\"Tokyo\":{\"districts\":{}}}},\"JO\":{\"name\":\"Jordan\"},\"KZ\":{\"name\":\"Kazakhstan\"},\"KI\":{\"name\":\"Kiribati\"},\"XK\":{\"name\":\"Kosovo\"},\"KW\":{\"name\":\"Kuwait\"},\"LA\":{\"name\":\"Laos\"},\"LV\":{\"name\":\"Latvia\"},\"RL\":{\"name\":\"Lebanon\"},\"LS\":{\"name\":\"Lesotho\"},\"LY\":{\"name\":\"Libya\"},\"FL\":{\"name\":\"Liechtenstein\"},\"LT\":{\"name\":\"Lithuania\"},\"LU\":{\"name\":\"Luxembourg\"},\"MK\":{\"name\":\"Macedonia\"},\"RM\":{\"name\":\"Madagascar\"},\"MW\":{\"name\":\"Malawi\"},\"MY\":{\"name\":\"Malaysia\"},\"MV\":{\"name\":\"Maldives\"},\"ML\":{\"name\":\"Mali\"},\"MT\":{\"name\":\"Malta\"},\"MH\":{\"name\":\"Marshall Islands\"},\"MR\":{\"name\":\"Mauritania\"},\"MU\":{\"name\":\"Mauritius\"},\"MX\":{\"name\":\"Mexico\"},\"MD\":{\"name\":\"Moldov\"},\"MC\":{\"name\":\"Monaco\"},\"MN\":{\"name\":\"Mongolia\"},\"ME\":{\"name\":\"Montenegro\"},\"MA\":{\"name\":\"Morocco\"},\"MZ\":{\"name\":\"Mozambique\"},\"NA\":{\"name\":\"Namibia\"},\"NR\":{\"name\":\"Nauru\"},\"NL\":{\"name\":\"Netherlands\",\"states\":{\"North Holland\":{\"districts\":{}}}},\"NZ\":{\"name\":\"New Zealand\"},\"NI\":{\"name\":\"Nicaragua\"},\"RN\":{\"name\":\"Niger\"},\"KP\":{\"name\":\"North Korea\"},\"NO\":{\"name\":\"Norway\"},\"OM\":{\"name\":\"Oman\"},\"PW\":{\"name\":\"Palau\"},\"PS\":{\"name\":\"Palestine\"},\"PA\":{\"name\":\"Panama\"},\"PG\":{\"name\":\"Papua New Guinea\"},\"PY\":{\"name\":\"Paraguay\"},\"PE\":{\"name\":\"Peru\"},\"PL\":{\"name\":\"Poland\"},\"PT\":{\"name\":\"Portugal\"},\"PR\":{\"name\":\"Puerto Rico\"},\"QA\":{\"name\":\"Qatar\"},\"RO\":{\"name\":\"Romania\"},\"RU\":{\"name\":\"Russia\",\"states\":{\"Moscow\":{\"districts\":{}}}},\"RW\":{\"name\":\"Rwanda\"},\"KN\":{\"name\":\"Saint Kitts and Nevis\"},\"LC\":{\"name\":\"Saint Lucia\"},\"WS\":{\"name\":\"Samoa\"},\"SM\":{\"name\":\"San Marino\"},\"VC\":{\"name\":\"Saint Vincent and the Grenadines\"},\"ST\":{\"name\":\"Sao Tom and Principe\"},\"SA\":{\"name\":\"Saudi Arabia\"},\"RS\":{\"name\":\"Serbia\"},\"SC\":{\"name\":\"Seychelles\"},\"SG\":{\"name\":\"Singapore\",\"states\":{\"Singapore\":{\"districts\":{}}}},\"SK\":{\"name\":\"Slovakia\"},\"SI\":{\"name\":\"Slovenia\"},\"SB\":{\"name\":\"Solomon Islands\"},\"SO\":{\"name\":\"Somalia\"},\"ZA\":{\"name\":\"South Africa\"},\"KR\":{\"name\":\"South Korea\",\"states\":{\"Gyeonggi\":{\"disticts\":{}}}},\"ES\":{\"name\":\"Spain\",\"states\":{\"Madrid\":{\"districrts\":{}}}},\"LK\":{\"name\":\"Sri Lanka\"},\"SD\":{\"name\":\"Sudan\"},\"SR\":{\"name\":\"Suriname\"},\"SZ\":{\"name\":\"Swaziland\"},\"SE\":{\"name\":\"Sweden\",\"states\":{\"Stockholm\":{\"districts\":{}}}},\"SY\":{\"name\":\"Syria\"},\"TW\":{\"name\":\"Taiwan\"},\"TJ\":{\"name\":\"Tajikistan\"},\"TH\":{\"name\":\"Thailand\"},\"TL\":{\"name\":\"Timor-Leste\"},\"TG\":{\"name\":\"Togo\"},\"TO\":{\"name\":\"Tonga\"},\"TT\":{\"name\":\"Trinidad and Tobago\"},\"TR\":{\"name\":\"Turkey\"},\"TM\":{\"name\":\"Turkmenistan\"},\"TV\":{\"name\":\"Tuvalu\"},\"UA\":{\"name\":\"Ukraine\"},\"AE\":{\"name\":\"United Arab Emirates\",\"states\":{\"Abu Dhabi\":{\"districts\":{}}}},\"UY\":{\"name\":\"Uruguay\"},\"UZ\":{\"name\":\"Uzbekistan\"},\"VU\":{\"name\":\"Vanuatu\"},\"VA\":{\"name\":\"Vatican City\"},\"VE\":{\"name\":\"Venezuela\"},\"EH\":{\"name\":\"Western Sahara\"},\"YE\":{\"name\":\"Yemen\"},\"ZW\":{\"name\":\"Zimbabwe\"},\"AD\":{\"name\":\"Andorra\"},\"GH\":{\"name\":\"Ghana\",\"states\":{\"Central\":{\"districts\":{}},\"Ashanti\":{\"districts\":{}},\"Western\":{\"districts\":{}},\"Brong Ahafo\":{\"districts\":{}},\"Greater Accra\":{\"districts\":{}},\"Upper West\":{\"districts\":{}},\"Eastern\":{\"districts\":{}},\"Upper East\":{\"districts\":{}},\"Volta\":{\"districts\":{}},\"Northern\":{\"districts\":{}}}}},\"statusCode\":200,\"message\":\"OK\"}',NULL,'2017-04-20 12:31:33',NULL,NULL),('maplocationconfig','{\"data\":{\"CH\":{\"name\":\"Switzerland\",\"states\":{\"Aargau\":{\"id\":\"01\"},\"Ausser-Rhoden\":{\"id\":\"02\"},\"Basel-Landschaft\":{\"id\":\"03\"},\"Basel-Stadt\":{\"id\":\"04\"},\"Bern\":{\"id\":\"05\"},\"Fribourg\":{\"id\":\"06\"},\"Geneva\":{\"id\":\"07\"},\"Glarus\":{\"id\":\"08\"},\"Graubnden\":{\"id\":\"09\"},\"Inner-Rhoden\":{\"id\":\"10\"},\"Jura\":{\"id\":\"26\"},\"Luzern\":{\"id\":\"11\"},\"Neuchtel\":{\"id\":\"12\"},\"Nidwalden\":{\"id\":\"13\"},\"Obwalden\":{\"id\":\"14\"},\"Sankt Gallen\":{\"id\":\"15\"},\"Schaffhausen\":{\"id\":\"16\"},\"Schwyz\":{\"id\":\"17\"},\"Solothurn\":{\"id\":\"18\"},\"Thurgau\":{\"id\":\"19\"},\"Ticino\":{\"id\":\"20\"},\"Uri\":{\"id\":\"21\"},\"Valais\":{\"id\":\"22\"},\"Vaud\":{\"id\":\"23\"},\"Zug\":{\"id\":\"24\"},\"Zurich\":{\"id\":\"25\"}}},\"VN\":{\"name\":\"Vietnam\",\"states\":{\"Hanoi\":{\"districts\":{}}}},\"HT\":{\"name\":\"Haiti\",\"states\":{\"Nord-Ouest\":{\"districts\":{}},\"Nord\":{\"districts\":{}},\"Nord-Est\":{\"districts\":{}},\"Artibonite\":{\"districts\":{}},\"Centre\":{\"districts\":{}},\"Ouest\":{\"districts\":{}},\"Nippes\":{\"districts\":{}},\"Sud\":{\"districts\":{}},\"Sud-Est\":{\"districts\":{}},\"Grand Anse\":{\"districts\":{}}}},\"TN\":{\"name\":\"Tunisia\",\"states\":{\"Sousse\":{\"districts\":{}},\"Gabes\":{\"districts\":{}},\"Medenine\":{\"districts\":{}},\"Beja\":{\"districts\":{}},\"Kasserine\":{\"districts\":{}},\"Monastir\":{\"districts\":{}},\"Ariana\":{\"districts\":{}},\"Gafsa\":{\"districts\":{}},\"Bizerte\":{\"districts\":{}},\"Sidi Bou Zid\":{\"districts\":{}},\"Nabeul\":{\"districts\":{}},\"Tozeur\":{\"districts\":{}},\"Sfax\":{\"districts\":{}},\"Jendouba\":{\"districts\":{}},\"Zaghouan\":{\"districts\":{}},\"Kef\":{\"districts\":{}},\"Siliana\":{\"districts\":{}},\"Kebili\":{\"districts\":{}},\"Kairouan\":{\"districts\":{}},\"Tunis\":{\"districts\":{}},\"Ben Arous\":{\"districts\":{}},\"Mahdia\":{\"districts\":{}},\"Tataouine\":{\"districts\":{}},\"Manouba\":{\"districts\":{}}}},\"NP\":{\"name\":\"Nepal\",\"states\":{\"Mahakali\":{\"districts\":{}},\"Bheri\":{\"districts\":{}},\"Mechi\":{\"districts\":{}},\"Narayani\":{\"districts\":{}},\"Lumbini\":{\"districts\":{}},\"Janakpur\":{\"districts\":{}},\"Bagmati\":{\"districts\":{}},\"Rapti\":{\"districts\":{}},\"Sagarmatha\":{\"districts\":{}},\"Dhawalagiri\":{\"districts\":{}},\"Karnali\":{\"districts\":{}},\"Seti\":{\"districts\":{}},\"Koshi\":{\"districts\":{}},\"Gandaki\":{\"districts\":{}}}},\"LR\":{\"name\":\"Liberia\",\"states\":{\"Nimba\":{\"districts\":{}},\"Margibi\":{\"districts\":{}},\"Sinoe\":{\"districts\":{}},\"River Cess\":{\"districts\":{}},\"River Gee\":{\"districts\":{}},\"Grand Cape Mount\":{\"districts\":{}},\"Bong\":{\"districts\":{}},\"Montserrado\":{\"districts\":{}},\"Grand Kru\":{\"districts\":{}},\"Lofa\":{\"districts\":{}},\"Grand Gedeh\":{\"districts\":{}},\"Grand Bassa\":{\"districts\":{}},\"Maryland\":{\"districts\":{}},\"Gbarpolu\":{\"districts\":{}},\"Bomi\":{\"districts\":{}}}},\"SS\":{\"name\":\"South Sudan\",\"states\":{\"Central Equatoria\":{\"districts\":{\"Juba County\":{},\"Lainya County\":{},\"Morobo County\":{},\"Terekeka County\":{},\"Kajo Keji County\":{},\"Yei County\":{}}},\"Lakes\":{\"districts\":{\"Yirol West\":{},\"Yirol East\":{},\"Rumbek East\":{},\"Aweriar\":{},\"Rumbek Central\":{},\"Cueibet\":{},\"Wulu\":{},\"Rumbek North\":{}}},\"Western Bahr el Ghazal\":{\"districts\":{\"Raga County\":{},\"Wau County\":{},\"Jur River County\":{}}},\"Western Equatoria\":{\"districts\":{\"Mundri County\":{},\"Tambora County\":{},\"Mundri West County\":{},\"Ezo County\":{},\"Najero County\":{},\"Nzara County\":{},\"Yambio County\":{},\"Maridi East County\":{},\"Ibba County\":{},\"Mvolo County\":{}}},\"Jonglei\":{\"districts\":{\"Ayod County\":{},\"Pibor County\":{},\"Akobo County\":{},\"Pigi County\":{},\"Fangak County\":{},\"Duk County\":{},\"Twic East County\":{},\"Uror County\":{},\"Nyirol County\":{},\"Pochalla County\":{},\"Bor County\":{}}},\"Warrap\":{\"districts\":{\"Gogrial West County\":{},\"Tonj South County\":{},\"Twic\":{},\"Tonj North County\":{},\"Gogrial East County\":{},\"Tonj East County\":{}}},\"Eastern Equatoria\":{\"districts\":{\"Kapoeta East County\":{},\"Lopa Lafon County\":{},\"Magwi County\":{},\"Kapoeta North County\":{},\"Budi County\":{},\"Ikotos County\":{},\"Kapoeta South County\":{},\"Torit County\":{}}},\"Upper Nile\":{\"districts\":{\"Nasir County\":{},\"Maban County\":{},\"Malakal County\":{},\"Baliet County\":{},\"Maiwut County\":{},\"Fashoda County\":{},\"Panyikang County\":{},\"Ulang County\":{},\"Longechuk County\":{},\"Melut County\":{},\"Manyo County\":{},\"Renk County\":{}}},\"Northern Bahr el Ghazal\":{\"districts\":{\"Aweil West County\":{},\"Aweil North County\":{},\"Aweil South County\":{},\"Aweil Central County\":{},\"Aweil East County\":{}}},\"Unity\":{\"districts\":{\"Rubkona\":{},\"Guit\":{},\"Payinjiar\":{},\"Koch\":{},\"Panrieng\":{},\"Mayom\":{},\"Abiemnon\":{},\"Leer\":{},\"Mayendit\":{}}}}},\"ZM\":{\"name\":\"Zambia\",\"states\":{\"Southern\":{\"sn\":\"SO\",\"id\":\"zm.so\",\"districts\":{\"Choma\":{\"id\":\"ZM.SO.CO\"},\"Gwembe\":{\"id\":\"ZM.SO.GW\"},\"Kalomo\":{\"id\":\"ZM.SO.KL\"},\"Kazungula\":{\"id\":\"ZM.SO.KZ\"},\"Livingstone\":{\"id\":\"ZM.SO.LI\"},\"Mazabuka\":{\"id\":\"ZM.SO.MA\"},\"Monze\":{\"id\":\"ZM.SO.MO\"},\"Namwala\":{\"id\":\"ZM.SO.NW\"},\"Siavonga\":{\"id\":\"ZM.SO.SV\"},\"Sinazongwe\":{\"id\":\"ZM.SO.SZ\"},\"Pemba\":{\"id\":\"ZM.SO.PB\"},\"Zimba\":{\"id\":\"ZM.SO.ZB\"},\"Chikankata\":{\"id\":\"ZM.SO.CK\"}}},\"Muchinga\":{\"sn\":\"MU\",\"id\":\"zm.mu\",\"districts\":{\"Chama\":{\"id\":\"ZM.MU.CM\"},\"Mafinga\":{\"id\":\"ZM.MU.MF\"},\"Shiwangandu\":{\"id\":\"ZM.MU.SG\"},\"Chinsali\":{\"id\":\"ZM.MU.CS\"},\"Isoka\":{\"id\":\"ZM.MU.IO\"},\"Mpika\":{\"id\":\"ZM.MU.MK\"},\"Nakonde\":{\"id\":\"ZM.MU.NK\"}}},\"Central\":{\"sn\":\"CE\",\"id\":\"zm.ce\",\"districts\":{\"Chibombo\":{\"id\":\"ZM.CE.CB\"},\"Luano\":{\"id\":\"ZM.CE.LA\"},\"Chitambo\":{\"id\":\"ZM.CE.CT\"},\"Ngabwe\":{\"id\":\"ZM.CE.NB\"},\"Chisamba\":{\"id\":\"ZM.CE.CS\"},\"Itezhi tezhi\":{\"id\":\"ZM.CE.IT\"},\"Kabwe\":{\"id\":\"ZM.CE.KB\"},\"Kapirimposhi\":{\"id\":\"ZM.CE.KP\"},\"Mkushi\":{\"id\":\"ZM.CE.MK\"},\"Mumbwa\":{\"id\":\"ZM.CE.MU\"},\"Serenje\":{\"id\":\"ZM.CE.SR\"}}},\"Western\":{\"sn\":\"WE\",\"id\":\"zm.we\",\"districts\":{\"Kalabo\":{\"id\":\"ZM.WE.KB\"},\"Kaoma\":{\"id\":\"ZM.WE.KM\"},\"Lukulu\":{\"id\":\"ZM.WE.LK\"},\"Mongu\":{\"id\":\"ZM.WE.MO\"},\"Senanga\":{\"id\":\"ZM.WE.SN\"},\"Sesheke\":{\"id\":\"ZM.WE.SS\"},\"Shangombo\":{\"id\":\"ZM.WE.SH\"},\"Mulobezi\":{\"id\":\"ZM.WE.MU\"},\"Luampa\":{\"id\":\"ZM.WE.LM\"},\"Nkeyema\":{\"id\":\"ZM.WE.NY\"},\"Limulunga\":{\"id\":\"ZM.WE.LU\"},\"Nalolo\":{\"id\":\"ZM.WE.NL\"},\"Mwandi\":{\"id\":\"ZM.WE.MW\"},\"Sioma\":{\"id\":\"ZM.WE.SO\"},\"Mitete\":{\"id\":\"ZM.WE.MT\"},\"Sikongo\":{\"id\":\"ZM.WE.SK\"}}},\"Copperbelt\":{\"sn\":\"CO\",\"id\":\"zm.co\",\"districts\":{\"Chililabombwe\":{\"id\":\"ZM.CO.CL\"},\"Chingola\":{\"id\":\"ZM.CO.CG\"},\"Kalulushi\":{\"id\":\"ZM.CO.KU\"},\"Kitwe\":{\"id\":\"ZM.CO.KI\"},\"Luanshya\":{\"id\":\"ZM.CO.LS\"},\"Lufwanyama\":{\"id\":\"ZM.CO.LF\"},\"Masaiti\":{\"id\":\"ZM.CO.MA\"},\"Mpongwe\":{\"id\":\"ZM.CO.MP\"},\"Mufulira\":{\"id\":\"ZM.CO.MU\"},\"Ndola\":{\"id\":\"ZM.CO.ND\"}}},\"Eastern\":{\"sn\":\"ES\",\"id\":\"zm.es\",\"districts\":{\"Chadiza\":{\"id\":\"ZM.ES.CD\"},\"Sinda\":{\"id\":\"ZM.ES.SD\"},\"Vubwi\":{\"id\":\"ZM.ES.VW\"},\"Chipata\":{\"id\":\"ZM.ES.CP\"},\"Katete\":{\"id\":\"ZM.ES.KT\"},\"Lundazi\":{\"id\":\"ZM.ES.LN\"},\"Mambwe\":{\"id\":\"ZM.ES.MA\"},\"Nyimba\":{\"id\":\"ZM.ES.NY\"},\"Petauke\":{\"id\":\"ZM.ES.PE\"}}},\"Luapula\":{\"sn\":\"LP\",\"id\":\"zm.lp\",\"districts\":{\"Chienge\":{\"id\":\"ZM.LP.CG\"},\"Chembe\":{\"id\":\"ZM.LP.CB\"},\"Lunga\":{\"id\":\"ZM.LP.LG\"},\"Mwansabombwe\":{\"id\":\"ZM.LP.MB\"},\"Chipili\":{\"id\":\"ZM.LP.CP\"},\"Lubwe\":{},\"Kawambwa\":{\"id\":\"ZM.LP.KW\"},\"Nchelenge\":{\"id\":\"ZM.LP.NC\"},\"Mansa\":{\"id\":\"ZM.LP.MA\"},\"Milenge\":{\"id\":\"ZM.LP.MI\"},\"Mwense\":{\"id\":\"ZM.LP.MW\"},\"Samfya\":{\"id\":\"ZM.LP.SF\"}}},\"North-Western\":{\"sn\":\"NW\",\"id\":\"zm.nw\",\"districts\":{\"Chavuma\":{\"id\":\"ZM.NW.CV\"},\"Ikelenge\":{\"id\":\"ZM.NW.IG\"},\"Manyinga\":{\"id\":\"ZM.NW.MY\"},\"Kabompo\":{\"id\":\"ZM.NW.KO\"},\"Kasempa\":{\"id\":\"ZM.NW.KE\"},\"Mufumbwe\":{\"id\":\"ZM.NW.MU\"},\"Mwinilunga\":{\"id\":\"ZM.NW.MN\"},\"Solwezi\":{\"id\":\"ZM.NW.SO\"},\"Zambezi\":{\"id\":\"ZM.NW.ZA\"}}},\"Northern\":{\"sn\":\"NR\",\"id\":\"zm.nr\",\"districts\":{\"Chilubi\":{\"id\":\"ZM.NR.CI\"},\"Nsama\":{\"id\":\"ZM.NR.NM\"},\"Kaputa\":{\"id\":\"ZM.NR.KP\"},\"Kasama\":{\"id\":\"ZM.NR.KS\"},\"Luwingu\":{\"id\":\"ZM.NR.LW\"},\"Mbala\":{\"id\":\"ZM.NR.MB\"},\"Mporokoso\":{\"id\":\"ZM.NR.MR\"},\"Mpulungu\":{\"id\":\"ZM.NR.ML\"},\"Mungwi\":{\"id\":\"ZM.NR.MU\"}}},\"Lusaka\":{\"sn\":\"LS\",\"id\":\"zm.ls\",\"districts\":{\"Chongwe\":{\"id\":\"ZM.LS.LR\"},\"Kafue\":{\"id\":\"ZM.LS.KF\"},\"Chilanga\":{\"id\":\"ZM.LS.CL\"},\"Chirundu\":{\"id\":\"ZM.LS.CR\"},\"Rufunsa\":{\"id\":\"ZM.LS.RF\"},\"Shibuyunji\":{\"id\":\"ZM.LS.SY\"},\"Luangwa\":{\"id\":\"ZM.LS.LG\"},\"Lusaka\":{\"id\":\"ZM.LS.LU\"}}}}},\"KH\":{\"name\":\"Cambodia\",\"states\":{\"Takeo\":{\"districts\":{}},\"Tonle Sap\":{\"districts\":{}},\"Phnom Penh\":{\"districts\":{}},\"Kandal\":{\"districts\":{}},\"Kep\":{\"districts\":{}},\"Pailin\":{\"districts\":{}}}},\"KG\":{\"name\":\"Kyrgyzstan\",\"states\":{\"Naryn\":{\"districts\":{}},\"Chuy\":{\"districts\":{}},\"Osh\":{\"districts\":{}},\"Talas\":{\"districts\":{}},\"Batken\":{\"districts\":{}},\"Bishkek\":{\"districts\":{}}}},\"KE\":{\"name\":\"Kenya\",\"states\":{\"Nairobi\":{\"districts\":{}}}},\"US\":{\"name\":\"USA\",\"states\":{\"California\":{\"districts\":{}},\"Minnesota\":{\"districts\":{}},\"New York\":{\"districts\":{}},\"Massachusetts\":{\"districts\":{}},\"Arizona\":{\"districts\":{}},\"Connecticut\":{\"districts\":{}},\"West Virginia\":{\"districts\":{}}}},\"IN\":{\"name\":\"India\",\"states\":{\"Meghalaya\":{\"sn\":\"ME\",\"id\":\"023\",\"districts\":{\"West Jaintia Hills\":{},\"East Jaintia Hills\":{},\"East Khasi Hills\":{},\"West Khasi Hills\":{},\"South West Khasi Hills\":{},\"Ri-Bhoi\":{},\"North Garo Hills\":{},\"East Garo Hills\":{},\"South Garo Hills\":{},\"West Garo Hills\":{},\"South West Garo Hills\":{}}},\"Arunachal Pradesh\":{\"sn\":\"AR\",\"id\":\"003\",\"districts\":{\"Anjaw\":{\"id\":\"IN.AR.AJ\"},\"Changlang\":{\"id\":\"IN.AR.CH\"},\"East Kameng\":{\"id\":\"IN.AR.EK\"},\"East Siang\":{\"id\":\"IN.AR.ES\"},\"Lohit\":{\"id\":\"IN.AR.EL\"},\"Lower Subansiri\":{\"id\":\"IN.AR.LB\"},\"Papum Pare\":{\"id\":\"IN.AR.PA\"},\"Tawang\":{\"id\":\"IN.AR.TA\"},\"Tirap\":{\"id\":\"IN.AR.TI\"},\"Lower Dibang Valley\":{\"id\":\"IN.AR.LD\"},\"Upper Siang\":{\"id\":\"IN.AR.US\"},\"Upper Subansiri\":{\"id\":\"IN.AR.UB\"},\"West Kameng\":{\"id\":\"IN.AR.WK\"},\"West Siang\":{\"id\":\"IN.AR.WS\"},\"Kurung Kumey\":{\"id\":\"IN.AR.KK\"},\"Upper Dibang Valley\":{\"id\":\"IN.AR.UD\"}}},\"Manipur\":{\"sn\":\"MN\",\"id\":\"022\",\"districts\":{\"Bishnupur\":{\"id\":\"IN.MN.BI\"},\"Churachandpur\":{\"id\":\"IN.MN.CC\"},\"Chandel\":{\"id\":\"IN.MN.CD\"},\"Imphal East\":{\"id\":\"IN.MN.EI\"},\"Senapati\":{\"id\":\"IN.MN.SE\"},\"Tamenglong\":{\"id\":\"IN.MN.TA\"},\"Thoubal\":{\"id\":\"IN.MN.TH\"},\"Ukhrul\":{\"id\":\"IN.MN.UK\"},\"Imphal West\":{\"id\":\"IN.MN.WI\"}}},\"Capital Territory of Delhi\":{\"sn\":\"DE\",\"id\":\"010\",\"districts\":{}},\"Andhra Pradesh\":{\"sn\":\"AP\",\"id\":\"002\",\"districts\":{\"Rangareddy (R.R)\":{\"taluks\":[\"Rangareddy (R.R)\"]},\"Hyderabad\":{\"taluks\":[\"Hyderabad\"]},\"Guntur\":{\"taluks\":[\"Guntur\"]},\"West Godavari (W.G)\":{\"taluks\":[\"West Godavari (W.G)\"]},\"East Godavari (E.G)\":{\"taluks\":[\"East Godavari (E.G)\"]}}},\"Rajasthan\":{\"sn\":\"RA\",\"id\":\"029\",\"districts\":{\"Ajmer\":{\"id\":\"IN.RJ.AJ\"},\"Alwar\":{\"id\":\"IN.RJ.AL\"},\"Banswara\":{\"id\":\"IN.RJ.BN\"},\"Baran\":{\"id\":\"IN.RJ.BR\"},\"Barmer\":{\"id\":\"IN.RJ.BM\"},\"Bharatpur\":{\"id\":\"IN.RJ.BP\"},\"Bhilwara\":{\"id\":\"IN.RJ.BW\"},\"Bikaner\":{\"id\":\"IN.RJ.BI\"},\"Bundi\":{\"id\":\"IN.RJ.BU\"},\"Chittorgarh\":{\"id\":\"IN.RJ.CT\"},\"Churu\":{\"id\":\"IN.RJ.CR\"},\"Dausa\":{\"id\":\"IN.RJ.DA\"},\"Dholpur\":{\"id\":\"IN.RJ.DH\"},\"Dungarpur\":{\"id\":\"IN.RJ.DU\"},\"Hanumangarh\":{\"id\":\"IN.RJ.HA\"},\"Jaipur\":{\"id\":\"IN.RJ.JP\"},\"Jaisalmer\":{\"id\":\"IN.RJ.JS\"},\"Jalore\":{\"id\":\"IN.RJ.JL\"},\"Jhalawar\":{\"id\":\"IN.RJ.JW\"},\"Jhunjhunu\":{\"id\":\"IN.RJ.JJ\"},\"Jodhpur\":{\"id\":\"IN.RJ.JO\"},\"Karauli\":{\"id\":\"IN.RJ.KA\"},\"Kota\":{\"id\":\"IN.RJ.KO\"},\"Nagaur\":{\"id\":\"IN.RJ.NA\"},\"Pali\":{\"id\":\"IN.RJ.PA\"},\"Pratapgarh\":{\"id\":\"IN.RJ.PR\"},\"Rajsamand\":{\"id\":\"IN.RJ.RA\"},\"Sawai Madhopur\":{\"id\":\"IN.RJ.SM\"},\"Sikar\":{\"id\":\"IN.RJ.SK\"},\"Sirohi\":{\"id\":\"IN.RJ.SR\"},\"Sri Ganganagar\":{\"id\":\"IN.RJ.GA\"},\"Tonk\":{\"id\":\"IN.RJ.TO\"},\"Udaipur\":{\"id\":\"IN.RJ.UD\"}}},\"Bihar\":{\"sn\":\"BI\",\"id\":\"005\",\"districts\":{\"Bhojpur\":{\"id\":\"IN.BR.BJ\"},\"Arwal\":{\"id\":\"IN.BR.AW\"},\"Sitamarhi\":{\"id\":\"IN.BR.ST\"},\"Samastipur\":{\"id\":\"IN.BR.SM\"},\"Muzaffarpur\":{\"id\":\"IN.BR.MZ\"},\"Banka\":{\"id\":\"IN.BR.BA\"},\"Kishanganj\":{\"id\":\"IN.BR.KI\"},\"Siwan\":{\"id\":\"IN.BR.SW\"},\"East Champaran\":{\"id\":\"IN.BR.EC\"},\"Saran\":{\"id\":\"IN.BR.SR\"},\"Supaul\":{\"id\":\"IN.BR.SU\"},\"Buxar\":{\"id\":\"IN.BR.BU\"},\"Sheikhpura\":{\"id\":\"IN.BR.SP\"},\"Patna\":{\"id\":\"IN.BR.PA\"},\"Sheohar\":{\"id\":\"IN.BR.SO\"},\"Gopalganj\":{\"id\":\"IN.BR.GO\"},\"Gaya\":{\"id\":\"IN.BR.GA\"},\"Bhagalpur\":{\"id\":\"IN.BR.BG\"},\"Kaimur\":{\"id\":\"IN.BR.KM\"},\"Nalanda\":{\"id\":\"IN.BR.NL\"},\"Madhubani\":{\"id\":\"IN.BR.MB\"},\"Araria\":{\"id\":\"IN.BR.AR\"},\"Jamui\":{\"id\":\"IN.BR.JA\"},\"Purnia\":{\"id\":\"IN.BR.PU\"},\"Darbhanga\":{\"id\":\"IN.BR.DA\"},\"Nawada\":{\"id\":\"IN.BR.NW\"},\"Saharsa\":{\"id\":\"IN.BR.SH\"},\"Khagaria\":{\"id\":\"IN.BR.KH\"},\"Vaishali\":{\"id\":\"IN.BR.VA\"},\"Jehanabad\":{\"id\":\"IN.BR.JE\"},\"Lakhisarai\":{\"id\":\"IN.BR.LA\"},\"Aurangabad\":{\"id\":\"IN.BR.AU\"},\"Rohtas\":{\"id\":\"IN.BR.RO\"},\"West Champaran\":{\"id\":\"IN.BR.WC\"},\"Madhepura\":{\"id\":\"IN.BR.MP\"},\"Katihar\":{\"id\":\"IN.BR.KT\"},\"Begusarai\":{\"id\":\"IN.BR.BE\"},\"Munger\":{\"id\":\"IN.BR.MG\"}}},\"Uttar Pradesh\":{\"sn\":\"UP\",\"id\":\"033\",\"districts\":{\"Agra\":{\"id\":\"IN.UP.AG\",\"taluks\":[\"Etmadpur\",\"Agra\",\"Kiraoli\",\"Kheragarh\",\"Fatehabad\",\"Bah\"]},\"Firozabad\":{\"id\":\"IN.UP.FI\"},\"Mainpuri\":{\"id\":\"IN.UP.MP\"},\"Mathura\":{\"id\":\"IN.UP.MT\"},\"Aligarh\":{\"id\":\"IN.UP.AL\"},\"Etah\":{\"id\":\"IN.UP.ET\"},\"Hathras\":{\"id\":\"IN.UP.HT\"},\"Kasganj\":{\"id\":\"IN.UP.KR\"},\"Allahabad\":{\"id\":\"IN.UP.AH\"},\"Fatehpur\":{\"id\":\"IN.UP.FT\"},\"Kaushambi\":{\"id\":\"IN.UP.KS\"},\"Pratapgarh\":{\"id\":\"IN.UP.PR\"},\"Azamgarh\":{\"id\":\"IN.UP.AZ\"},\"Ballia\":{\"id\":\"IN.UP.BL\"},\"Mau\":{\"id\":\"IN.UP.MB\"},\"Badaun\":{\"id\":\"IN.UP.BD\",\"taluks\":[\"Budaun\",\"Bisauli\",\"Bilsi\",\"Dataganj\",\"Khair\",\"Sahaswan\"]},\"Bareilly\":{\"id\":\"IN.UP.BR\",\"taluks\":[\"Bareilly\",\"Aonla\",\"Faridpur\",\"Mirganj\",\"Nawabganj\",\"Baheri\"]},\"Pilibhit\":{\"id\":\"IN.UP.PI\",\"taluks\":[\"Pilibhit\",\"Barkhera\",\"Puranpur\",\"Bisalpur\"]},\"Shahjahanpur\":{\"id\":\"IN.UP.SJ\",\"taluks\":[\"Shahjahanpur\",\"Powayan\",\"Tilhar\",\"Jalalabad\",\"Sadar\"]},\"Basti\":{\"id\":\"IN.UP.BS\"},\"Sant Kabir Nagar\":{\"id\":\"IN.UP.SK\"},\"Siddharthnagar\":{\"id\":\"IN.UP.SN\"},\"Banda\":{\"id\":\"IN.UP.BN\"},\"Chitrakoot\":{\"id\":\"IN.UP.CT\"},\"Hamirpur\":{\"id\":\"IN.UP.HM\"},\"Mahoba\":{\"id\":\"IN.UP.MH\"},\"Bahraich\":{\"id\":\"IN.UP.BH\"},\"Balarampur\":{\"id\":\"IN.UP.BP\"},\"Gonda\":{\"id\":\"IN.UP.GN\"},\"Shravasti\":{\"id\":\"IN.UP.SV\"},\"Ambedkar Nagar\":{\"id\":\"IN.UP.AN\"},\"Amethi\":{\"id\":\"IN.UP.AM\"},\"Barabanki\":{\"id\":\"IN.UP.BB\"},\"Faizabad\":{\"id\":\"IN.UP.FZ\"},\"Sultanpur\":{\"id\":\"IN.UP.SU\"},\"Deoria\":{\"id\":\"IN.UP.DE\"},\"Gorakhpur\":{\"id\":\"IN.UP.GR\"},\"Kushinagar\":{\"id\":\"IN.UP.KU\"},\"Maharajganj\":{\"id\":\"IN.UP.MG\"},\"Jalaun\":{\"id\":\"IN.UP.JL\"},\"Jhansi\":{\"id\":\"IN.UP.JH\"},\"Lalitpur\":{\"id\":\"IN.UP.LA\"},\"Auraiya\":{\"id\":\"IN.UP.AU\"},\"Etawah\":{\"id\":\"IN.UP.EW\"},\"Farrukhabad\":{\"id\":\"IN.UP.FR\"},\"Kannauj\":{\"id\":\"IN.UP.KJ\"},\"Kanpur Dehat\":{\"id\":\"IN.UP.KD\"},\"Kanpur Nagar\":{\"id\":\"IN.UP.KN\"},\"Hardoi\":{\"id\":\"IN.UP.HR\"},\"Lakhimpur Kheri\":{\"id\":\"IN.UP.KH\"},\"Lucknow\":{\"id\":\"IN.UP.LU\"},\"Raebareli\":{\"id\":\"IN.UP.RB\"},\"Sitapur\":{\"id\":\"IN.UP.SI\"},\"Unnao\":{\"id\":\"IN.UP.UN\"},\"Baghpat\":{\"id\":\"IN.UP.BG\"},\"Bulandshahr\":{\"id\":\"IN.UP.BU\"},\"Gautam Buddha Nagar\":{\"id\":\"IN.UP.GB\"},\"Ghaziabad\":{\"id\":\"IN.UP.GZ\"},\"Hapur\":{\"id\":\"IN.UP.HP\"},\"Meerut\":{\"id\":\"IN.UP.ME\"},\"Mirzapur\":{\"id\":\"IN.UP.MI\"},\"Sant Ravidas Nagar\":{\"id\":\"IN.UP.SR\"},\"Sonbhadra\":{\"id\":\"IN.UP.SO\"},\"Amroha\":{\"id\":\"IN.UP.JP\"},\"Bijnour\":{\"id\":\"IN.UP.BI\"},\"Moradabad\":{\"id\":\"IN.UP.MO\"},\"Rampur\":{\"id\":\"IN.UP.RA\"},\"Sambhal\":{\"id\":\"IN.UP.SM\"},\"Muzaffarnagar\":{\"id\":\"IN.UP.MU\"},\"Shamli\":{\"id\":\"IN.UP.SH\"},\"Saharanpur\":{\"id\":\"IN.UP.SA\"},\"Chandauli\":{\"id\":\"IN.UP.CD\"},\"Ghazipur\":{\"id\":\"IN.UP.GP\"},\"Jaunpur\":{\"id\":\"IN.UP.JU\"},\"Varanasi\":{\"id\":\"IN.UP.VA\",\"taluks\":[\"Varanasi\",\"Pindra\"]}}},\"Jammu and Kashmir\":{\"sn\":\"JK\",\"id\":\"015\",\"districts\":{\"Kathua\":{},\"Jammu\":{},\"Samba\":{},\"Udhampur\":{},\"Reasi\":{},\"Rajouri\":{},\"Poonch\":{},\"Doda\":{},\"Ramban\":{},\"Kishtwar\":{},\"Anantnag\":{},\"Kulgam\":{},\"Pulwama\":{},\"Shopian\":{},\"Budgam\":{},\"Srinagar\":{},\"Ganderbal\":{},\"Bandipora\":{},\"Baramulla\":{},\"Kupwara\":{},\"Kargil\":{},\"Leh\":{}}},\"Tamil Nadu\":{\"sn\":\"TN\",\"id\":\"031\",\"districts\":{\"Chennai\":{\"taluks\":[\"Chennai\"]},\"Thanjavur\":{\"taluks\":[\"Thanjavur\"]}}},\"West Bengal\":{\"sn\":\"WB\",\"id\":\"035\",\"districts\":{\"Jalpaiguri\":{},\"Medinipur\":{}}},\"Maharashtra\":{\"sn\":\"MA\",\"id\":\"021\",\"districts\":{\"Pune\":{\"taluks\":[\"Indapur\",\"Junnar\"]},\"Beed\":{},\"Nanded\":{},\"Aurangabad\":{},\"Solapur\":{\"taluks\":[\"Barshi\",\"Mahol\"]},\"Latur\":{},\"Osmanabad\":{}}},\"Karnataka\":{\"sn\":\"KA\",\"id\":\"017\",\"districts\":{\"Chamarajanagar\":{\"id\":\"IN.KA.CJ\",\"taluks\":[\"Chamarajanagar\",\"Gundlupet\",\"Kollegal\",\"Yelandur\",\"Hanur\"]},\"Ramanagara\":{\"id\":\"IN.KA.RN\",\"taluks\":[\"Ramanagara\",\"Magadi\",\"Kanakapura\"]},\"Bellary\":{\"id\":\"IN.KA.BL\",\"taluks\":[\"Bellary\",\"Hospet\",\"Hoovina Hadagalli\",\"Hagaribommanahalli\",\"Kudligi\",\"Sandur\",\"Siruguppa\",\"Kottur\",\"Kampli\",\"Kurugod\"]},\"Koppal\":{\"id\":\"IN.KA.KP\",\"taluks\":[\"Koppal\",\"Gangavati\",\"Kushtagi\",\"Yelbarga\"]},\"Uttar Kannada\":{\"id\":\"IN.KA.UK\",\"taluks\":[\"Karwar\",\"Sirsi\",\"Joida\",\"Dandeli\",\"Bhatkal\",\"Kumta\",\"Ankola\",\"Haliyal\",\"Honavar\",\"Mundgod\",\"Siddapur\",\"Yellapur\"]},\"Kodagu\":{\"id\":\"IN.KA.KD\",\"taluks\":[\"Madikeri\",\"Somvarpet\",\"Virajpet\"]},\"Mysore\":{\"id\":\"IN.KA.MY\",\"taluks\":[\"Hunsur\",\"Tirumakudalu Narasipura\",\"Mysore\",\"Krishnarajanagar\",\"Nanjangud\",\"Heggadadevanakote\",\"Piriyapatna\"]},\"Bangalore Urban\":{\"id\":\"IN.KA.BN\",\"taluks\":[\"Anekal\",\"Bengaluru South\",\"Bengaluru North\",\"Bengaluru East\",\"Yelahanka\"]},\"Shimoga\":{\"id\":\"IN.KA.SH\",\"taluks\":[\"Sagar\",\"Shimoga\",\"Bhadravati\",\"Hosanagara\",\"Shikaripura\",\"Sorab\",\"Tirthahalli\"]},\"Dakshina Kannada\":{\"id\":\"IN.KA.DK\",\"taluks\":[\"Mangalore\",\"Puttur\",\"Bantwal\",\"Beltangadi\",\"Sulya\",\"Kadaba\",\"Moodbidri\"]},\"Udupi\":{\"id\":\"IN.KA.UD\",\"taluks\":[\"Udupi\",\"Karkal\",\"Kundapura\"]},\"Chikkaballapur\":{\"id\":\"IN.KA.CH\",\"taluks\":[\"Chikkaballapur\",\"Bagepalli\",\"Chintamani\",\"Gauribidanur\",\"Gudibanda\",\"Sidlaghatta\"]},\"Raichur\":{\"id\":\"IN.KA.RA\",\"taluks\":[\"Raichur\",\"Manvi\",\"Sindhnur\",\"Devadurga\",\"Lingsugur\",\"Sirwar\",\"Maski\"]},\"Davanagere\":{\"id\":\"IN.KA.DA\",\"taluks\":[\"Davanagere\",\"Harihar\",\"Channagiri\",\"Harpanahalli\",\"Honnali\",\"Jagalur\"]},\"Gulbarga\":{\"id\":\"IN.KA.GU\",\"taluks\":[\"Gulbarga\",\"Afzalpur\",\"Aland\",\"Chincholi\",\"Chitapur\",\"Jevargi\",\"Sedam\"]},\"Hassan\":{\"id\":\"IN.KA.HS\",\"taluks\":[\"Hassan\",\"Arsikere\",\"Channarayapattana\",\"Holenarsipur\",\"Sakleshpur\",\"Alur\",\"Arkalgud\",\"Belur\"]},\"Chikamagalur\":{\"id\":\"IN.KA.CK\",\"taluks\":[\"Chikmagalur\",\"Kadur\",\"Koppa\",\"Mudigere\",\"Narasimharajapura\",\"Sringeri\",\"Tarikere\"]},\"Kolar\":{\"id\":\"IN.KA.KL\",\"taluks\":[\"Chik Ballapur\",\"Chintamani\",\"Kolar\",\"Bangarapet\",\"Gauribidanur\",\"Malur\",\"Mulbagal\",\"Sidlaghatta\",\"Bagepalli\",\"Gudibanda\",\"Srinivaspur\"]},\"Gadag\":{\"id\":\"IN.KA.GA\",\"taluks\":[\"Gadag Betigeri\",\"Nargund\",\"Mundargi\",\"Ron\",\"Shirahatti\"]},\"Haveri\":{\"id\":\"IN.KA.HV\",\"taluks\":[\"Haveri\",\"Ranibennur\",\"Byadgi\",\"Hangal\",\"Savanur\",\"Hirekerur\",\"Shiggaon\"]},\"Chitradurga\":{\"id\":\"IN.KA.CT\",\"taluks\":[\"Chitradurga\",\"Challakere\",\"Hiriyur\",\"Holalkere\",\"Hosdurga\",\"Molakalmuru\"]},\"Bidar\":{\"id\":\"IN.KA.BD\",\"taluks\":[\"Aurad\",\"Basavakalyan\",\"Bidar\",\"Bhalki\",\"Homnabad\",\"Chitgoppa\",\"Hulsoor\",\"Kamalnagar\"]},\"Mandya\":{\"id\":\"IN.KA.MA\",\"taluks\":[\"Mandya\",\"Maddur\",\"Malavalli\",\"Shrirangapattana\",\"Krishnarajpet\",\"Nagamangala\",\"Pandavapura\"]},\"Yadgir\":{\"id\":\"IN.KA.YA\",\"taluks\":[\"Yadgir\",\"Shahpur\",\"Shorapur\"]},\"Bagalkot\":{\"id\":\"IN.KA.BK\",\"taluks\":[\"Bagalkot\",\"Jamkhandi\",\"Mudhol\",\"Badami\",\"Bilagi\",\"Hungund\",\"Ilkal\",\"Rabkavi Banhatti\",\"Guledgudda\"]},\"Bangalore Rural\":{\"id\":\"IN.KA.BR\",\"taluks\":[\"Doddaballapura\",\"Devanhalli\",\"Hoskote\",\"Nelmangala\"]},\"Bijapur\":{\"id\":\"IN.KA.BJ\",\"taluks\":[\"Bijapur\",\"Basavan Bagevadi\",\"Indi\",\"Muddebihal\",\"Sindagi\",\"Talikota\",\"Chadchan\",\"Devar Hipparagi\",\"Kolhar\",\"Nidagundi\",\"Babaleshwar\",\"Tikota\"]},\"Dharwad\":{\"id\":\"IN.KA.DH\",\"taluks\":[\"Kalghatgi\",\"Dharwad\",\"Hubli\",\"Hubli City\",\"Kundgol\",\"Navalgund\"]},\"Belgaum\":{\"id\":\"IN.KA.BG\",\"taluks\":[\"Belgaum\",\"Athani\",\"Bailahongal\",\"Chikodi\",\"Gokak\",\"Hukkeri\",\"Khanapur\",\"Ramdurg\",\"Raybag\",\"Saundatti\",\"Kittur\",\"Nipani\",\"Mudalgi\",\"Kagawad\"]},\"Tumkur\":{\"id\":\"IN.KA.TU\",\"taluks\":[\"Tumkur\",\"Chiknayakanhalli\",\"Kunigal\",\"Madhugiri\",\"Sira\",\"Tiptur\",\"Gubbi\",\"Koratagere\",\"Pavagada\",\"Turuvekere\"]}}},\"Jharkhand\":{\"sn\":\"JH\",\"id\":\"016\",\"districts\":{\"Bokaro\":{\"id\":\"IN.JH.BO\"},\"Chatra\":{\"id\":\"IN.JH.CH\"},\"Deoghar\":{\"id\":\"IN.JH.DE\"},\"Dhanbad\":{\"id\":\"IN.JH.DH\"},\"Dumka\":{\"id\":\"IN.JH.DU\"},\"East Singhbhum\":{\"id\":\"IN.JH.ES\"},\"Garhwa\":{\"id\":\"IN.JH.GA\"},\"Giridih\":{\"id\":\"IN.JH.GI\"},\"Godda\":{\"id\":\"IN.JH.GO\"},\"Gumla\":{\"id\":\"IN.JH.GU\"},\"Hazaribagh\":{\"id\":\"IN.JH.HA\"},\"Jamtara\":{\"id\":\"IN.JH.JA\"},\"Khunti\":{\"id\":\"IN.JH.KH\"},\"Koderma\":{\"id\":\"IN.JH.KO\"},\"Latehar\":{\"id\":\"IN.JH.LA\"},\"Lohardaga\":{\"id\":\"IN.JH.LO\"},\"Pakur\":{\"id\":\"IN.JH.PK\"},\"Palamu\":{\"id\":\"IN.JH.PL\"},\"Ramgarh\":{\"id\":\"IN.JH.RH\"},\"Ranchi\":{\"id\":\"IN.JH.RA\"},\"Sahebganj\":{\"id\":\"IN.JH.SA\"},\"Seraikela Kharsawan\":{\"id\":\"IN.JH.SR\"},\"Simdega\":{\"id\":\"IN.JH.SI\"},\"West Singhbhum\":{\"id\":\"IN.JH.WS\"}}},\"Kerala\":{\"sn\":\"KE\",\"id\":\"018\",\"districts\":{\"Palakkad\":{\"taluks\":[\"Alathur\",\"Chittur\"]},\"Calicut\":{},\"Trivandrum\":{\"taluks\":[\"Nedumangad\",\"Chirayinkeezhu\"]}}},\"Goa\":{\"sn\":\"GO\",\"id\":\"011\",\"districts\":{}},\"Andaman and Nicobar Islands\":{\"sn\":\"AN\",\"id\":\"001\",\"districts\":{}},\"Assam\":{\"sn\":\"AS\",\"id\":\"004\",\"districts\":{\"Barpeta\":{\"id\":\"IN.AS.BA\"},\"Bongaigaon\":{\"id\":\"IN.AS.BO\"},\"Cachar\":{\"id\":\"IN.AS.CA\"},\"Darrang\":{\"id\":\"IN.AS.DA\"},\"Dhemaji\":{\"id\":\"IN.AS.DM\"},\"Dhubri\":{\"id\":\"IN.AS.DB\"},\"Dibrugarh\":{\"id\":\"IN.AS.DI\"},\"Goalpara\":{\"id\":\"IN.AS.GP\"},\"Golaghat\":{\"id\":\"IN.AS.GG\"},\"Hailakandi\":{\"id\":\"IN.AS.HA\"},\"Jorhat\":{\"id\":\"IN.AS.JO\"},\"Karbi-Anglong\":{\"id\":\"IN.AS.KA\"},\"Karimganj\":{\"id\":\"IN.AS.KR\"},\"Kokrajhar\":{\"id\":\"IN.AS.KK\"},\"Lakhimpur\":{\"id\":\"IN.AS.LA\"},\"Morigaon\":{\"id\":\"IN.AS.MA\"},\"Nagaon\":{\"id\":\"IN.AS.NG\"},\"Nalbari\":{\"id\":\"IN.AS.NL\"},\"Dima Hasao\":{\"id\":\"IN.AS.NC\"},\"Sivasagar\":{\"id\":\"IN.AS.SI\"},\"Sonitpur\":{\"id\":\"IN.AS.SO\"},\"Tinsukia\":{\"id\":\"IN.AS.TI\"},\"Kamrup Rural\":{\"id\":\"IN.AS.KP\"},\"Kamrup Metropolitan\":{\"id\":\"IN.AS.KM\"},\"Baksa\":{\"id\":\"IN.AS.BK\"},\"Udalguri\":{\"id\":\"IN.AS.UD\"},\"Chirang\":{\"id\":\"IN.AS.CH\"}}},\"Chandigarh\":{\"sn\":\"CH\",\"id\":\"006\",\"districts\":{}},\"Chhattisgarh\":{\"sn\":\"CA\",\"id\":\"007\",\"districts\":{\"Balod\":{\"id\":\"IN.CT.BD\"},\"Baloda bazar\":{\"id\":\"IN.CT.BB\"},\"Balrampur\":{\"id\":\"IN.CT.BR\"},\"Bemetara\":{\"id\":\"IN.CT.BM\"},\"Dhamtari\":{\"id\":\"IN.CT.DH\"},\"Durg\":{\"id\":\"IN.CT.DU\"},\"Gariaband\":{\"id\":\"IN.CT.GB\"},\"Kawardha\":{\"id\":\"IN.CT.KW\"},\"Mahasamund\":{\"id\":\"IN.CT.MA\"},\"Raipur\":{\"id\":\"IN.CT.RP\"},\"Rajnandgaon\":{\"id\":\"IN.CT.RN\"},\"Bastar\":{\"id\":\"IN.CT.BA\"},\"Sukma\":{\"id\":\"IN.CT.SK\"},\"Kondagaon\":{\"id\":\"IN.CT.KG\"},\"Dantewada\":{\"id\":\"IN.CT.DA\"},\"Bijapur\":{\"id\":\"IN.CT.BJ\"},\"Kanker\":{\"id\":\"IN.CT.KK\"},\"Narayanpur\":{\"id\":\"IN.CT.NA\"},\"Bilaspur\":{\"id\":\"IN.CT.BI\"},\"Mungeli\":{\"id\":\"IN.CT.MU\"},\"Janjgir-Champa\":{\"id\":\"IN.CT.JC\"},\"Korba\":{\"id\":\"IN.CT.KB\"},\"Surguja\":{\"id\":\"IN.CT.SG\"},\"Raigarh\":{\"id\":\"IN.CT.RG\"},\"Jashpur\":{\"id\":\"IN.CT.JA\"},\"Koriya\":{\"id\":\"IN.CT.KJ\"},\"Surajpur\":{\"id\":\"IN.CT.SP\"}}},\"Dadra and Nagar Haveli\":{\"sn\":\"DN\",\"id\":\"008\",\"districts\":{}},\"Daman and Diu\":{\"sn\":\"DD\",\"id\":\"009\",\"districts\":{}},\"Gujarat\":{\"sn\":\"GU\",\"id\":\"012\",\"districts\":{\"Ahmedabad\":{\"id\":\"IN.GU.AB\"},\"Kheda\":{\"id\":\"IN.GU.KD\"},\"Anand\":{\"id\":\"IN.GU.AN\"},\"Surendranagar\":{\"id\":\"IN.GU.SD\"},\"Gandhinagar\":{\"id\":\"IN.GU.GA\"},\"Mehsana\":{\"id\":\"IN.GU.MA\"},\"Patan\":{\"id\":\"IN.GU.PA\"},\"Sabarkantha\":{\"id\":\"IN.GU.SB\"},\"Aravalli\":{\"id\":\"IN.GU.AR\"},\"Banaskantha\":{\"id\":\"IN.GU.BK\"},\"Vadodara\":{\"id\":\"IN.GU.VA\"},\"Panchmahal\":{\"id\":\"IN.GU.PC\"},\"Dahod\":{\"id\":\"IN.GU.DA\"},\"Bharuch\":{\"id\":\"IN.GU.BR\"},\"Chhotaudepur\":{\"id\":\"IN.GU.CU\"},\"Mahisagar\":{\"id\":\"IN.GU.MS\"},\"Narmada\":{\"id\":\"IN.GU.NR\"},\"Surat\":{\"id\":\"IN.GU.SR\"},\"Tapi\":{\"id\":\"IN.GU.TP\"},\"Valsad\":{\"id\":\"IN.GU.VL\"},\"Navsari\":{\"id\":\"IN.GU.NV\"},\"Dang\":{\"id\":\"IN.GU.DG\"},\"Bhavnagar\":{\"id\":\"IN.GU.BN\"},\"Amreli\":{\"id\":\"IN.GU.AM\"},\"Junagadh\":{\"id\":\"IN.GU.JG\"},\"Botad\":{\"id\":\"IN.GU.BT\"},\"Gir Somnath\":{\"id\":\"IN.GU.GS\"},\"Porbandar\":{\"id\":\"IN.GU.PO\"},\"Rajkot\":{\"id\":\"IN.GU.RK\"},\"Jamnagar\":{\"id\":\"IN.GU.JM\"},\"Kutch\":{\"id\":\"IN.GU.KA\"},\"Devbhumi Dwaraka\":{\"id\":\"IN.GU.DD\"},\"Morbi\":{\"id\":\"IN.GU.MB\"}}},\"Haryana\":{\"sn\":\"HA\",\"id\":\"013\",\"districts\":{\"Ambala\":{\"id\":\"IN.HR.AM\"},\"Bhiwani\":{\"id\":\"IN.HR.BH\"},\"Faridabad\":{\"id\":\"IN.HR.FR\"},\"Fatehabad\":{\"id\":\"IN.HR.FT\"},\"Gurgaon\":{\"id\":\"IN.HR.GU\"},\"Hisar\":{\"id\":\"IN.HR.HI\"},\"Jhajjar\":{\"id\":\"IN.HR.JH\"},\"Jind\":{\"id\":\"IN.HR.JI\"},\"Kaithal\":{\"id\":\"IN.HR.KT\"},\"Karnal\":{\"id\":\"IN.HR.KR\"},\"Kurukshetra\":{\"id\":\"IN.HR.KU\"},\"Mahendragarh\":{\"id\":\"IN.HR.MA\"},\"Nuh\":{\"id\":\"IN.HR.MW\"},\"Palwal\":{\"id\":\"IN.HR.PL\"},\"Panchkula\":{\"id\":\"IN.HR.PK\"},\"Rewari\":{\"id\":\"IN.HR.RE\"},\"Rohtak\":{\"id\":\"IN.HR.RO\"},\"Sirsa\":{\"id\":\"IN.HR.SI\"},\"Sonipat\":{\"id\":\"IN.HR.SO\"},\"Yamunanagar\":{\"id\":\"IN.HR.YN\"}}},\"Himachal Pradesh\":{\"sn\":\"HP\",\"id\":\"014\",\"districts\":{\"Bilaspur\":{\"id\":\"IN.HP.BI\"},\"Chamba\":{\"id\":\"IN.HP.CH\"},\"Hamirpur\":{\"id\":\"IN.HP.HA\"},\"Kangra\":{\"id\":\"IN.HP.KA\"},\"Kinnaur\":{\"id\":\"IN.HP.KI\"},\"Kullu\":{\"id\":\"IN.HP.KU\"},\"Lahaul Spiti\":{\"id\":\"IN.HP.LS\"},\"Mandi\":{\"id\":\"IN.HP.MA\"},\"Shimla\":{\"id\":\"IN.HP.SH\"},\"Sirmaur\":{\"id\":\"IN.HP.SI\"},\"Solan\":{\"id\":\"IN.HP.SO\"},\"Una\":{\"id\":\"IN.HP.UN\"}}},\"Lakshadweep\":{\"sn\":\"LA\",\"id\":\"019\",\"districts\":{}},\"Madhya Pradesh\":{\"sn\":\"MP\",\"id\":\"020\",\"districts\":{\"Agar\":{\"id\":\"IN.MP.AM\"},\"Ashoknagar\":{\"id\":\"IN.MP.AS\"},\"Burhanpur\":{\"id\":\"IN.MP.BU\"},\"Alirajpur\":{\"id\":\"IN.MP.AL\"},\"Singrauli\":{\"id\":\"IN.MP.SU\"},\"Anuppur\":{\"id\":\"IN.MP.AN\"},\"Balaghat\":{\"id\":\"IN.MP.BL\"},\"Barwani\":{\"id\":\"IN.MP.BR\"},\"Betul\":{\"id\":\"IN.MP.BE\"},\"Bhind\":{\"id\":\"IN.MP.BD\"},\"Bhopal\":{\"id\":\"IN.MP.BP\"},\"Chhatarpur\":{\"id\":\"IN.MP.CT\"},\"Chhindwara\":{\"id\":\"IN.MP.CN\"},\"Damoh\":{\"id\":\"IN.MP.DM\"},\"Datia\":{\"id\":\"IN.MP.DT\"},\"Dewas\":{\"id\":\"IN.MP.DE\"},\"Dhar\":{\"id\":\"IN.MP.DH\"},\"Dindori\":{\"id\":\"IN.MP.DI\"},\"Khandwa\":{\"id\":\"IN.MP.KD\"},\"Guna\":{\"id\":\"IN.MP.GU\"},\"Gwalior\":{\"id\":\"IN.MP.GW\"},\"Harda\":{\"id\":\"IN.MP.HA\"},\"Hoshangabad\":{\"id\":\"IN.MP.HO\"},\"Indore\":{\"id\":\"IN.MP.IN\"},\"Jabalpur\":{\"id\":\"IN.MP.JA\"},\"Jhabua\":{\"id\":\"IN.MP.JH\"},\"Katni\":{\"id\":\"IN.MP.KA\"},\"Mandla\":{\"id\":\"IN.MP.ML\"},\"Mandsaur\":{\"id\":\"IN.MP.MS\"},\"Morena\":{\"id\":\"IN.MP.MO\"},\"Narsinghpur\":{\"id\":\"IN.MP.NA\"},\"Neemuch\":{\"id\":\"IN.MP.NE\"},\"Panna\":{\"id\":\"IN.MP.PA\"},\"Raisen\":{\"id\":\"IN.MP.RS\"},\"Rajgarh\":{\"id\":\"IN.MP.RG\"},\"Ratlam\":{\"id\":\"IN.MP.RL\"},\"Rewa\":{\"id\":\"IN.MP.RE\"},\"Sagar\":{\"id\":\"IN.MP.SG\"},\"Satna\":{\"id\":\"IN.MP.ST\"},\"Sehore\":{\"id\":\"IN.MP.SR\"},\"Seoni\":{\"id\":\"IN.MP.SO\"},\"Shahdol\":{\"id\":\"IN.MP.SH\"},\"Shajapur\":{\"id\":\"IN.MP.SJ\"},\"Sheopur\":{\"id\":\"IN.MP.SP\"},\"Shivpuri\":{\"id\":\"IN.MP.SV\"},\"Sidhi\":{\"id\":\"IN.MP.SI\"},\"Tikamgarh\":{\"id\":\"IN.MP.TI\"},\"Ujjain\":{\"id\":\"IN.MP.UJ\"},\"Umaria\":{\"id\":\"IN.MP.UM\"},\"Vidisha\":{\"id\":\"IN.MP.VI\"},\"Khargone\":{\"id\":\"IN.MP.KH\"}}},\"Mizoram\":{\"sn\":\"MI\",\"id\":\"024\",\"districts\":{}},\"Nagaland\":{\"sn\":\"NA\",\"id\":\"025\",\"districts\":{\"Dimapur\":{\"id\":\"IN.NL.DI\"},\"Peren\":{\"id\":\"IN.NL.PE\"},\"Kohima\":{\"id\":\"IN.NL.KO\"},\"Mokokchung\":{\"id\":\"IN.NL.MK\"},\"Longleng\":{\"id\":\"IN.NL.LO\"},\"Mon\":{\"id\":\"IN.NL.MN\"},\"Phek\":{\"id\":\"IN.NL.PH\"},\"Kiphire\":{\"id\":\"IN.NL.KI\"},\"Zunheboto\":{\"id\":\"IN.NL.ZU\"},\"Wokha\":{\"id\":\"IN.NL.WO\"},\"Tuensang\":{\"id\":\"IN.NL.TU\"}}},\"Odisha\":{\"sn\":\"OR\",\"id\":\"026\",\"districts\":{\"Khurda\":{\"id\":\"IN.OR.KH\"},\"Nayagarh\":{\"id\":\"IN.OR.NY\"},\"Puri\":{\"id\":\"IN.OR.PU\"},\"Jagatsinghpur\":{\"id\":\"IN.OR.JS\"},\"Cuttack\":{\"id\":\"IN.OR.CU\"},\"Angul\":{\"id\":\"IN.OR.AN\"},\"Jajpur\":{\"id\":\"IN.OR.JP\"},\"Kendrapara\":{\"id\":\"IN.OR.KP\"},\"Dhenkanal\":{\"id\":\"IN.OR.DH\"},\"Balasore\":{\"id\":\"IN.OR.BW\"},\"Bhadrak\":{\"id\":\"IN.OR.BH\"},\"Kendujhar\":{\"id\":\"IN.OR.KJ\"},\"Mayurbhanj\":{\"id\":\"IN.OR.MY\"},\"Sambalpur\":{\"id\":\"IN.OR.SA\"},\"Bargarh\":{\"id\":\"IN.OR.BR\"},\"Deogarh\":{\"id\":\"IN.OR.DE\"},\"Ganjam\":{\"id\":\"IN.OR.GN\"},\"Gajapati\":{\"id\":\"IN.OR.GP\"},\"Boudh\":{\"id\":\"IN.OR.BD\"},\"Kandhamal\":{\"id\":\"IN.OR.KN\"},\"Malkangiri\":{\"id\":\"IN.OR.ML\"},\"Koraput\":{\"id\":\"IN.OR.KO\"},\"Nabarangpur\":{\"id\":\"IN.OR.NB\"},\"Rayagada\":{\"id\":\"IN.OR.RA\"},\"Balangir\":{\"id\":\"IN.OR.BL\"},\"Kalahandi\":{\"id\":\"IN.OR.KL\"},\"Nuapada\":{\"id\":\"IN.OR.NU\"},\"Subarnapur\":{\"id\":\"IN.OR.SO\"},\"Sundargarh\":{\"id\":\"IN.OR.SU\"},\"Jharsuguda\":{\"id\":\"IN.OR.JH\"}}},\"Puducherry\":{\"sn\":\"PO\",\"id\":\"027\",\"districts\":{}},\"Sikkim\":{\"sn\":\"SI\",\"id\":\"030\",\"districts\":{}},\"Tripura\":{\"sn\":\"TR\",\"id\":\"032\",\"districts\":{}},\"Uttarakhand\":{\"sn\":\"UT\",\"id\":\"034\",\"districts\":{}},\"Punjab\":{\"sn\":\"PU\",\"id\":\"028\",\"districts\":{}},\"Telangana\":{\"sn\":\"TL\",\"id\":\"036\",\"districts\":{}}}},\"SL\":{\"name\":\"Sierra Leone\",\"states\":{\"Western Area Rural\":{\"districts\":{}},\"Moyamba\":{\"districts\":{}},\"Bombali\":{\"districts\":{}},\"Kenema\":{\"districts\":{}},\"Bonthe\":{\"districts\":{}},\"Pujehun\":{\"districts\":{}},\"Kono\":{\"districts\":{}},\"Port Loko\":{\"districts\":{}},\"Bo\":{\"districts\":{}},\"Kambia\":{\"districts\":{}},\"Koinadugu\":{\"districts\":{}},\"Western Area Urban\":{\"districts\":{}},\"Tonkolili\":{\"districts\":{}},\"Kailahun\":{\"districts\":{}}}},\"MM\":{\"name\":\"Myanmar\",\"states\":{\"Kachin State\":{\"districts\":{\"Myitkyina\":{\"id\":\"001\",\"sn\":\"MY\"},\"Waingmaw\":{\"id\":\"002\",\"sn\":\"WG\"},\"Injangyang\":{\"id\":\"003\",\"sn\":\"IG\"},\"Tanai\":{\"id\":\"004\",\"sn\":\"TN\"},\"Chipwi\":{\"id\":\"005\",\"sn\":\"CP\"},\"Tsawlaw\":{\"id\":\"006\",\"sn\":\"TL\"},\"Mohnyin\":{\"id\":\"007\",\"sn\":\"MN\"},\"Mogaung\":{\"id\":\"008\",\"sn\":\"MG\"},\"Hpakan\":{\"id\":\"009\",\"sn\":\"HK\"},\"Bhamo\":{\"id\":\"010\",\"sn\":\"BH\"},\"Shwegu\":{\"id\":\"011\",\"sn\":\"SG\"},\"Momauk\":{\"id\":\"012\",\"sn\":\"MM\"},\"Mansi\":{\"id\":\"013\",\"sn\":\"MS\"},\"Puta-O\":{\"id\":\"014\",\"sn\":\"PO\"},\"Sumprabum\":{\"id\":\"015\",\"sn\":\"SP\"},\"Machanbaw\":{\"id\":\"016\",\"sn\":\"MB\"},\"Nawngmun\":{\"id\":\"017\",\"sn\":\"NM\"},\"Khaunglanhpu\":{\"id\":\"018\",\"sn\":\"KL\"}},\"id\":\"01\",\"sn\":\"KC\"},\"Kayah State\":{\"districts\":{\"Loikaw\":{\"id\":\"019\",\"sn\":\"LK\"},\"Demoso\":{\"id\":\"020\",\"sn\":\"DM\"},\"Hpruso\":{\"id\":\"021\",\"sn\":\"HR\"},\"Shadaw\":{\"id\":\"022\",\"sn\":\"SD\"},\"Bawlakhe\":{\"id\":\"023\",\"sn\":\"BL\"},\"Hpasawng\":{\"id\":\"024\",\"sn\":\"HS\"},\"Mese\":{\"id\":\"025\",\"sn\":\"ME\"}},\"id\":\"02\",\"sn\":\"KY\"},\"Kayin State\":{\"districts\":{\"Hpa-An\":{\"id\":\"026\",\"sn\":\"HA\"},\"Hlaingbwe\":{\"id\":\"027\",\"sn\":\"HB\"},\"Hpapun\":{\"id\":\"028\",\"sn\":\"HP\"},\"Thandaunggyi\":{\"id\":\"029\",\"sn\":\"TN\"},\"Myawaddy\":{\"id\":\"030\",\"sn\":\"MW\"},\"Kawkareik\":{\"id\":\"031\",\"sn\":\"KK\"},\"Kyainseikgyi\":{\"id\":\"032\",\"sn\":\"KS\"}},\"id\":\"03\",\"sn\":\"KN\"},\"Chin State\":{\"districts\":{\"Falam\":{\"id\":\"033\",\"sn\":\"FA\"},\"Hakha\":{\"id\":\"034\",\"sn\":\"HK\"},\"Thantlang\":{\"id\":\"035\",\"sn\":\"TL\"},\"Tedim\":{\"id\":\"036\",\"sn\":\"TD\"},\"Tonzang\":{\"id\":\"037\",\"sn\":\"TZ\"},\"Mindat\":{\"id\":\"038\",\"sn\":\"MN\"},\"Matupi\":{\"id\":\"039\",\"sn\":\"MP\"},\"Kanpetlet\":{\"id\":\"040\",\"sn\":\"KP\"},\"Paletwa\":{\"id\":\"041\",\"sn\":\"PT\"}},\"id\":\"04\",\"sn\":\"CS\"},\"Sagaing Region\":{\"districts\":{\"Sagaing\":{\"id\":\"042\",\"sn\":\"SG\"},\"Myinmu\":{\"id\":\"043\",\"sn\":\"MM\"},\"Myaung\":{\"id\":\"044\",\"sn\":\"MY\"},\"Shwebo\":{\"id\":\"045\",\"sn\":\"SB\"},\"Khin-U\":{\"id\":\"046\",\"sn\":\"KU\"},\"Wetlet\":{\"id\":\"047\",\"sn\":\"WL\"},\"Kanbalu\":{\"id\":\"048\",\"sn\":\"KB\"},\"Kyunhla\":{\"id\":\"049\",\"sn\":\"KH\"},\"Ye-U\":{\"id\":\"050\",\"sn\":\"YU\"},\"Tabayin\":{\"id\":\"051\",\"sn\":\"TB\"},\"Taze\":{\"id\":\"052\",\"sn\":\"TZ\"},\"Monywa\":{\"id\":\"053\",\"sn\":\"MW\"},\"Budalin\":{\"id\":\"054\",\"sn\":\"BD\"},\"Ayadaw\":{\"id\":\"055\",\"sn\":\"AD\"},\"Chaung-U\":{\"id\":\"056\",\"sn\":\"CU\"},\"Yinmabin\":{\"id\":\"057\",\"sn\":\"YM\"},\"Kani\":{\"id\":\"058\",\"sn\":\"KN\"},\"Salingyi\":{\"id\":\"059\",\"sn\":\"SA\"},\"Pale\":{\"id\":\"060\",\"sn\":\"PL\"},\"Katha\":{\"id\":\"061\",\"sn\":\"KT\"},\"Indaw\":{\"id\":\"062\",\"sn\":\"ID\"},\"Tigyaing\":{\"id\":\"063\",\"sn\":\"TY\"},\"Banmauk\":{\"id\":\"064\",\"sn\":\"BM\"},\"Kawlin\":{\"id\":\"065\",\"sn\":\"KL\"},\"Wuntho\":{\"id\":\"066\",\"sn\":\"WT\"},\"Pinlebu\":{\"id\":\"067\",\"sn\":\"PI\"},\"Kale\":{\"id\":\"068\",\"sn\":\"KA\"},\"Kalewa\":{\"id\":\"069\",\"sn\":\"KW\"},\"Mingin\":{\"id\":\"070\",\"sn\":\"MG\"},\"Tamu\":{\"id\":\"071\",\"sn\":\"TA\"},\"Mawlaik\":{\"id\":\"072\",\"sn\":\"MK\"},\"Paungbyin\":{\"id\":\"073\",\"sn\":\"PG\"},\"Hkamt\":{\"id\":\"074\",\"sn\":\"HK\"},\"Homalin\":{\"id\":\"075\",\"sn\":\"HL\"},\"Lay Shi\":{\"id\":\"076\",\"sn\":\"LS\"},\"Lahe\":{\"id\":\"077\",\"sn\":\"LH\"},\"Nanyun\":{\"id\":\"078\",\"sn\":\"NY\"}},\"id\":\"05\",\"sn\":\"SR\"},\"Tanintharyi Region\":{\"districts\":{\"Dawei\":{\"id\":\"079\",\"sn\":\"DW\"},\"Launglon\":{\"id\":\"080\",\"sn\":\"LG\"},\"Thayetchaung\":{\"id\":\"081\",\"sn\":\"TC\"},\"Yebyu\":{\"id\":\"082\",\"sn\":\"YB\"},\"Myeik\":{\"id\":\"083\",\"sn\":\"MY\"},\"Kyunsu\":{\"id\":\"084\",\"sn\":\"KS\"},\"Palaw\":{\"id\":\"085\",\"sn\":\"PL\"},\"Tanintharyi\":{\"id\":\"086\",\"sn\":\"TN\"},\"Kawthoung\":{\"id\":\"087\",\"sn\":\"KT\"},\"Bokpyin\":{\"id\":\"088\",\"sn\":\"BP\"}},\"id\":\"06\",\"sn\":\"TR\"},\"East Bago Region\":{\"districts\":{\"Bago\":{\"id\":\"089\",\"sn\":\"BA\"},\"Thanatpin\":{\"id\":\"090\",\"sn\":\"TP\"},\"Kawa\":{\"id\":\"091\",\"sn\":\"KW\"},\"Waw\":{\"id\":\"092\",\"sn\":\"WW\"},\"Nyaunglebin\":{\"id\":\"093\",\"sn\":\"NL\"},\"Kyauktaga\":{\"id\":\"094\",\"sn\":\"KT\"},\"Daik-U\":{\"id\":\"095\",\"sn\":\"DU\"},\"Shwegyin\":{\"id\":\"096\",\"sn\":\"SG\"},\"Taungoo\":{\"id\":\"097\",\"sn\":\"TG\"},\"Yedashe\":{\"id\":\"098\",\"sn\":\"YD\"},\"Kyaukkyi\":{\"id\":\"099\",\"sn\":\"KK\"},\"Phyu\":{\"id\":\"100\",\"sn\":\"PY\"},\"Oktwin\":{\"id\":\"101\",\"sn\":\"OW\"},\"Htantabin\":{\"id\":\"102\",\"sn\":\"HT\"}},\"id\":\"07\",\"sn\":\"EB\"},\"West Bago Region\":{\"districts\":{\"Pyay\":{\"id\":\"103\",\"sn\":\"PY\"},\"Paukkhaung\":{\"id\":\"104\",\"sn\":\"PK\"},\"Padaung\":{\"id\":\"105\",\"sn\":\"PD\"},\"Paungde\":{\"id\":\"106\",\"sn\":\"PG\"},\"Thegon\":{\"id\":\"107\",\"sn\":\"TG\"},\"Shwedaung\":{\"id\":\"108\",\"sn\":\"SD\"},\"Thayarwady\":{\"id\":\"109\",\"sn\":\"TW\"},\"Letpadan\":{\"id\":\"110\",\"sn\":\"LP\"},\"Minhla\":{\"id\":\"111\",\"sn\":\"MH\"},\"Okpho\":{\"id\":\"112\",\"sn\":\"OP\"},\"Zigon\":{\"id\":\"113\",\"sn\":\"ZI\"},\"Natal in\":{\"id\":\"114\",\"sn\":\"NI\"},\"Monyo\":{\"id\":\"115\",\"sn\":\"MO\"},\"Gyobingauk\":{\"id\":\"116\",\"sn\":\"GG\"}},\"id\":\"08\",\"sn\":\"WB\"},\"Magway Region\":{\"districts\":{\"Magway\":{\"id\":\"117\",\"sn\":\"MW\"},\"Yenangyaung\":{\"id\":\"118\",\"sn\":\"YG\"},\"Chauk\":{\"id\":\"119\",\"sn\":\"CH\"},\"Taungdwingyi\":{\"id\":\"120\",\"sn\":\"TD\"},\"Myothit\":{\"id\":\"121\",\"sn\":\"MT\"},\"Natmauk\":{\"id\":\"122\",\"sn\":\"NM\"},\"Minbu\":{\"id\":\"123\",\"sn\":\"MB\"},\"Pwintbyu\":{\"id\":\"124\",\"sn\":\"PB\"},\"Ngape\":{\"id\":\"125\",\"sn\":\"NP\"},\"Salin\":{\"id\":\"126\",\"sn\":\"SA\"},\"Sidoktaya\":{\"id\":\"127\",\"sn\":\"ST\"},\"Thayet\":{\"id\":\"128\",\"sn\":\"TY\"},\"Minhla\":{\"id\":\"129\",\"sn\":\"MH\"},\"Mindon\":{\"id\":\"130\",\"sn\":\"MD\"},\"Kamma\":{\"id\":\"131\",\"sn\":\"KM\"},\"Aunglan\":{\"id\":\"132\",\"sn\":\"AG\"},\"Sinbaungwe\":{\"id\":\"133\",\"sn\":\"SB\"},\"Pakokku\":{\"id\":\"134\",\"sn\":\"PK\"},\"Yesagyo\":{\"id\":\"135\",\"sn\":\"YE\"},\"Myaing\":{\"id\":\"136\",\"sn\":\"MY\"},\"Pauk\":{\"id\":\"137\",\"sn\":\"PA\"},\"Seikphyu\":{\"id\":\"138\",\"sn\":\"SP\"},\"Gangaw\":{\"id\":\"139\",\"sn\":\"GG\"},\"Tilin\":{\"id\":\"140\",\"sn\":\"TI\"},\"Saw\":{\"id\":\"141\",\"sn\":\"SW\"}},\"id\":\"09\",\"sn\":\"MR\"},\"Mandalay Region\":{\"districts\":{\"Aungmyaythazan\":{\"id\":\"142\",\"sn\":\"AT\"},\"Chanayethazan\":{\"id\":\"143\",\"sn\":\"CT\"},\"Mahaaungmyay\":{\"id\":\"144\",\"sn\":\"MY\"},\"Chanmyathazi\":{\"id\":\"145\",\"sn\":\"CM\"},\"Pyigyitagon\":{\"id\":\"146\",\"sn\":\"PY\"},\"Amarapura\":{\"id\":\"147\",\"sn\":\"AP\"},\"Patheingyi\":{\"id\":\"148\",\"sn\":\"PG\"},\"Pyinoolwin\":{\"id\":\"149\",\"sn\":\"PN\"},\"Madaya\":{\"id\":\"150\",\"sn\":\"MD\"},\"Singu\":{\"id\":\"151\",\"sn\":\"SG\"},\"Mogoke\":{\"id\":\"152\",\"sn\":\"MG\"},\"Thabeikkyin\":{\"id\":\"153\",\"sn\":\"TK\"},\"Kyaukse\":{\"id\":\"154\",\"sn\":\"KK\"},\"Sintgaing\":{\"id\":\"155\",\"sn\":\"ST\"},\"Myitha\":{\"id\":\"156\",\"sn\":\"MT\"},\"Tada-U\":{\"id\":\"157\",\"sn\":\"TU\"},\"Myingyan\":{\"id\":\"158\",\"sn\":\"MN\"},\"Taungtha\":{\"id\":\"159\",\"sn\":\"TG\"},\"Natogyi\":{\"id\":\"160\",\"sn\":\"NG\"},\"Kyaukpadaung\":{\"id\":\"161\",\"sn\":\"KD\"},\"Ngazun\":{\"id\":\"162\",\"sn\":\"NZ\"},\"Nyaung-U\":{\"id\":\"163\",\"sn\":\"NU\"},\"Yamethin\":{\"id\":\"164\",\"sn\":\"YT\"},\"Pyawbwe\":{\"id\":\"165\",\"sn\":\"PW\"},\"Meiktla\":{\"id\":\"166\",\"sn\":\"ML\"},\"Mahlaing\":{\"id\":\"167\",\"sn\":\"MH\"},\"Thazi\":{\"id\":\"168\",\"sn\":\"TZ\"},\"Wundwin\":{\"id\":\"169\",\"sn\":\"WD\"}},\"id\":\"10\",\"sn\":\"MD\"},\"Mon State\":{\"districts\":{\"Mawlamyine\":{\"id\":\"170\",\"sn\":\"ML\"},\"Kyaikmaraw\":{\"id\":\"171\",\"sn\":\"KK\"},\"Chaungzon\":{\"id\":\"172\",\"sn\":\"CZ\"},\"Thanbyuzayat\":{\"id\":\"173\",\"sn\":\"TZ\"},\"Mudon\":{\"id\":\"174\",\"sn\":\"MU\"},\"Ye\":{\"id\":\"175\",\"sn\":\"YE\"},\"Thaton\":{\"id\":\"176\",\"sn\":\"TT\"},\"Paung\":{\"id\":\"177\",\"sn\":\"PN\"},\"Kyaikto\":{\"id\":\"178\",\"sn\":\"KY\"},\"Bilin\":{\"id\":\"179\",\"sn\":\"BL\"}},\"id\":\"11\",\"sn\":\"MS\"},\"Rakhine State\":{\"districts\":{\"Sittwe\":{\"id\":\"180\",\"sn\":\"ST\"},\"Ponnagyun\":{\"id\":\"181\",\"sn\":\"PG\"},\"Mrauk-U\":{\"id\":\"182\",\"sn\":\"MU\"},\"Kyauktaw\":{\"id\":\"183\",\"sn\":\"KT\"},\"Minbya\":{\"id\":\"184\",\"sn\":\"MB\"},\"Myebon\":{\"id\":\"185\",\"sn\":\"MY\"},\"Pauktaw\":{\"id\":\"186\",\"sn\":\"PT\"},\"Rathedaung\":{\"id\":\"187\",\"sn\":\"RD\"},\"Maungdaw\":{\"id\":\"188\",\"sn\":\"MD\"},\"Buthidaung\":{\"id\":\"189\",\"sn\":\"BD\"},\"Kyaukpyu\":{\"id\":\"190\",\"sn\":\"KP\"},\"Munaung\":{\"id\":\"191\",\"sn\":\"MW\"},\"Ramree\":{\"id\":\"192\",\"sn\":\"RR\"},\"Ann\":{\"id\":\"193\",\"sn\":\"AN\"},\"Thandwe\":{\"id\":\"194\",\"sn\":\"TD\"},\"Toungup\":{\"id\":\"195\",\"sn\":\"TG\"},\"Gwa\":{\"id\":\"196\",\"sn\":\"GW\"}},\"id\":\"12\",\"sn\":\"RS\"},\"Yangon Region\":{\"districts\":{\"Insein\":{\"id\":\"197\",\"sn\":\"IS\"},\"Mingaladon\":{\"id\":\"198\",\"sn\":\"MG\"},\"Hmawbi\":{\"id\":\"199\",\"sn\":\"HW\"},\"Hlegu\":{\"id\":\"200\",\"sn\":\"HG\"},\"Taikkyi\":{\"id\":\"201\",\"sn\":\"TK\"},\"Htantabin\":{\"id\":\"202\",\"sn\":\"HB\"},\"Shwepyithar\":{\"id\":\"203\",\"sn\":\"SP\"},\"Hlaingtharya\":{\"id\":\"204\",\"sn\":\"HT\"},\"Thingangyun\":{\"id\":\"205\",\"sn\":\"TG\"},\"Yankin\":{\"id\":\"206\",\"sn\":\"YK\"},\"South Okkalapa\":{\"id\":\"207\",\"sn\":\"SO\"},\"North Okkalapa\":{\"id\":\"208\",\"sn\":\"NO\"},\"Thaketa\":{\"id\":\"209\",\"sn\":\"TH\"},\"Dawbon\":{\"id\":\"210\",\"sn\":\"DB\"},\"Tamwe\":{\"id\":\"211\",\"sn\":\"TW\"},\"Pazundaung\":{\"id\":\"212\",\"sn\":\"PD\"},\"Botahtaung\":{\"id\":\"213\",\"sn\":\"BT\"},\"Dagon Myothit (South)\":{\"id\":\"214\",\"sn\":\"DS\"},\"Dagon Myothit (North)\":{\"id\":\"215\",\"sn\":\"DN\"},\"Dagon Myothit (East)\":{\"id\":\"216\",\"sn\":\"DE\"},\"Dagon Myothit (Seikkan)\":{\"id\":\"217\",\"sn\":\"DM\"},\"Mingalartaungnyunt\":{\"id\":\"218\",\"sn\":\"MT\"},\"Thanlyin\":{\"id\":\"219\",\"sn\":\"TL\"},\"Kyauktan\":{\"id\":\"220\",\"sn\":\"KK\"},\"Thongwa\":{\"id\":\"221\",\"sn\":\"TO\"},\"Kayan\":{\"id\":\"222\",\"sn\":\"KN\"},\"Twantay\":{\"id\":\"223\",\"sn\":\"TT\"},\"Kawhmu\":{\"id\":\"224\",\"sn\":\"KW\"},\"Kungyangon\":{\"id\":\"225\",\"sn\":\"KG\"},\"Dala\":{\"id\":\"226\",\"sn\":\"DA\"},\"Seikgyikanaungto\":{\"id\":\"227\",\"sn\":\"SG\"},\"Cocokyun\":{\"id\":\"228\",\"sn\":\"CK\"},\"Kyauktada\":{\"id\":\"229\",\"sn\":\"KD\"},\"Pabedan\":{\"id\":\"230\",\"sn\":\"PB\"},\"Lanmadaw\":{\"id\":\"231\",\"sn\":\"LM\"},\"Latha\":{\"id\":\"232\",\"sn\":\"LH\"},\"Ahlone\":{\"id\":\"233\",\"sn\":\"AL\"},\"Kyeemyindaing\":{\"id\":\"234\",\"sn\":\"KY\"},\"Sanchaung\":{\"id\":\"235\",\"sn\":\"SC\"},\"Hlaing\":{\"id\":\"236\",\"sn\":\"HL\"},\"Kamaryut\":{\"id\":\"237\",\"sn\":\"KR\"},\"Mayangone\":{\"id\":\"238\",\"sn\":\"MA\"},\"Dagon\":{\"id\":\"239\",\"sn\":\"DG\"},\"Bahan\":{\"id\":\"240\",\"sn\":\"BA\"},\"Seikkan\":{\"id\":\"241\",\"sn\":\"SE\"}},\"id\":\"13\",\"sn\":\"YR\"},\"South Shan State\":{\"districts\":{\"Taunggyi\":{\"id\":\"242\",\"sn\":\"TG\"},\"Nyaungshwe\":{\"id\":\"243\",\"sn\":\"NG\"},\"Hopong\":{\"id\":\"244\",\"sn\":\"HP\"},\"Hsihseng\":{\"id\":\"245\",\"sn\":\"HS\"},\"Kalaw\":{\"id\":\"246\",\"sn\":\"KL\"},\"Pindaya\":{\"id\":\"247\",\"sn\":\"PD\"},\"Ywangan\":{\"id\":\"248\",\"sn\":\"YG\"},\"Lawksawk\":{\"id\":\"249\",\"sn\":\"LS\"},\"Pinlaung\":{\"id\":\"250\",\"sn\":\"PL\"},\"Pekon\":{\"id\":\"251\",\"sn\":\"PK\"},\"Loilen\":{\"id\":\"252\",\"sn\":\"LL\"},\"Laihka\":{\"id\":\"253\",\"sn\":\"LH\"},\"Nansang\":{\"id\":\"254\",\"sn\":\"NS\"},\"Kunhing\":{\"id\":\"255\",\"sn\":\"KH\"},\"Kyethi\":{\"id\":\"256\",\"sn\":\"KT\"},\"Mongkaung\":{\"id\":\"257\",\"sn\":\"MK\"},\"Monghsu\":{\"id\":\"258\",\"sn\":\"MG\"},\"Langkho\":{\"id\":\"259\",\"sn\":\"LK\"},\"Mongnai\":{\"id\":\"260\",\"sn\":\"MN\"},\"Mawkmai\":{\"id\":\"261\",\"sn\":\"MM\"},\"Mongpan\":{\"id\":\"262\",\"sn\":\"MP\"}},\"id\":\"14\",\"sn\":\"SS\"},\"North Shan State\":{\"districts\":{\"Lashio\":{\"id\":\"263\",\"sn\":\"LS\"},\"Hseni\":{\"id\":\"264\",\"sn\":\"HN\"},\"Mongyai\":{\"id\":\"265\",\"sn\":\"MG\"},\"Tangyan\":{\"id\":\"266\",\"sn\":\"TG\"},\"Pangsang\":{\"id\":\"267\",\"sn\":\"PS\"},\"Narphan\":{\"id\":\"268\",\"sn\":\"NP\"},\"Pangwaun\":{\"id\":\"269\",\"sn\":\"PW\"},\"Mongmao\":{\"id\":\"270\",\"sn\":\"MM\"},\"Muse\":{\"id\":\"271\",\"sn\":\"MU\"},\"Namhkan\":{\"id\":\"272\",\"sn\":\"NK\"},\"Kutkai\":{\"id\":\"273\",\"sn\":\"KK\"},\"Kyaukme\":{\"id\":\"274\",\"sn\":\"KU\"},\"Nawnghkio\":{\"id\":\"275\",\"sn\":\"NG\"},\"Hsipaw\":{\"id\":\"276\",\"sn\":\"HP\"},\"Namtu\":{\"id\":\"277\",\"sn\":\"NT\"},\"Namhsan\":{\"id\":\"278\",\"sn\":\"NS\"},\"Mongmit\":{\"id\":\"279\",\"sn\":\"MO\"},\"Mabein\":{\"id\":\"280\",\"sn\":\"MB\"},\"Manton\":{\"id\":\"281\",\"sn\":\"MN\"},\"Kunlong\":{\"id\":\"282\",\"sn\":\"KL\"},\"Hopang\":{\"id\":\"283\",\"sn\":\"HO\"},\"Laukkaing\":{\"id\":\"284\",\"sn\":\"LK\"},\"Konkyan\":{\"id\":\"285\",\"sn\":\"KN\"},\"Matman\":{\"id\":\"286\",\"sn\":\"MT\"}},\"id\":\"15\",\"sn\":\"NS\"},\"East Shan State\":{\"districts\":{\"Kengtung\":{\"id\":\"287\",\"sn\":\"KT\"},\"Mongkhet\":{\"id\":\"288\",\"sn\":\"MK\"},\"Mongyang\":{\"id\":\"289\",\"sn\":\"MY\"},\"Mongla\":{\"id\":\"290\",\"sn\":\"MG\"},\"Monghsat\":{\"id\":\"291\",\"sn\":\"MS\"},\"Mongping\":{\"id\":\"292\",\"sn\":\"MP\"},\"Mongton\":{\"id\":\"293\",\"sn\":\"MT\"},\"Tachileik\":{\"id\":\"294\",\"sn\":\"TL\"},\"Monghpyak\":{\"id\":\"295\",\"sn\":\"MO\"},\"Mongyawng\":{\"id\":\"296\",\"sn\":\"MW\"}},\"id\":\"16\",\"sn\":\"ES\"},\"Ayeyarwady Region\":{\"districts\":{\"Pathein\":{\"id\":\"297\",\"sn\":\"PT\"},\"Kangyidaunt\":{\"id\":\"298\",\"sn\":\"KD\"},\"Thabaung\":{\"id\":\"299\",\"sn\":\"TB\"},\"Ngapudaw\":{\"id\":\"300\",\"sn\":\"NP\"},\"Kyonpyaw\":{\"id\":\"301\",\"sn\":\"KP\"},\"Yegyi\":{\"id\":\"302\",\"sn\":\"YY\"},\"Kyaunggon\":{\"id\":\"303\",\"sn\":\"KG\"},\"Hinthada\":{\"id\":\"304\",\"sn\":\"HT\"},\"Zalun\":{\"id\":\"305\",\"sn\":\"ZA\"},\"Lemyethna\":{\"id\":\"306\",\"sn\":\"LY\"},\"Myanaung\":{\"id\":\"307\",\"sn\":\"MN\"},\"Kyangin\":{\"id\":\"308\",\"sn\":\"KY\"},\"Ingapu\":{\"id\":\"309\",\"sn\":\"IG\"},\"Myaungmya\":{\"id\":\"310\",\"sn\":\"MG\"},\"Einme\":{\"id\":\"311\",\"sn\":\"EM\"},\"Labuta\":{\"id\":\"312\",\"sn\":\"LB\"},\"Wakema\":{\"id\":\"313\",\"sn\":\"WK\"},\"Mawlamyinegyun\":{\"id\":\"314\",\"sn\":\"MY\"},\"Maubin\":{\"id\":\"315\",\"sn\":\"MB\"},\"Pantanaw\":{\"id\":\"316\",\"sn\":\"PN\"},\"Nyaungdon\":{\"id\":\"317\",\"sn\":\"ND\"},\"Danubyu\":{\"id\":\"318\",\"sn\":\"DB\"},\"Pyapon\":{\"id\":\"319\",\"sn\":\"PP\"},\"Bogale\":{\"id\":\"320\",\"sn\":\"BG\"},\"Kyaiklat\":{\"id\":\"321\",\"sn\":\"KK\"},\"Dedaye\":{\"id\":\"322\",\"sn\":\"DD\"}},\"id\":\"17\",\"sn\":\"AR\"},\"Nay Pyi Taw\":{\"districts\":{\"Pyinmana\":{\"id\":\"323\",\"sn\":\"PM\"},\"Lewe\":{\"id\":\"324\",\"sn\":\"LW\"},\"Tatkon\":{\"id\":\"325\",\"sn\":\"TK\"},\"Zay Yar Thi Ri\":{\"id\":\"326\",\"sn\":\"ZT\"},\"Poke Ba Thi Ri\":{\"id\":\"327\",\"sn\":\"PT\"},\"Za Bu Thi Ri\":{\"id\":\"328\",\"sn\":\"ZB\"},\"Det Khi Na Thi Ri\":{\"id\":\"329\",\"sn\":\"DN\"},\"Oke Ta Ra Thi Ri\":{\"id\":\"330\",\"sn\":\"OT\"}},\"id\":\"18\",\"sn\":\"NP\"}}},\"UK\":{\"name\":\"United Kingdom\",\"states\":{\"Surrey\":{\"districts\":{}},\"Liverpool\":{\"districts\":{}},\"Leciestershire\":{\"districts\":{}}}},\"SN\":{\"name\":\"Senegal\",\"states\":{\"Kaolack\":{\"districts\":{}},\"Sedhiou\":{\"districts\":{}},\"Diourbel\":{\"districts\":{}},\"Thies\":{\"districts\":{}},\"Kaffrine\":{\"districts\":{}},\"Dakar\":{\"districts\":{}},\"Tambacounda\":{\"districts\":{}},\"Matam\":{\"districts\":{}},\"Saint Louis\":{\"districts\":{}},\"Kolda\":{\"districts\":{}},\"Ziguinchor\":{\"districts\":{}},\"Fatick\":{\"districts\":{}}}},\"IT\":{\"name\":\"Italy\",\"states\":{\"Lazio\":{\"districts\":{}},\"Calabria\":{\"districts\":{}},\"Apulia\":{\"districts\":{}},\"Abruzzo\":{\"districts\":{}}}},\"UG\":{\"name\":\"Uganda\",\"states\":{\"Iganga\":{\"districts\":{}},\"Namutumba\":{\"districts\":{}},\"Oyam\":{\"districts\":{}},\"Zombo\":{\"districts\":{}},\"Koboko\":{\"districts\":{}},\"Amuria\":{\"districts\":{}},\"Mukono\":{\"districts\":{}},\"Sheema\":{\"districts\":{}},\"Buikwe\":{\"districts\":{}},\"Kiboga\":{\"districts\":{}},\"Kabale\":{\"districts\":{}},\"Nebbi\":{\"districts\":{}},\"Napak\":{\"districts\":{}},\"Bugiri\":{\"districts\":{}},\"Lyantonde\":{\"districts\":{}},\"Kamwenge\":{\"districts\":{}},\"Kisoro\":{\"districts\":{}},\"Busia\":{\"districts\":{}},\"Buliisa\":{\"districts\":{}},\"Kole\":{\"districts\":{}},\"Kanungu\":{\"districts\":{}},\"Mityana\":{\"districts\":{}},\"Bulambuli\":{\"districts\":{}},\"Otuke\":{\"districts\":{}},\"Rukungiri\":{\"districts\":{}},\"Abim\":{\"districts\":{}},\"Kayunga\":{\"districts\":{}},\"Amolatar\":{\"districts\":{}},\"Kyegegwa\":{\"districts\":{}},\"Amuru\":{\"districts\":{}},\"Moyo\":{\"districts\":{}},\"Kasese\":{\"districts\":{}},\"Kiryandongo\":{\"districts\":{}},\"Kalungu\":{\"districts\":{}},\"Buvuma\":{\"districts\":{}},\"Masaka\":{\"districts\":{}},\"Sironko\":{\"districts\":{}},\"Buhweju\":{\"districts\":{}},\"Agago\":{\"districts\":{}},\"Kitgum\":{\"districts\":{}},\"Kiruhura\":{\"districts\":{}},\"Kibaale\":{\"districts\":{}},\"Alebtong\":{\"districts\":{}},\"Ntoroko\":{\"districts\":{}},\"Mbarara\":{\"districts\":{}},\"Bukwa\":{\"districts\":{}},\"Butaleja\":{\"districts\":{}},\"Isingiro\":{\"districts\":{}},\"Mbale\":{\"districts\":{}},\"Kapchorwa\":{\"districts\":{}},\"Yumbe\":{\"districts\":{}},\"Kibuku\":{\"districts\":{}},\"Nakaseke\":{\"districts\":{}},\"Sembabule\":{\"districts\":{}},\"Kotido\":{\"districts\":{}},\"Bududa\":{\"districts\":{}},\"Maracha\":{\"districts\":{}},\"Luuka\":{\"districts\":{}},\"Manafwa\":{\"districts\":{}},\"Arua\":{\"districts\":{}},\"Ngora\":{\"districts\":{}},\"Dokolo\":{\"districts\":{}},\"Adjumani\":{\"districts\":{}},\"Kamuli\":{\"districts\":{}},\"Bukedea\":{\"districts\":{}},\"Bundibugyo\":{\"districts\":{}},\"Serere\":{\"districts\":{}},\"Butambala\":{\"districts\":{}},\"Katakwi\":{\"districts\":{}},\"Lwengo\":{\"districts\":{}},\"Kaliro\":{\"districts\":{}},\"Kampala\":{\"districts\":{}},\"Kaabong\":{\"districts\":{}},\"Nwoya\":{\"districts\":{}},\"Masindi\":{\"districts\":{}},\"Kalangala\":{\"districts\":{}},\"Gulu\":{\"districts\":{}},\"Hoima\":{\"districts\":{}},\"Wakiso\":{\"districts\":{}},\"Gomba\":{\"districts\":{}},\"Rubirizi\":{\"districts\":{}},\"Ntungamo\":{\"districts\":{}},\"Kabarole\":{\"districts\":{}},\"Moroto\":{\"districts\":{}},\"Luweero\":{\"districts\":{}},\"Amudat\":{\"districts\":{}},\"Pader\":{\"districts\":{}},\"Kumi\":{\"districts\":{}},\"Mitooma\":{\"districts\":{}},\"Jinja\":{\"districts\":{}},\"Mpigi\":{\"districts\":{}},\"Namayingo\":{\"districts\":{}},\"Mubende\":{\"districts\":{}},\"Ibanda\":{\"districts\":{}},\"Bushenyi\":{\"districts\":{}},\"Kaberamaido\":{\"districts\":{}},\"Lamwo\":{\"districts\":{}},\"Soroti\":{\"districts\":{}},\"Kyankwanzi\":{\"districts\":{}},\"Pallisa\":{\"districts\":{}},\"Apac\":{\"districts\":{}},\"Lira\":{\"districts\":{}},\"Tororo\":{\"districts\":{}},\"Kween\":{\"districts\":{}},\"Buyende\":{\"districts\":{}},\"Kyenjojo\":{\"districts\":{}},\"Rakai\":{\"districts\":{}},\"Bukomansimbi\":{\"districts\":{}},\"Nakasongola\":{\"districts\":{}},\"Nakapiripirit\":{\"districts\":{}},\"Mayuge\":{\"districts\":{}},\"Budaka\":{\"districts\":{}}}},\"NG\":{\"name\":\"Nigeria\",\"states\":{\"Plateau\":{\"id\":\"NG.PL\"},\"Delta\":{\"id\":\"NG.DE\"},\"Borno\":{\"id\":\"NG.BO\"},\"Ekiti\":{\"id\":\"NG.EK\"},\"Osun\":{\"id\":\"NG.OS\"},\"Nasarawa\":{\"id\":\"NG.NA\"},\"Katsina\":{\"id\":\"NG.KT\"},\"Kano\":{\"id\":\"NG.KN\"},\"Ebonyi\":{\"id\":\"NG.EB\"},\"Adamawa\":{\"id\":\"NG.AD\"},\"Zamfara\":{\"id\":\"NG.ZA\"},\"Akwa Ibom\":{\"id\":\"NG.AK\"},\"Taraba\":{\"id\":\"NG.TA\"},\"Rivers\":{\"id\":\"NG.RI\"},\"Enugu\":{\"id\":\"NG.EN\"},\"Oyo\":{\"id\":\"NG.OY\"},\"Lagos\":{\"id\":\"NG.LA\"},\"Kogi\":{\"id\":\"NG.KO\"},\"Bauchi\":{\"id\":\"NG.BA\"},\"Kebbi\":{\"id\":\"NG.KE\"},\"Edo\":{\"id\":\"NG.ED\"},\"Kaduna\":{\"id\":\"NG.KD\"},\"Yobe\":{\"id\":\"NG.YO\"},\"Sokoto\":{\"id\":\"NG.SO\"},\"Jigawa\":{\"id\":\"NG.JI\"},\"Anambra\":{\"id\":\"NG.AN\"},\"Kwara\":{\"id\":\"NG.KW\"},\"Niger\":{\"id\":\"NG.NI\"},\"Cross River\":{\"id\":\"NG.CR\"},\"Abuja\":{\"id\":\"NG.FC\"},\"Gombe\":{\"id\":\"NG.GO\"},\"Bayelsa\":{\"id\":\"NG.BY\"},\"Abia\":{\"id\":\"NG.AB\"},\"Ondo\":{\"id\":\"NG.ON\"},\"Ogun\":{\"id\":\"NG.OG\"},\"Imo\":{\"id\":\"NG.IM\"},\"Benue\":{\"id\":\"NG.BE\"}}},\"GT\":{\"name\":\"Guatemala\",\"states\":{\"Petn\":{\"districts\":{}},\"Solol\":{\"districts\":{}},\"Chimaltenango\":{\"districts\":{}},\"Chiquimula\":{\"districts\":{}},\"Totonicapn\":{\"districts\":{}},\"Santa Rosa\":{\"districts\":{}},\"Jalapa\":{\"districts\":{}},\"San Marcos\":{\"districts\":{}},\"El Quich\":{\"districts\":{}},\"Alta Verapaz\":{\"districts\":{}},\"Baja Verapaz\":{\"districts\":{}},\"Jutiapa\":{\"districts\":{}},\"Zacapa\":{\"districts\":{}},\"Sacatepquez\":{\"districts\":{}},\"Retalhuleu\":{\"districts\":{}},\"Huehuetenango\":{\"districts\":{}},\"Quetzaltenango\":{\"districts\":{}},\"Suchitepquez\":{\"districts\":{}},\"El Progreso\":{\"districts\":{}},\"Escuintla\":{\"districts\":{}},\"Guatemala Department\":{\"districts\":{}},\"Izabal\":{\"districts\":{}}}},\"CG\":{\"name\":\"Republic of Congo\",\"states\":{\"Nord-Kivu\":{\"districts\":{}},\"Orientale\":{\"districts\":{}},\"Bas-Congo\":{\"districts\":{}},\"Maniema\":{\"districts\":{}},\"Equateur\":{\"districts\":{}},\"Bandundu\":{\"districts\":{}},\"Kinshasa\":{\"districts\":{}},\"Sud-Kivu\":{\"districts\":{}},\"Kasai-Oriental\":{\"districts\":{}},\"Kasai-Occidental\":{\"districts\":{}},\"Katanga\":{\"districts\":{}}}},\"PH\":{\"name\":\"Phillipines\",\"states\":{\"NCR\":{\"districts\":{}},\"Region VII\":{\"districts\":{}},\"Region V\":{\"districts\":{}},\"Region VIII\":{\"districts\":{}},\"Region II\":{\"districts\":{}},\"ARMM\":{\"districts\":{}},\"Region X\":{\"districts\":{}},\"Region XI\":{\"districts\":{}},\"Region XIII\":{\"districts\":{}},\"Region VI\":{\"districts\":{}},\"Region IVA\":{\"districts\":{}},\"Region IVB\":{\"districts\":{}},\"Region XII\":{\"districts\":{}},\"Region I\":{\"districts\":{}},\"CAR\":{\"districts\":{}},\"Region III\":{\"districts\":{}},\"Region IX\":{\"districts\":{}}}},\"ET\":{\"name\":\"Ethiopia\",\"states\":{\"Somali\":{\"id\":\"ET.SO\"},\"Benishangul Gumuz\":{\"id\":\"ET.BE\"},\"Afar\":{\"id\":\"ET.AF\"},\"Tigray\":{\"id\":\"ET.TI\"},\"Addis Ababa\":{\"id\":\"ET.AA\"},\"Gambela\":{\"id\":\"ET.GA\"},\"Harari\":{\"id\":\"ET.HA\"},\"Oromia\":{\"id\":\"ET.OR\"},\"Amhara\":{\"id\":\"ET.AM\"},\"Dire Dawa\":{\"id\":\"ET.DD\"}}},\"PK\":{\"name\":\"Pakistan\",\"states\":{\"Islamabad Capital\":{\"districts\":{}},\"Gilgit-Baltistan\":{\"districts\":{}},\"FATA\":{\"districts\":{}},\"Kashmir\":{\"districts\":{}},\"Khyber\":{\"districts\":{}},\"Balochistan\":{\"districts\":{}},\"Sindh\":{\"districts\":{}},\"Punjab\":{\"districts\":{}}}},\"AF\":{\"name\":\"Agghanistan\",\"states\":{\"Ghor\":{\"districts\":{}},\"Ghazni\":{\"districts\":{}},\"Khost\":{\"districts\":{}},\"Panjshir\":{\"districts\":{}},\"Kabul\":{\"districts\":{}},\"Konar\":{\"districts\":{}},\"Paktia\":{\"districts\":{}},\"Herat\":{\"districts\":{}},\"Daykundi\":{\"districts\":{}},\"Kandahar\":{\"districts\":{}},\"Balkh\":{\"districts\":{}},\"Logar\":{\"districts\":{}},\"Nimruz\":{\"districts\":{}},\"Nurestan\":{\"districts\":{}},\"Sare Pol\":{\"districts\":{}},\"Helmand\":{\"districts\":{}},\"Samangan\":{\"districts\":{}},\"Badghis\":{\"districts\":{}},\"Paktika\":{\"districts\":{}},\"Laghman\":{\"districts\":{}},\"Jowzjan\":{\"districts\":{}},\"Bamyan\":{\"districts\":{}},\"Takhar\":{\"districts\":{}},\"Kunduz\":{\"districts\":{}},\"Kapisa\":{\"districts\":{}},\"Nangarhar\":{\"districts\":{}},\"Faryab\":{\"districts\":{}},\"Zabol\":{\"districts\":{}},\"Baghlan\":{\"districts\":{}},\"Wardak\":{\"districts\":{}},\"Badakhshan\":{\"districts\":{}},\"Parvan\":{\"districts\":{}},\"Oruzgan\":{\"districts\":{}},\"Farah\":{\"districts\":{}}}},\"CO\":{\"name\":\"Columbia\",\"states\":{\"Vichata\":{\"districts\":{}},\"Boyaca\":{\"districts\":{}}}},\"TZ\":{\"name\":\"Tanzania\",\"states\":{\"Iringa\":{\"districts\":{}},\"Kagera\":{\"districts\":{}},\"Shinyanga\":{\"districts\":{}},\"Ruvuma\":{\"districts\":{}},\"Katavi\":{\"districts\":{}},\"Pwani\":{\"districts\":{}},\"Lindi\":{\"districts\":{}},\"Singida\":{\"districts\":{}},\"Manyara\":{\"districts\":{}},\"Pemba South\":{\"districts\":{}},\"Kilimanjaro\":{\"districts\":{}},\"Mbeya\":{\"districts\":{}},\"Tabora\":{\"districts\":{}},\"Dodoma\":{\"districts\":{}},\"Mara\":{\"districts\":{}},\"Kigoma\":{\"districts\":{}},\"Dar es Salaam\":{\"districts\":{}},\"Tanga\":{\"districts\":{}},\"Morogoro\":{\"districts\":{}},\"Njombe\":{\"districts\":{}},\"Geita\":{\"districts\":{}},\"Rukwa\":{\"districts\":{}},\"Zanzibar Central/South\":{\"districts\":{}},\"Pemba North\":{\"districts\":{}},\"Simiyu\":{\"districts\":{}},\"Zanzibar Urban/West\":{\"districts\":{}},\"Mwanza\":{\"districts\":{}},\"Mtwara\":{\"districts\":{}},\"Zanzibar North\":{\"districts\":{}},\"Arusha\":{\"districts\":{}}}},\"GH\":{\"name\":\"Ghana\",\"states\":{\"Central\":{\"districts\":{}},\"Ashanti\":{\"districts\":{}},\"Western\":{\"districts\":{}},\"Brong Ahafo\":{\"districts\":{}},\"Greater Accra\":{\"districts\":{}},\"Upper West\":{\"districts\":{}},\"Eastern\":{\"districts\":{}},\"Upper East\":{\"districts\":{}},\"Volta\":{\"districts\":{}},\"Northern\":{\"districts\":{}}}}},\"support\":[{\"code\":\"IN\",\"name\":\"India\",\"states\":[\"Karnataka\",\"Assam\",\"Rajasthan\",\"Uttar Pradesh\",\"Madhya Pradesh\",\"Haryana\",\"Himachal Pradesh\",\"Jharkhand\",\"Arunachal Pradesh\"]},{\"code\":\"NG\",\"name\":\"Nigeria\",\"states\":[]},{\"code\":\"ET\",\"name\":\"Ethiopia\"},{\"code\":\"CH\",\"name\":\"Switzerland\"},{\"code\":\"ZM\",\"name\":\"Zambia\",\"states\":[\"Copperbelt\",\"Muchinga\",\"Lusaka\",\"Luapula\",\"Northern\",\"North-Western\",\"Western\",\"Southern\",\"Eastern\",\"Central\"]}],\"statusCode\":200,\"message\":\"OK\",\"entdef\":[{\"internalId\":\"IN.GU.CU\",\"lName\":\"Chhotaudepur\"},{\"internalId\":\"IN.GU.DD\",\"lName\":\"Devbhumi Dwaraka\"},{\"internalId\":\"IN.AS.NC\",\"lName\":\"Dima Hasao\"},{\"internalId\":\"IN.OR.AN\",\"lName\":\"Angul\"},{\"internalId\":\"IN.OR.JP\",\"lName\":\"Jajpur\"},{\"internalId\":\"IN.BR.EC\",\"lName\":\"Champaran East\"},{\"internalId\":\"IN.BR.WC\",\"lName\":\"Champaran West\"},{\"internalId\":\"IN.JH.HA\",\"lName\":\"Hazaribagh\"},{\"internalId\":\"IN.OR.DE\",\"lName\":\"Deogarh\"},{\"internalId\":\"IN.OR.JS\",\"lName\":\"Jagatsinghpur\"},{\"internalId\":\"IN.OR.SU\",\"lName\":\"Sundargarh\"},{\"internalId\":\"IN.JH.ES\",\"lName\":\"East Singhbhum\"},{\"internalId\":\"IN.AS.KP\",\"lName\":\"Kamrup Rural\"},{\"internalId\":\"IN.MN.EI\",\"lName\":\"Imphal East\"},{\"internalId\":\"IN.MN.WI\",\"lName\":\"Imphal West\"},{\"internalId\":\"IN.OR.KH\",\"lName\":\"Khurda\"},{\"internalId\":\"IN.HP.LS\",\"lName\":\"Lahaul Spiti\"}]}',NULL,'2017-04-20 13:12:56',NULL,'charan'),('reports','{ \"types\" : [ \"consumptiontrends\", \"orderresponsetimes\", \"replenishmentresponsetimes\", \"transactioncounts\",  \"useractivity\" ],  \"filters\": { \"consumptiontrends\" : { \"mandatory\" : [ \"mtrl\" ], \"optional\" : [\"stt\", \"dstr\", \"plgr\", \"ksk\", \"ktag\"] }, \"orderresponsetimes\" : { \"optional\" : [ \"stt\", \"dstr\", \"plgr\", \"ksk\", \"ktag\" ] }, \"replenishmentresponsetimes\" : { \"optional\" : [ \"mtrl\", \"mtag\", \"stt\", \"dstr\", \"plgr\", \"ksk\", \"ktag\" ] }, \"transactioncounts\" : { \"optional\" : [ \"mtrl\", \"mtag\", \"stt\", \"dstr\", \"plgr\", \"ksk\", \"ktag\" ] }, \"useractivity\" : { \"mandatory\" : [ \"usr\" ] } }, \"filterkeys\" : { \"mtrl\" : \"material\", \"stt\" : \"state\", \"dstr\" : \"district\", \"tlk\" : \"taluk\", \"cty\" : \"village\", \"pnc\" : \"zipcode\", \"plgr\" : \"poolgroup\", \"ksk\" : \"kiosk\", \"usr\" : \"user\", \"ktag\" : \"tagentity\", \"mtag\" : \"tagmaterial\" } }',NULL,'2017-04-20 12:31:34',NULL,NULL),('reports.1343726','{\"stt\":[\"Capital Territory of Delhi\",\"Uttar Pradesh\"],\"dstr\":[\"Lucknow\"],\"cntr\":[\"IN\"],\"cty\":[\"New Delhi\",\"Lucknow\"],\"ktag\":[\"CCP\",\"SVS\",\"GMSD\"]}',1343726,'2017-05-12 23:51:34','{\"stt\":[\"Capital Territory of Delhi\",\"Uttar Pradesh\"],\"dstr\":[\"Lucknow\"],\"cntr\":[\"IN\"],\"cty\":[\"New Delhi\",\"Lucknow\"],\"ktag\":[\"CCP\",\"GMSD\"]}',NULL),('reports.1343727','{\"stt\":[\"Uttar Pradesh\"],\"dstr\":[\"Lucknow\"],\"cntr\":[\"IN\"],\"cty\":[\"Lucknow\"],\"ktag\":[\"CCP\",\"SVS\"]}',1343727,'2017-05-12 23:51:34','{\"stt\":[\"Uttar Pradesh\"],\"dstr\":[\"Lucknow\"],\"cntr\":[\"IN\"],\"cty\":[\"Lucknow\"],\"ktag\":[\"CCP\"]}',NULL),('smsconfig','{\"country-config\":{\"IN\":{\"outgoing\":\"smscountry\",\"incoming\":\"smscountry\"},\"SS\":{\"outgoing\":\"infobip\",\"incoming\":\"infobip\"},\"HT\":{\"outgoing\":\"infobip\",\"incoming\":\"infobip\"},\"TD\":{\"outgoing\":\"infobip\",\"incoming\":\"infobip\"},\"MM\":{\"outgoing\":\"infobip\",\"incoming\":\"infobip\"},\"ZM\":{\"outgoing\":\"infobip\",\"incoming\":\"infobip\"}},\"providers\":{\"smscountry\":{\"pid\":\"smscountry\",\"uid\":\"smsuserid\",\"pwd\":\"smscountrypassword\",\"sid\":\"LOGISTMO\",\"keyword\":\"Logi\",\"longcode\":\"919246356765\",\"appendix\":\"[Logi]\",\"normal-url\":\"http://api.smscountry.com/SMSCWebService_Bulk.aspx?User=%uid%&passwd=%pwd%&sid=%sid%&mobilenumber=%mno%&message=%msg%&mtype=N&DR=Y\",\"unicode-url\":\"http://api.smscountry.com/SMSCWebService_Bulk.aspx?User=%uid%&passwd=%pwd%&sid=%sid%&mobilenumber=%mno%&message=%msg%&mtype=OL&DR=Y\",\"wappush-url\":\"http://api.smscountry.com/SMSCWebService_Bulk.aspx?User=%uid%&passwd=%pwd%&sid=%sid%&mobilenumber=%mno%&message=%msg%&mtype=WP&DR=Y&WAP_URL=%url%\",\"binarytoport-url\":\"http://api.smscountry.com/SMSCWebService.asp?User=%uid%&passwd=%pwd%&sid=%sid%&mobilenumber=%mno%&message=%msg%&mtype=N_UDH&port=%prt%&DR=Y\",\"format-datetime\":\"MM/dd/yyyy hh:mm:ss\",\"regexes-jid\":[\"[^OK:]+\"],\"replace-phonenum-plus\":\"\",\"replace-phonenum-space\":\"\",\"status-type\":\"push\",\"status-format\":\"qs\",\"status-method\":\"peraddress\",\"max-addresses\":\"100\",\"status-codes\":{\"0\":\"message.status.inqueue\",\"1\":\"message.status.submitted\",\"2\":\"message.status.notdelivered\",\"3\":\"message.status.delivered\",\"4\":\"message.status.expired\",\"8\":\"message.status.rejected\",\"9\":\"message.status.sent\",\"10\":\"message.status.optedout\",\"11\":\"message.status.invalidphone\",\"-1\": \"message.status.gatewayerror\", \"-2\":\"message.status.userlimit\",\"-3\":\"message.status.domainlimit\",\"-4\":\"message.status.dedup\"},\"status-code-default\":\"9\",\"param-names\":{\"%mno%\":\"mobilenumber\",\"%jid%\":\"jobno\",\"%sts%\":\"status\",\"%dtm%\":\"DoneTime\",\"%msg%\":\"message\",\"%ron%\":\"receivedon\"}},\"infobip\":{\"pid\":\"infobip\",\"uid\":\"infobip_username\",\"pwd\":\"infobip_password\",\"sid\":\"Logistimo\",\"keyword\":\"Logi\",\"longcode\":\"NONE\",\"normal-url\":\"http://api2.infobip.com/api/sendsms/plain?user=%uid%&password=%pwd%&sender=%sid%&SMSText=%msg%&GSM=%mno%\",\"unicode-url\":\"http://api2.infobip.com/api/sendsms/plain?user=%uid%&password=%pwd%&sender=%sid%&Binary=%msg%&GSM=%mno%&Datacoding=8\",\"wappush-url\":\"http://api2.infobip.com/api/sendsms/plain?user=%uid%&password=%pwd%&sender=%sid%&SMSText=%msg%&GSM=%mno%&Type=bookmark&Bookmark=%url%\",\"binarytoport-url\":\"http://api2.infobip.com/api/sendsms/plain?user=%uid%&password=%pwd%&sender=%sid%&Binary=06050440744074%msg%&GSM=%mno%&ESMClass=64\",\"format-datetime\":\"yyyy/MM/dd hh:mm:ss\",\"jid-unique\":\"yes\",\"replace-phonenum-plus\":\"\",\"replace-phonenum-space\":\"\",\"status-type\":\"push\",\"status-format\":\"xml\",\"status-method\":\"perjob\",\"max-addresses\":\"100\",\"status-codes\":{\"NOT_SENT\":\"message.status.inqueue\",\"NOT_DELIVERED\":\"message.status.notdelivered\",\"DELIVERED\":\"message.status.delivered\",\"ROUTE_NOT_AVAILABLE\":\"message.status.rejected\",\"SENT\":\"message.status.sent\",\"INVALID_DESTINATION_ADDRESS\":\"message.status.invalidphone\",\"-1\": \"message.status.gatewayerror\", \"-2\":\"message.status.userlimit\",\"-3\":\"message.status.domainlimit\",\"-4\":\"message.status.dedup\"},\"status-code-default\":\"SENT\"}}}',NULL,'2017-05-11 17:06:10','{\"country-config\":{\"IN\":{\"outgoing\":\"smscountry\",\"incoming\":\"smscountry\"},\"SS\":{\"outgoing\":\"infobip\",\"incoming\":\"infobip\"},\"HT\":{\"outgoing\":\"infobip\",\"incoming\":\"infobip\"},\"TD\":{\"outgoing\":\"infobip\",\"incoming\":\"infobip\"},\"MM\":{\"outgoing\":\"infobip\",\"incoming\":\"infobip\"},\"ZM\":{\"outgoing\":\"infobip\",\"incoming\":\"infobip\"}},\"providers\":{\"smscountry\":{\"pid\":\"smscountry\",\"uid\":\"smsuserid\",\"pwd\":\"smscountrypassword\",\"sid\":\"LOGISTMO\",\"keyword\":\"Logi\",\"longcode\":\"919246356765\",\"appendix\":\"[Logi]\",\"normal-url\":\"http://api.smscountry.com/SMSCWebService_Bulk.aspx?User=%uid%&passwd=%pwd%&sid=%sid%&mobilenumber=%mno%&message=%msg%&mtype=N&DR=Y\",\"unicode-url\":\"http://api.smscountry.com/SMSCWebService_Bulk.aspx?User=%uid%&passwd=%pwd%&sid=%sid%&mobilenumber=%mno%&message=%msg%&mtype=OL&DR=Y\",\"wappush-url\":\"http://api.smscountry.com/SMSCWebService_Bulk.aspx?User=%uid%&passwd=%pwd%&sid=%sid%&mobilenumber=%mno%&message=%msg%&mtype=WP&DR=Y&WAP_URL=%url%\",\"binarytoport-url\":\"http://api.smscountry.com/SMSCWebService.asp?User=%uid%&passwd=%pwd%&sid=%sid%&mobilenumber=%mno%&message=%msg%&mtype=N_UDH&port=%prt%&DR=Y\",\"format-datetime\":\"MM/dd/yyyy hh:mm:ss\",\"regexes-jid\":[\"[^OK:]+\"],\"replace-phonenum-plus\":\"\",\"replace-phonenum-space\":\"\",\"status-type\":\"push\",\"status-format\":\"qs\",\"status-method\":\"peraddress\",\"max-addresses\":\"100\",\"status-codes\":{\"0\":\"message.status.inqueue\",\"1\":\"message.status.submitted\",\"2\":\"message.status.notdelivered\",\"3\":\"message.status.delivered\",\"4\":\"message.status.expired\",\"8\":\"message.status.rejected\",\"9\":\"message.status.sent\",\"10\":\"message.status.optedout\",\"11\":\"message.status.invalidphone\",\"-1\": \"message.status.gatewayerror\", \"-2\":\"message.status.userlimit\",\"-3\":\"message.status.domainlimit\",\"-4\":\"message.status.dedup\"},\"status-code-default\":\"9\",\"param-names\":{\"%mno%\":\"mobilenumber\",\"%jid%\":\"jobno\",\"%sts%\":\"status\",\"%dtm%\":\"DoneTime\",\"%msg%\":\"message\",\"%ron%\":\"receivedon\"}},\"infobip\":{\"pid\":\"infobip\",\"uid\":\"infobip_username\",\"pwd\":\"infobip_password\",\"sid\":\"Logistimo\",\"keyword\":\"Logi\",\"longcode\":\"NONE\",\"normal-url\":\"http://api2.infobip.com/api/sendsms/plain?user=%uid%&password=%pwd%&sender=%sid%&SMSText=%msg%&GSM=%mno%\",\"unicode-url\":\"http://api2.infobip.com/api/sendsms/plain?user=%uid%&password=%pwd%&sender=%sid%&Binary=%msg%&GSM=%mno%&Datacoding=8\",\"wappush-url\":\"http://api2.infobip.com/api/sendsms/plain?user=%uid%&password=%pwd%&sender=%sid%&SMSText=%msg%&GSM=%mno%&Type=bookmark&Bookmark=%url%\",\"binarytoport-url\":\"http://api2.infobip.com/api/sendsms/plain?user=%uid%&password=%pwd%&sender=%sid%&Binary=06050440744074%msg%&GSM=%mno%&ESMClass=64\",\"format-datetime\":\"yyyy/MM/dd hh:mm:ss\",\"jid-unique\":\"yes\",\"replace-phonenum-plus\":\"\",\"replace-phonenum-space\":\"\",\"status-type\":\"push\",\"status-format\":\"xml\",\"status-method\":\"perjob\",\"max-addresses\":\"100\",\"status-codes\":{\"NOT_SENT\":\"message.status.inqueue\",\"NOT_DELIVERED\":\"message.status.notdelivered\",\"DELIVERED\":\"message.status.delivered\",\"ROUTE_NOT_AVAILABLE\":\"message.status.rejected\",\"SENT\":\"message.status.sent\",\"INVALID_DESTINATION_ADDRESS\":\"message.status.invalidphone\",\"-1\": \"message.status.gatewayerror\", \"-2\":\"message.status.userlimit\",\"-3\":\"message.status.domainlimit\",\"-4\":\"message.status.dedup\"},\"status-code-default\":\"SENT\"}}}','charan'),('temperaturesysconfig','{\"url\":\"http://localhost:9191\",\"username\":\"logistimo\",\"password\":\"logistimo\",\"secretkey\":\"SecretKeytoTalktoAMS\",\"assets\":[{\"id\":1,\"type\":1,\"name\":\"Temperature logger\",\"isTempSensitive\":false,\"isGSMEnabled\":true,\"manufacturers\":[{\"id\":\"berlinger\",\"name\":\"Berlinger\"},{\"id\":\"nexleaf\",\"name\":\"Nexleaf\",\"model\":[{\"name\":\"CT5\",\"type\":\"1\",\"feature\":{\"pullConfig\":false,\"dailyStats\":false,\"powerStats\":true,\"displayLabel\":true,\"currentTemperature\":false},\"sns\":[{\"name\":\"A\",\"mpId\":1,\"cd\":\"Green\"},{\"name\":\"B\",\"mpId\":2,\"cd\":\"#DAA520\"},{\"name\":\"C\",\"mpId\":3,\"cd\":\"Red\"},{\"name\":\"D\",\"mpId\":4,\"cd\":\"Black\"},{\"name\":\"E\",\"mpId\":5,\"cd\":\"Blue\"}]}]},{\"id\":\"nimblewireless\",\"name\":\"Nimble Wireless\"}]},{\"id\":2,\"type\":2,\"name\":\"ILR\",\"isTempSensitive\":true,\"isGSMEnabled\":false,\"monitoringPositions\":[{\"mpId\":2,\"name\":\"Middle\",\"sId\":\"B\"},{\"mpId\":4,\"name\":\"Ambient\",\"sId\":\"D\"}],\"manufacturers\":[{\"id\":\"haier\",\"name\":\"Haier\"},{\"id\":\"vestfrost\",\"name\":\"Vestfrost\"},{\"id\":\"bluestar\",\"name\":\"Blue Star\"},{\"id\":\"bpsolar\",\"name\":\"BP Solar\"},{\"id\":\"hurrey\",\"name\":\"Huurre\"},{\"id\":\"krispcold\",\"name\":\"Krisp Cold\"},{\"id\":\"electrolux\",\"name\":\"Electrolux\"},{\"id\":\"frick\",\"name\":\"Frick\"},{\"id\":\"mic\",\"name\":\"MIC\"},{\"id\":\"rockwell\",\"name\":\"Rockwell\"},{\"id\":\"premier\",\"name\":\"Premier\"},{\"id\":\"chandra\",\"name\":\"Chandra\"},{\"id\":\"dometic\",\"name\":\"Dometic\"},{\"id\":\"dulas\",\"name\":\"Dulas\"},{\"id\":\"lec\",\"name\":\"LEC\"},{\"id\":\"indian\",\"name\":\"Indian\"},{\"id\":\"trueenergy\",\"name\":\"True Energy\"},{\"id\":\"celfrost\",\"name\":\"Celfrost\"},{\"id\":\"yarco\",\"name\":\"Yarco\"}]},{\"id\":3,\"type\":2,\"name\":\"Deep freezer\",\"isTempSensitive\":true,\"isGSMEnabled\":false,\"monitoringPositions\":[{\"mpId\":2,\"name\":\"Middle\",\"sId\":\"B\"},{\"mpId\":4,\"name\":\"Ambient\",\"sId\":\"D\"}],\"manufacturers\":[{\"id\":\"haier\",\"name\":\"Haier\"},{\"id\":\"vestfrost\",\"name\":\"Vestfrost\"},{\"id\":\"bluestar\",\"name\":\"Blue Star\"},{\"id\":\"bpsolar\",\"name\":\"BP Solar\"},{\"id\":\"hurrey\",\"name\":\"Huurre\"},{\"id\":\"krispcold\",\"name\":\"Krisp Cold\"},{\"id\":\"electrolux\",\"name\":\"Electrolux\"},{\"id\":\"frick\",\"name\":\"Frick\"},{\"id\":\"mic\",\"name\":\"MIC\"},{\"id\":\"rockwell\",\"name\":\"Rockwell\"},{\"id\":\"premier\",\"name\":\"Premier\"},{\"id\":\"chandra\",\"name\":\"Chandra\"},{\"id\":\"dulas\",\"name\":\"Dulas\"},{\"id\":\"lec\",\"name\":\"LEC\"},{\"id\":\"indian\",\"name\":\"Indian\"}]},{\"id\":5,\"type\":2,\"name\":\"Walk-in cooler\",\"isTempSensitive\":true,\"isGSMEnabled\":false,\"monitoringPositions\":[{\"mpId\":1,\"name\":\"Left\",\"sId\":\"C\"},{\"mpId\":2,\"name\":\"Back\",\"sId\":\"B\"},{\"mpId\":3,\"name\":\"Top\",\"sId\":\"E\"},{\"mpId\":4,\"name\":\"Right\",\"sId\":\"A\"},{\"mpId\":5,\"name\":\"Ambient\",\"sId\":\"D\"}],\"manufacturers\":[{\"id\":\"haier\",\"name\":\"Haier\"},{\"id\":\"vestfrost\",\"name\":\"Vestfrost\"},{\"id\":\"bluestar\",\"name\":\"Blue Star\"},{\"id\":\"bpsolar\",\"name\":\"BP Solar\"},{\"id\":\"hurrey\",\"name\":\"Huurre\"},{\"id\":\"krispcold\",\"name\":\"Krisp Cold\"},{\"id\":\"electrolux\",\"name\":\"Electrolux\"},{\"id\":\"frick\",\"name\":\"Frick\"},{\"id\":\"mic\",\"name\":\"MIC\"},{\"id\":\"rockwell\",\"name\":\"Rockwell\"},{\"id\":\"premier\",\"name\":\"Premier\"},{\"id\":\"chandra\",\"name\":\"Chandra\"},{\"id\":\"foster\",\"name\":\"Foster\"},{\"id\":\"dulas\",\"name\":\"Dulas\"},{\"id\":\"lec\",\"name\":\"LEC\"},{\"id\":\"indian\",\"name\":\"Indian\"},{\"id\":\"yarco\",\"name\":\"Yarco\"},{\"id\":\"freezeking\",\"name\":\"Freezeking\"}]},{\"id\":6,\"type\":2,\"name\":\"Walk-in freezer\",\"isTempSensitive\":true,\"isGSMEnabled\":false,\"monitoringPositions\":[{\"mpId\":1,\"name\":\"Left\",\"sId\":\"C\"},{\"mpId\":2,\"name\":\"Back\",\"sId\":\"B\"},{\"mpId\":3,\"name\":\"Top\",\"sId\":\"E\"},{\"mpId\":4,\"name\":\"Right\",\"sId\":\"A\"},{\"mpId\":5,\"name\":\"Ambient\",\"sId\":\"D\"}],\"manufacturers\":[{\"id\":\"haier\",\"name\":\"Haier\"},{\"id\":\"vestfrost\",\"name\":\"Vestfrost\"},{\"id\":\"bluestar\",\"name\":\"Blue Star\"},{\"id\":\"bpsolar\",\"name\":\"BP Solar\"},{\"id\":\"hurrey\",\"name\":\"Huurre\"},{\"id\":\"krispcold\",\"name\":\"Krisp Cold\"},{\"id\":\"electrolux\",\"name\":\"Electrolux\"},{\"id\":\"frick\",\"name\":\"Frick\"},{\"id\":\"mic\",\"name\":\"MIC\"},{\"id\":\"rockwell\",\"name\":\"Rockwell\"},{\"id\":\"premier\",\"name\":\"Premier\"},{\"id\":\"chandra\",\"name\":\"Chandra\"},{\"id\":\"dulas\",\"name\":\"Dulas\"},{\"id\":\"lec\",\"name\":\"LEC\"},{\"id\":\"indian\",\"name\":\"Indian\"},{\"id\":\"foster\",\"name\":\"Foster\"},{\"id\":\"yarco\",\"name\":\"Yarco\"},{\"id\":\"freezeking\",\"name\":\"Freezeking\"},{\"id\":\"euromon\",\"name\":\"Euromon\"}]}],\"typeDef\":[{\"id\":1,\"desc\":\"Monitoring asset\"},{\"id\":2,\"desc\":\"Monitored asset\"},{\"id\":3,\"desc\":\"Non-Monitored asset\"}],\"workingStatuses\":[{\"status\":1,\"displayValue\":\"Working\"},{\"status\":2,\"displayValue\":\"Under repair\"},{\"status\":3,\"displayValue\":\"Beyond repair\"},{\"status\":4,\"displayValue\":\"Condemned\"},{\"status\":5,\"displayValue\":\"Stand by\"},{\"status\":6,\"displayValue\":\"Defrosting\"}],\"relations\":[{\"id\":1,\"displayValue\":\"Contains\"},{\"id\":2,\"displayValue\":\"Monitored by\"}]}',NULL,'2017-05-11 17:06:15','{\"url\":\"http://localhost:9191\",\"username\":\"logistimo\",\"password\":\"logistimo\",\"secretkey\":\"SecretKeytoTalktoAMS\",\"assets\":[{\"id\":1,\"type\":1,\"name\":\"Temperature logger\",\"isTempSensitive\":false,\"isGSMEnabled\":true,\"manufacturers\":[{\"id\":\"berlinger\",\"name\":\"Berlinger\"},{\"id\":\"nexleaf\",\"name\":\"Nexleaf\",\"model\":[{\"name\":\"CT5\",\"type\":\"1\",\"feature\":{\"pullConfig\":false,\"dailyStats\":false,\"powerStats\":true,\"displayLabel\":true,\"currentTemperature\":false},\"sns\":[{\"name\":\"A\",\"mpId\":1,\"cd\":\"Green\"},{\"name\":\"B\",\"mpId\":2,\"cd\":\"#DAA520\"},{\"name\":\"C\",\"mpId\":3,\"cd\":\"Red\"},{\"name\":\"D\",\"mpId\":4,\"cd\":\"Black\"},{\"name\":\"E\",\"mpId\":5,\"cd\":\"Blue\"}]}]},{\"id\":\"nimblewireless\",\"name\":\"Nimble Wireless\"}]},{\"id\":2,\"type\":2,\"name\":\"ILR\",\"isTempSensitive\":true,\"isGSMEnabled\":false,\"monitoringPositions\":[{\"mpId\":2,\"name\":\"Middle\",\"sId\":\"B\"},{\"mpId\":4,\"name\":\"Ambient\",\"sId\":\"D\"}],\"manufacturers\":[{\"id\":\"haier\",\"name\":\"Haier\"},{\"id\":\"vestfrost\",\"name\":\"Vestfrost\"},{\"id\":\"bluestar\",\"name\":\"Blue Star\"},{\"id\":\"bpsolar\",\"name\":\"BP Solar\"},{\"id\":\"hurrey\",\"name\":\"Huurre\"},{\"id\":\"krispcold\",\"name\":\"Krisp Cold\"},{\"id\":\"electrolux\",\"name\":\"Electrolux\"},{\"id\":\"frick\",\"name\":\"Frick\"},{\"id\":\"mic\",\"name\":\"MIC\"},{\"id\":\"rockwell\",\"name\":\"Rockwell\"},{\"id\":\"premier\",\"name\":\"Premier\"},{\"id\":\"chandra\",\"name\":\"Chandra\"},{\"id\":\"dometic\",\"name\":\"Dometic\"},{\"id\":\"dulas\",\"name\":\"Dulas\"},{\"id\":\"lec\",\"name\":\"LEC\"},{\"id\":\"indian\",\"name\":\"Indian\"},{\"id\":\"trueenergy\",\"name\":\"True Energy\"},{\"id\":\"celfrost\",\"name\":\"Celfrost\"},{\"id\":\"yarco\",\"name\":\"Yarco\"}]},{\"id\":3,\"type\":2,\"name\":\"Deep freezer\",\"isTempSensitive\":true,\"isGSMEnabled\":false,\"monitoringPositions\":[{\"mpId\":2,\"name\":\"Middle\",\"sId\":\"B\"},{\"mpId\":4,\"name\":\"Ambient\",\"sId\":\"D\"}],\"manufacturers\":[{\"id\":\"haier\",\"name\":\"Haier\"},{\"id\":\"vestfrost\",\"name\":\"Vestfrost\"},{\"id\":\"bluestar\",\"name\":\"Blue Star\"},{\"id\":\"bpsolar\",\"name\":\"BP Solar\"},{\"id\":\"hurrey\",\"name\":\"Huurre\"},{\"id\":\"krispcold\",\"name\":\"Krisp Cold\"},{\"id\":\"electrolux\",\"name\":\"Electrolux\"},{\"id\":\"frick\",\"name\":\"Frick\"},{\"id\":\"mic\",\"name\":\"MIC\"},{\"id\":\"rockwell\",\"name\":\"Rockwell\"},{\"id\":\"premier\",\"name\":\"Premier\"},{\"id\":\"chandra\",\"name\":\"Chandra\"},{\"id\":\"dulas\",\"name\":\"Dulas\"},{\"id\":\"lec\",\"name\":\"LEC\"},{\"id\":\"indian\",\"name\":\"Indian\"}]},{\"id\":5,\"type\":2,\"name\":\"Walk-in cooler\",\"isTempSensitive\":true,\"isGSMEnabled\":false,\"monitoringPositions\":[{\"mpId\":1,\"name\":\"Left\",\"sId\":\"C\"},{\"mpId\":2,\"name\":\"Back\",\"sId\":\"B\"},{\"mpId\":3,\"name\":\"Top\",\"sId\":\"E\"},{\"mpId\":4,\"name\":\"Right\",\"sId\":\"A\"},{\"mpId\":5,\"name\":\"Ambient\",\"sId\":\"D\"}],\"manufacturers\":[{\"id\":\"haier\",\"name\":\"Haier\"},{\"id\":\"vestfrost\",\"name\":\"Vestfrost\"},{\"id\":\"bluestar\",\"name\":\"Blue Star\"},{\"id\":\"bpsolar\",\"name\":\"BP Solar\"},{\"id\":\"hurrey\",\"name\":\"Huurre\"},{\"id\":\"krispcold\",\"name\":\"Krisp Cold\"},{\"id\":\"electrolux\",\"name\":\"Electrolux\"},{\"id\":\"frick\",\"name\":\"Frick\"},{\"id\":\"mic\",\"name\":\"MIC\"},{\"id\":\"rockwell\",\"name\":\"Rockwell\"},{\"id\":\"premier\",\"name\":\"Premier\"},{\"id\":\"chandra\",\"name\":\"Chandra\"},{\"id\":\"foster\",\"name\":\"Foster\"},{\"id\":\"dulas\",\"name\":\"Dulas\"},{\"id\":\"lec\",\"name\":\"LEC\"},{\"id\":\"indian\",\"name\":\"Indian\"},{\"id\":\"yarco\",\"name\":\"Yarco\"},{\"id\":\"freezeking\",\"name\":\"Freezeking\"}]},{\"id\":6,\"type\":2,\"name\":\"Walk-in freezer\",\"isTempSensitive\":true,\"isGSMEnabled\":false,\"monitoringPositions\":[{\"mpId\":1,\"name\":\"Left\",\"sId\":\"C\"},{\"mpId\":2,\"name\":\"Back\",\"sId\":\"B\"},{\"mpId\":3,\"name\":\"Top\",\"sId\":\"E\"},{\"mpId\":4,\"name\":\"Right\",\"sId\":\"A\"},{\"mpId\":5,\"name\":\"Ambient\",\"sId\":\"D\"}],\"manufacturers\":[{\"id\":\"haier\",\"name\":\"Haier\"},{\"id\":\"vestfrost\",\"name\":\"Vestfrost\"},{\"id\":\"bluestar\",\"name\":\"Blue Star\"},{\"id\":\"bpsolar\",\"name\":\"BP Solar\"},{\"id\":\"hurrey\",\"name\":\"Huurre\"},{\"id\":\"krispcold\",\"name\":\"Krisp Cold\"},{\"id\":\"electrolux\",\"name\":\"Electrolux\"},{\"id\":\"frick\",\"name\":\"Frick\"},{\"id\":\"mic\",\"name\":\"MIC\"},{\"id\":\"rockwell\",\"name\":\"Rockwell\"},{\"id\":\"premier\",\"name\":\"Premier\"},{\"id\":\"chandra\",\"name\":\"Chandra\"},{\"id\":\"dulas\",\"name\":\"Dulas\"},{\"id\":\"lec\",\"name\":\"LEC\"},{\"id\":\"indian\",\"name\":\"Indian\"},{\"id\":\"foster\",\"name\":\"Foster\"},{\"id\":\"yarco\",\"name\":\"Yarco\"},{\"id\":\"freezeking\",\"name\":\"Freezeking\"},{\"id\":\"euromon\",\"name\":\"Euromon\"}]}],\"typeDef\":[{\"id\":1,\"desc\":\"Monitoring asset\"},{\"id\":2,\"desc\":\"Monitored asset\"},{\"id\":3,\"desc\":\"Non-Monitored asset\"}],\"workingStatuses\":[{\"status\":1,\"displayValue\":\"Working\"},{\"status\":2,\"displayValue\":\"Under repair\"},{\"status\":3,\"displayValue\":\"Beyond repair\"},{\"status\":4,\"displayValue\":\"Condemned\"},{\"status\":5,\"displayValue\":\"Stand by\"},{\"status\":6,\"displayValue\":\"Defrosting\"}],\"relations\":[{\"id\":1,\"displayValue\":\"Contains\"},{\"id\":2,\"displayValue\":\"Monitored by\"}]}','charan');
/*!40000 ALTER TABLE `CONFIG` ENABLE KEYS */;
UNLOCK TABLES;

--
-- Table structure for table `CONVERSATION`
--

DROP TABLE IF EXISTS `CONVERSATION`;
/*!40101 SET @saved_cs_client     = @@character_set_client */;
/*!40101 SET character_set_client = utf8 */;
CREATE TABLE `CONVERSATION` (
  `ID` varchar(255) CHARACTER SET utf8 COLLATE utf8_bin NOT NULL,
  `CREATEDATE` datetime DEFAULT NULL,
  `DOMAINID` bigint(20) DEFAULT NULL,
  `OBJECTID` varchar(255) DEFAULT NULL,
  `OBJECTTYPE` varchar(255) CHARACTER SET utf8 COLLATE utf8_bin DEFAULT NULL,
  `UPDATEDATE` datetime DEFAULT NULL,
  `USERID` varchar(255) CHARACTER SET utf8 COLLATE utf8_bin DEFAULT NULL,
  PRIMARY KEY (`ID`)
) ENGINE=InnoDB DEFAULT CHARSET=utf8;
/*!40101 SET character_set_client = @saved_cs_client */;

--
-- Dumping data for table `CONVERSATION`
--

LOCK TABLES `CONVERSATION` WRITE;
/*!40000 ALTER TABLE `CONVERSATION` DISABLE KEYS */;
/*!40000 ALTER TABLE `CONVERSATION` ENABLE KEYS */;
UNLOCK TABLES;

--
-- Table structure for table `CONVERSATIONTAG`
--

DROP TABLE IF EXISTS `CONVERSATIONTAG`;
/*!40101 SET @saved_cs_client     = @@character_set_client */;
/*!40101 SET character_set_client = utf8 */;
CREATE TABLE `CONVERSATIONTAG` (
  `ID` bigint(20) NOT NULL AUTO_INCREMENT,
  `CONVERSATION_ID_OID` varchar(255) CHARACTER SET utf8 COLLATE utf8_bin DEFAULT NULL,
  `TAG` varchar(255) CHARACTER SET utf8 COLLATE utf8_bin DEFAULT NULL,
  PRIMARY KEY (`ID`),
  KEY `CONVERSATIONTAG_N49` (`CONVERSATION_ID_OID`)
) ENGINE=InnoDB DEFAULT CHARSET=utf8;
/*!40101 SET character_set_client = @saved_cs_client */;

--
-- Dumping data for table `CONVERSATIONTAG`
--

LOCK TABLES `CONVERSATIONTAG` WRITE;
/*!40000 ALTER TABLE `CONVERSATIONTAG` DISABLE KEYS */;
/*!40000 ALTER TABLE `CONVERSATIONTAG` ENABLE KEYS */;
UNLOCK TABLES;

--
-- Table structure for table `DASHBOARD`
--

DROP TABLE IF EXISTS `DASHBOARD`;
/*!40101 SET @saved_cs_client     = @@character_set_client */;
/*!40101 SET character_set_client = utf8 */;
CREATE TABLE `DASHBOARD` (
  `DBID` bigint(20) NOT NULL AUTO_INCREMENT,
  `CONF` varchar(2048) CHARACTER SET utf8 COLLATE utf8_bin DEFAULT NULL,
  `CREATEDBY` varchar(255) CHARACTER SET utf8 COLLATE utf8_bin DEFAULT NULL,
  `CREATEDON` datetime DEFAULT NULL,
  `DID` bigint(20) DEFAULT NULL,
  `DEF` bit(1) DEFAULT NULL,
  `DESC` varchar(255) CHARACTER SET utf8 COLLATE utf8_bin DEFAULT NULL,
  `NAME` varchar(255) CHARACTER SET utf8 COLLATE utf8_bin DEFAULT NULL,
  PRIMARY KEY (`DBID`)
) ENGINE=InnoDB DEFAULT CHARSET=utf8;
/*!40101 SET character_set_client = @saved_cs_client */;

--
-- Dumping data for table `DASHBOARD`
--

LOCK TABLES `DASHBOARD` WRITE;
/*!40000 ALTER TABLE `DASHBOARD` DISABLE KEYS */;
/*!40000 ALTER TABLE `DASHBOARD` ENABLE KEYS */;
UNLOCK TABLES;

--
-- Table structure for table `DEMANDITEM`
--

DROP TABLE IF EXISTS `DEMANDITEM`;
/*!40101 SET @saved_cs_client     = @@character_set_client */;
/*!40101 SET character_set_client = utf8 */;
CREATE TABLE `DEMANDITEM` (
  `ID` bigint(20) NOT NULL AUTO_INCREMENT,
  `AST` int(11) DEFAULT NULL,
  `CR` varchar(255) CHARACTER SET utf8 COLLATE utf8_bin DEFAULT NULL,
  `DCT` decimal(16,4) DEFAULT NULL,
  `KID` bigint(20) DEFAULT NULL,
  `MID` bigint(20) DEFAULT NULL,
  `MS` varchar(255) CHARACTER SET utf8 COLLATE utf8_bin DEFAULT NULL,
  `OID` bigint(20) DEFAULT NULL,
  `OQ` decimal(16,4) DEFAULT NULL,
  `ORDER_ID_OID` bigint(20) DEFAULT NULL,
  `Q` decimal(16,4) DEFAULT NULL,
  `SDID` bigint(20) DEFAULT NULL,
  `ST` varchar(255) CHARACTER SET utf8 COLLATE utf8_bin DEFAULT NULL,
  `T` datetime DEFAULT NULL,
  `TX` decimal(16,4) DEFAULT NULL,
  `UID` varchar(255) CHARACTER SET utf8 COLLATE utf8_bin DEFAULT NULL,
  `UP` decimal(16,4) DEFAULT NULL,
  `ROQ` decimal(16,4) DEFAULT NULL,
  `ARCAT` datetime DEFAULT NULL,
  `ARCBY` varchar(255) DEFAULT NULL,
  `RSN` varchar(255) DEFAULT NULL,
  `TTO` bigint(20) DEFAULT NULL,
  `FQ` decimal(16,4) DEFAULT NULL,
  `DQ` decimal(16,4) DEFAULT NULL,
  `SQ` decimal(16,4) DEFAULT NULL,
  `ISQ` decimal(16,4) DEFAULT NULL,
  `SDRSN` varchar(255) DEFAULT NULL,
  `MST` varchar(255) DEFAULT NULL,
  PRIMARY KEY (`ID`),
  KEY `DEMANDITEM_N49` (`ORDER_ID_OID`),
  KEY `DEMANDITEM#6` (`MID`,`T`),
  KEY `DEMANDITEM#4` (`KID`,`T`)
) ENGINE=InnoDB AUTO_INCREMENT=57 DEFAULT CHARSET=utf8;
/*!40101 SET character_set_client = @saved_cs_client */;

--
-- Dumping data for table `DEMANDITEM`
--

LOCK TABLES `DEMANDITEM` WRITE;
/*!40000 ALTER TABLE `DEMANDITEM` DISABLE KEYS */;
INSERT INTO `DEMANDITEM` VALUES (1,NULL,NULL,NULL,1344726,3345730,NULL,1,100.0000,NULL,100.0000,1343727,'cm','2017-04-21 17:27:31',0.0000,'superuser',NULL,4000.0000,NULL,NULL,'Changing the ROD',-1,0.0000,0.0000,100.0000,100.0000,NULL,NULL),(2,NULL,NULL,NULL,1344726,3345733,NULL,1,100.0000,NULL,100.0000,1343727,'cm','2017-04-21 17:27:31',0.0000,'superuser',NULL,0.0000,NULL,NULL,'Changing the ROD',-1,0.0000,0.0000,100.0000,100.0000,NULL,NULL),(3,NULL,NULL,NULL,1344725,3345727,NULL,2,500.0000,NULL,500.0000,1343727,'pn','2017-04-21 17:28:16',0.0000,'superuser',NULL,50000.0000,NULL,NULL,'Changing the ROD',-1,0.0000,0.0000,0.0000,0.0000,NULL,NULL),(4,NULL,NULL,NULL,1344725,3345731,NULL,2,500.0000,NULL,500.0000,1343727,'pn','2017-04-21 17:28:16',0.0000,'superuser',NULL,50000.0000,NULL,NULL,'Changing the ROD',-1,0.0000,0.0000,0.0000,0.0000,NULL,NULL),(5,NULL,NULL,NULL,1344726,3345725,NULL,3,100.0000,NULL,100.0000,1343727,'pn','2017-04-21 17:28:39',0.0000,'superuser',NULL,9000.0000,NULL,NULL,'Changing the ROD',240488,0.0000,0.0000,0.0000,0.0000,NULL,NULL),(6,NULL,NULL,NULL,1344726,3345727,NULL,3,100.0000,NULL,100.0000,1343727,'pn','2017-04-21 17:28:39',0.0000,'superuser',NULL,4100.0000,NULL,NULL,'Changing the ROD',-1,0.0000,0.0000,0.0000,0.0000,NULL,NULL),(7,NULL,NULL,NULL,1344726,3345730,NULL,4,200.0000,NULL,200.0000,1343727,'fl','2017-04-21 17:29:02',0.0000,'superuser',NULL,4000.0000,NULL,NULL,'Changing the ROD',-1,200.0000,0.0000,200.0000,200.0000,NULL,NULL),(8,NULL,NULL,NULL,1344726,3345734,NULL,4,200.0000,NULL,200.0000,1343727,'fl','2017-04-21 17:29:02',0.0000,'superuser',NULL,0.0000,NULL,NULL,'Changing the ROD',-1,200.0000,0.0000,200.0000,200.0000,NULL,NULL),(9,NULL,NULL,NULL,1344725,3345727,NULL,5,500.0000,NULL,500.0000,1343727,'cm','2017-04-21 17:29:54',0.0000,'superuser',NULL,50000.0000,NULL,NULL,'Changing the ROD',-1,0.0000,0.0000,500.0000,500.0000,NULL,NULL),(10,NULL,NULL,NULL,1344725,3345729,NULL,5,100.0000,NULL,100.0000,1343727,'cm','2017-04-21 17:29:54',0.0000,'superuser',NULL,54500.0000,NULL,NULL,'Changing the ROD',-1,0.0000,0.0000,100.0000,100.0000,NULL,NULL),(11,NULL,NULL,NULL,1344725,3345729,NULL,6,500.0000,NULL,500.0000,1343727,'fl','2017-04-21 17:30:50',0.0000,'superuser',NULL,54500.0000,NULL,NULL,'Changing the ROD',-1,500.0000,0.0000,500.0000,500.0000,NULL,NULL),(12,NULL,NULL,NULL,1344725,3345730,NULL,6,500.0000,NULL,500.0000,1343727,'fl','2017-04-21 17:30:50',0.0000,'superuser',NULL,45000.0000,NULL,NULL,'Changing the ROD',-1,500.0000,0.0000,500.0000,500.0000,NULL,NULL),(13,NULL,NULL,NULL,1344725,3345727,NULL,7,100.0000,NULL,100.0000,1343727,'pn','2017-04-21 17:31:20',0.0000,'superuser',NULL,50000.0000,NULL,NULL,'Changing the ROD',-1,0.0000,0.0000,0.0000,0.0000,NULL,NULL),(14,NULL,NULL,NULL,1344725,3345728,NULL,7,100.0000,NULL,100.0000,1343727,'pn','2017-04-21 17:31:20',0.0000,'superuser',NULL,1000.0000,NULL,NULL,'Changing the ROD',-1,0.0000,0.0000,0.0000,0.0000,NULL,NULL),(15,NULL,NULL,NULL,1344726,3345727,NULL,8,100.0000,NULL,100.0000,1343727,'fl','2017-04-21 17:31:42',0.0000,'superuser',NULL,4100.0000,NULL,NULL,'Changing the ROD',-1,100.0000,0.0000,100.0000,100.0000,NULL,NULL),(16,NULL,NULL,NULL,1344726,3345729,NULL,8,100.0000,NULL,100.0000,1343727,'fl','2017-04-21 17:31:42',0.0000,'superuser',NULL,10000.0000,NULL,NULL,'Changing the ROD',94004379,100.0000,0.0000,100.0000,100.0000,NULL,NULL),(17,NULL,NULL,NULL,1344726,3345730,NULL,9,100.0000,NULL,100.0000,1343727,'pn','2017-04-21 17:32:13',0.0000,'superuser',NULL,4000.0000,NULL,NULL,'Changing the ROD',-1,0.0000,0.0000,0.0000,0.0000,NULL,NULL),(18,NULL,NULL,NULL,1344726,3345731,NULL,9,100.0000,NULL,100.0000,1343727,'pn','2017-04-21 17:32:13',0.0000,'superuser',NULL,10000.0000,NULL,NULL,'Changing the ROD',94036083,0.0000,0.0000,0.0000,0.0000,NULL,NULL),(19,NULL,NULL,NULL,1344725,3345724,NULL,10,100.0000,NULL,0.0000,1343727,'cm','2017-04-21 17:33:09',0.0000,'superuser',NULL,1000.0000,NULL,NULL,NULL,-1,0.0000,0.0000,0.0000,0.0000,NULL,NULL),(20,NULL,NULL,NULL,1344725,3345725,NULL,10,100.0000,NULL,100.0000,1343727,'cm','2017-04-21 17:33:09',0.0000,'superuser',NULL,100000.0000,NULL,NULL,NULL,1327822,0.0000,0.0000,100.0000,100.0000,NULL,NULL),(21,NULL,NULL,NULL,1344725,3345726,NULL,10,100.0000,NULL,0.0000,1343727,'cm','2017-04-21 17:33:09',0.0000,'superuser',NULL,100000.0000,NULL,NULL,NULL,701896,0.0000,0.0000,0.0000,0.0000,NULL,NULL),(22,NULL,NULL,NULL,1344725,3345727,NULL,10,100.0000,NULL,100.0000,1343727,'cm','2017-04-21 17:33:09',0.0000,'superuser',NULL,50000.0000,NULL,NULL,NULL,-1,0.0000,0.0000,100.0000,100.0000,NULL,NULL),(23,NULL,NULL,NULL,1344725,3345728,NULL,10,100.0000,NULL,100.0000,1343727,'cm','2017-04-21 17:33:09',0.0000,'superuser',NULL,1000.0000,NULL,NULL,NULL,-1,0.0000,0.0000,100.0000,100.0000,NULL,NULL),(24,NULL,NULL,NULL,1344725,3345729,NULL,10,100.0000,NULL,100.0000,1343727,'cm','2017-04-21 17:33:09',0.0000,'superuser',NULL,54500.0000,NULL,NULL,NULL,-1,0.0000,0.0000,100.0000,100.0000,NULL,NULL),(25,NULL,NULL,NULL,1344725,3345730,NULL,10,100.0000,NULL,100.0000,1343727,'cm','2017-04-21 17:33:09',0.0000,'superuser',NULL,45000.0000,NULL,NULL,NULL,-1,0.0000,0.0000,100.0000,100.0000,NULL,NULL),(26,NULL,NULL,NULL,1344725,3345731,NULL,10,100.0000,NULL,100.0000,1343727,'cm','2017-04-21 17:33:09',0.0000,'superuser',NULL,50000.0000,NULL,NULL,NULL,-1,0.0000,0.0000,100.0000,100.0000,NULL,NULL),(27,NULL,NULL,NULL,1344725,3345732,NULL,10,100.0000,NULL,100.0000,1343727,'cm','2017-04-21 17:33:09',0.0000,'superuser',NULL,90100.0000,NULL,NULL,NULL,94770264,0.0000,0.0000,100.0000,100.0000,NULL,NULL),(28,NULL,NULL,NULL,1344725,3345733,NULL,10,100.0000,NULL,100.0000,1343727,'cm','2017-04-21 17:33:09',0.0000,'superuser',NULL,90100.0000,NULL,NULL,NULL,94770338,0.0000,0.0000,100.0000,100.0000,NULL,NULL),(29,NULL,NULL,NULL,1344725,3345734,NULL,10,100.0000,NULL,100.0000,1343727,'cm','2017-04-21 17:33:09',0.0000,'superuser',NULL,95000.0000,NULL,NULL,NULL,94770401,0.0000,0.0000,100.0000,100.0000,NULL,NULL),(30,NULL,NULL,NULL,1344725,3345735,NULL,10,100.0000,NULL,0.0000,1343727,'cm','2017-04-21 17:33:09',0.0000,'superuser',NULL,1600.0000,NULL,NULL,NULL,-1,0.0000,0.0000,0.0000,0.0000,NULL,NULL),(31,NULL,NULL,NULL,1344726,3345725,NULL,11,100.0000,NULL,100.0000,1343727,'cm','2017-04-21 17:35:06',0.0000,'superuser',NULL,9000.0000,NULL,NULL,NULL,627538,0.0000,0.0000,100.0000,100.0000,NULL,NULL),(32,NULL,NULL,NULL,1344726,3345727,NULL,11,100.0000,NULL,100.0000,1343727,'cm','2017-04-21 17:35:06',0.0000,'superuser',NULL,4100.0000,NULL,NULL,NULL,-1,0.0000,0.0000,100.0000,100.0000,NULL,NULL),(33,NULL,NULL,NULL,1344726,3345728,NULL,11,100.0000,NULL,100.0000,1343727,'cm','2017-04-21 17:35:06',0.0000,'superuser',NULL,9600.0000,NULL,NULL,NULL,94285671,0.0000,0.0000,100.0000,100.0000,NULL,NULL),(34,NULL,NULL,NULL,1344726,3345729,NULL,11,100.0000,NULL,100.0000,1343727,'cm','2017-04-21 17:35:06',0.0000,'superuser',NULL,10000.0000,NULL,NULL,NULL,94208746,0.0000,0.0000,100.0000,100.0000,NULL,NULL),(35,NULL,NULL,NULL,1344726,3345730,NULL,11,100.0000,NULL,100.0000,1343727,'cm','2017-04-21 17:35:06',0.0000,'superuser',NULL,4000.0000,NULL,NULL,NULL,-1,0.0000,0.0000,100.0000,100.0000,NULL,NULL),(36,NULL,NULL,NULL,1344726,3345731,NULL,11,100.0000,NULL,100.0000,1343727,'cm','2017-04-21 17:35:06',0.0000,'superuser',NULL,10000.0000,NULL,NULL,NULL,94208858,0.0000,0.0000,100.0000,100.0000,NULL,NULL),(37,NULL,NULL,NULL,1344726,3345732,NULL,11,100.0000,NULL,100.0000,1343727,'cm','2017-04-21 17:35:06',0.0000,'superuser',NULL,0.0000,NULL,NULL,NULL,-1,0.0000,0.0000,100.0000,100.0000,NULL,NULL),(38,NULL,NULL,NULL,1344726,3345733,NULL,11,100.0000,NULL,100.0000,1343727,'cm','2017-04-21 17:35:06',0.0000,'superuser',NULL,0.0000,NULL,NULL,NULL,-1,0.0000,0.0000,100.0000,100.0000,NULL,NULL),(39,NULL,NULL,NULL,1344726,3345734,NULL,11,100.0000,NULL,100.0000,1343727,'cm','2017-04-21 17:35:06',0.0000,'superuser',NULL,0.0000,NULL,NULL,NULL,-1,0.0000,0.0000,100.0000,100.0000,NULL,NULL),(40,NULL,NULL,NULL,1344726,3345727,NULL,12,200.0000,NULL,200.0000,1343727,'fl','2017-04-21 17:35:41',0.0000,'superuser',NULL,4100.0000,NULL,NULL,NULL,-1,200.0000,0.0000,200.0000,200.0000,NULL,NULL),(41,NULL,NULL,NULL,1344726,3345728,NULL,12,200.0000,NULL,200.0000,1343727,'fl','2017-04-21 17:35:41',0.0000,'superuser',NULL,9600.0000,NULL,NULL,NULL,94320472,200.0000,0.0000,200.0000,200.0000,NULL,NULL),(42,NULL,NULL,NULL,1344726,3345729,NULL,12,200.0000,NULL,200.0000,1343727,'fl','2017-04-21 17:35:41',0.0000,'superuser',NULL,10000.0000,NULL,NULL,NULL,94243573,200.0000,0.0000,200.0000,200.0000,NULL,NULL),(43,NULL,NULL,NULL,1344726,3345730,NULL,12,200.0000,NULL,200.0000,1343727,'fl','2017-04-21 17:35:41',0.0000,'superuser',NULL,4000.0000,NULL,NULL,NULL,-1,200.0000,0.0000,200.0000,200.0000,NULL,NULL),(44,NULL,NULL,NULL,1344726,3345731,NULL,12,200.0000,NULL,200.0000,1343727,'fl','2017-04-21 17:35:41',0.0000,'superuser',NULL,10000.0000,NULL,NULL,NULL,94243751,200.0000,0.0000,200.0000,200.0000,NULL,NULL),(45,NULL,NULL,NULL,1344725,3345729,NULL,13,200.0000,NULL,200.0000,1343727,'pn','2017-04-21 17:36:18',0.0000,'superuser',NULL,54500.0000,NULL,NULL,NULL,-1,0.0000,0.0000,0.0000,0.0000,NULL,NULL),(46,NULL,NULL,NULL,1344725,3345731,NULL,13,200.0000,NULL,200.0000,1343727,'pn','2017-04-21 17:36:18',0.0000,'superuser',NULL,50000.0000,NULL,NULL,NULL,-1,0.0000,0.0000,0.0000,0.0000,NULL,NULL),(47,NULL,NULL,NULL,1344725,3345732,NULL,13,200.0000,NULL,200.0000,1343727,'pn','2017-04-21 17:36:18',0.0000,'superuser',NULL,90100.0000,NULL,NULL,NULL,94958990,0.0000,0.0000,0.0000,0.0000,NULL,NULL),(48,NULL,NULL,NULL,1344725,3345733,NULL,13,200.0000,NULL,200.0000,1343727,'pn','2017-04-21 17:36:18',0.0000,'superuser',NULL,90100.0000,NULL,NULL,NULL,94959061,0.0000,0.0000,0.0000,0.0000,NULL,NULL),(49,NULL,NULL,NULL,1344725,3345734,NULL,13,200.0000,NULL,200.0000,1343727,'pn','2017-04-21 17:36:18',0.0000,'superuser',NULL,95000.0000,NULL,NULL,NULL,94959116,0.0000,0.0000,0.0000,0.0000,NULL,NULL),(50,NULL,NULL,NULL,1344726,3345727,NULL,14,200.0000,NULL,200.0000,1343727,'fl','2017-04-21 17:36:58',0.0000,'superuser',NULL,4100.0000,NULL,NULL,NULL,-1,200.0000,0.0000,200.0000,200.0000,NULL,NULL),(51,NULL,NULL,NULL,1344726,3345729,NULL,14,200.0000,NULL,200.0000,1343727,'fl','2017-04-21 17:36:58',0.0000,'superuser',NULL,10000.0000,NULL,NULL,NULL,94320155,200.0000,0.0000,200.0000,200.0000,NULL,NULL),(52,NULL,NULL,NULL,1344726,3345730,NULL,14,200.0000,NULL,200.0000,1343727,'fl','2017-04-21 17:36:58',0.0000,'superuser',NULL,4000.0000,NULL,NULL,NULL,-1,200.0000,0.0000,200.0000,200.0000,NULL,NULL),(53,NULL,NULL,NULL,1344726,3345731,NULL,14,200.0000,NULL,200.0000,1343727,'fl','2017-04-21 17:36:58',0.0000,'superuser',NULL,10000.0000,NULL,NULL,NULL,94320258,200.0000,0.0000,200.0000,200.0000,NULL,NULL),(54,NULL,NULL,NULL,1344726,3345733,NULL,14,200.0000,NULL,200.0000,1343727,'fl','2017-04-21 17:36:58',0.0000,'superuser',NULL,0.0000,NULL,NULL,NULL,-1,200.0000,0.0000,200.0000,200.0000,NULL,NULL),(55,NULL,NULL,NULL,1344725,3345727,NULL,15,100.0000,NULL,100.0000,1343727,'cm','2017-04-21 17:38:34',0.0000,'superuser',NULL,50000.0000,NULL,NULL,NULL,-1,0.0000,0.0000,100.0000,100.0000,NULL,NULL),(56,NULL,NULL,NULL,1344725,3345729,NULL,15,100.0000,NULL,100.0000,1343727,'cm','2017-04-21 17:38:34',0.0000,'superuser',NULL,54500.0000,NULL,NULL,NULL,-1,0.0000,0.0000,100.0000,100.0000,NULL,NULL);
/*!40000 ALTER TABLE `DEMANDITEM` ENABLE KEYS */;
UNLOCK TABLES;

--
-- Table structure for table `DEMANDITEMBATCH`
--

DROP TABLE IF EXISTS `DEMANDITEMBATCH`;
/*!40101 SET @saved_cs_client     = @@character_set_client */;
/*!40101 SET character_set_client = utf8 */;
CREATE TABLE `DEMANDITEMBATCH` (
  `ID` bigint(20) NOT NULL AUTO_INCREMENT,
  `BEXP` datetime DEFAULT NULL,
  `BID` varchar(255) CHARACTER SET utf8 COLLATE utf8_bin DEFAULT NULL,
  `BMFDT` datetime DEFAULT NULL,
  `BMFNM` varchar(255) CHARACTER SET utf8 COLLATE utf8_bin DEFAULT NULL,
  `DMDITM_ID_OID` bigint(20) DEFAULT NULL,
  `KID` bigint(20) DEFAULT NULL,
  `MID` bigint(20) DEFAULT NULL,
  `Q` decimal(16,4) DEFAULT NULL,
  `SDID` bigint(20) DEFAULT NULL,
  PRIMARY KEY (`ID`),
  KEY `DEMANDITEMBATCH_N49` (`DMDITM_ID_OID`)
) ENGINE=InnoDB DEFAULT CHARSET=utf8;
/*!40101 SET character_set_client = @saved_cs_client */;

--
-- Dumping data for table `DEMANDITEMBATCH`
--

LOCK TABLES `DEMANDITEMBATCH` WRITE;
/*!40000 ALTER TABLE `DEMANDITEMBATCH` DISABLE KEYS */;
/*!40000 ALTER TABLE `DEMANDITEMBATCH` ENABLE KEYS */;
UNLOCK TABLES;

--
-- Table structure for table `DEMANDITEMBATCH_DOMAINS`
--

DROP TABLE IF EXISTS `DEMANDITEMBATCH_DOMAINS`;
/*!40101 SET @saved_cs_client     = @@character_set_client */;
/*!40101 SET character_set_client = utf8 */;
CREATE TABLE `DEMANDITEMBATCH_DOMAINS` (
  `ID_OID` bigint(20) NOT NULL,
  `DOMAIN_ID` bigint(20) DEFAULT NULL,
  `IDX` int(11) NOT NULL,
  PRIMARY KEY (`ID_OID`,`IDX`),
  KEY `DEMANDITEMBATCH_DOMAINS_N49` (`ID_OID`)
) ENGINE=InnoDB DEFAULT CHARSET=utf8;
/*!40101 SET character_set_client = @saved_cs_client */;

--
-- Dumping data for table `DEMANDITEMBATCH_DOMAINS`
--

LOCK TABLES `DEMANDITEMBATCH_DOMAINS` WRITE;
/*!40000 ALTER TABLE `DEMANDITEMBATCH_DOMAINS` DISABLE KEYS */;
/*!40000 ALTER TABLE `DEMANDITEMBATCH_DOMAINS` ENABLE KEYS */;
UNLOCK TABLES;

--
-- Table structure for table `DEMANDITEM_DOMAINS`
--

DROP TABLE IF EXISTS `DEMANDITEM_DOMAINS`;
/*!40101 SET @saved_cs_client     = @@character_set_client */;
/*!40101 SET character_set_client = utf8 */;
CREATE TABLE `DEMANDITEM_DOMAINS` (
  `ID_OID` bigint(20) NOT NULL,
  `DOMAIN_ID` bigint(20) DEFAULT NULL,
  `IDX` int(11) NOT NULL,
  PRIMARY KEY (`ID_OID`,`IDX`),
  KEY `DEMANDITEM_DOMAINS_N49` (`ID_OID`)
) ENGINE=InnoDB DEFAULT CHARSET=utf8;
/*!40101 SET character_set_client = @saved_cs_client */;

--
-- Dumping data for table `DEMANDITEM_DOMAINS`
--

LOCK TABLES `DEMANDITEM_DOMAINS` WRITE;
/*!40000 ALTER TABLE `DEMANDITEM_DOMAINS` DISABLE KEYS */;
INSERT INTO `DEMANDITEM_DOMAINS` VALUES (1,1343726,0),(1,1343727,1),(2,1343726,0),(2,1343727,1),(3,1343726,0),(3,1343727,1),(4,1343726,0),(4,1343727,1),(5,1343726,0),(5,1343727,1),(6,1343726,0),(6,1343727,1),(7,1343726,0),(7,1343727,1),(8,1343726,0),(8,1343727,1),(9,1343726,0),(9,1343727,1),(10,1343726,0),(10,1343727,1),(11,1343726,0),(11,1343727,1),(12,1343726,0),(12,1343727,1),(13,1343726,0),(13,1343727,1),(14,1343726,0),(14,1343727,1),(15,1343726,0),(15,1343727,1),(16,1343726,0),(16,1343727,1),(17,1343726,0),(17,1343727,1),(18,1343726,0),(18,1343727,1),(19,1343726,0),(19,1343727,1),(20,1343726,0),(20,1343727,1),(21,1343726,0),(21,1343727,1),(22,1343726,0),(22,1343727,1),(23,1343726,0),(23,1343727,1),(24,1343726,0),(24,1343727,1),(25,1343726,0),(25,1343727,1),(26,1343726,0),(26,1343727,1),(27,1343726,0),(27,1343727,1),(28,1343726,0),(28,1343727,1),(29,1343726,0),(29,1343727,1),(30,1343726,0),(30,1343727,1),(31,1343726,0),(31,1343727,1),(32,1343726,0),(32,1343727,1),(33,1343726,0),(33,1343727,1),(34,1343726,0),(34,1343727,1),(35,1343726,0),(35,1343727,1),(36,1343726,0),(36,1343727,1),(37,1343726,0),(37,1343727,1),(38,1343726,0),(38,1343727,1),(39,1343726,0),(39,1343727,1),(40,1343726,0),(40,1343727,1),(41,1343726,0),(41,1343727,1),(42,1343726,0),(42,1343727,1),(43,1343726,0),(43,1343727,1),(44,1343726,0),(44,1343727,1),(45,1343726,0),(45,1343727,1),(46,1343726,0),(46,1343727,1),(47,1343726,0),(47,1343727,1),(48,1343726,0),(48,1343727,1),(49,1343726,0),(49,1343727,1),(50,1343726,0),(50,1343727,1),(51,1343726,0),(51,1343727,1),(52,1343726,0),(52,1343727,1),(53,1343726,0),(53,1343727,1),(54,1343726,0),(54,1343727,1),(55,1343726,0),(55,1343727,1),(56,1343726,0),(56,1343727,1);
/*!40000 ALTER TABLE `DEMANDITEM_DOMAINS` ENABLE KEYS */;
UNLOCK TABLES;

--
-- Table structure for table `DEMANDITEM_KTAGS`
--

DROP TABLE IF EXISTS `DEMANDITEM_KTAGS`;
/*!40101 SET @saved_cs_client     = @@character_set_client */;
/*!40101 SET character_set_client = utf8 */;
CREATE TABLE `DEMANDITEM_KTAGS` (
  `KEY` bigint(20) NOT NULL,
  `ID` bigint(20) DEFAULT NULL,
  `IDX` int(11) NOT NULL,
  PRIMARY KEY (`KEY`,`IDX`),
  KEY `DEMANDITEM_KTAGS_N49` (`ID`),
  KEY `DEMANDITEM_KTAGS_N50` (`KEY`)
) ENGINE=InnoDB DEFAULT CHARSET=utf8;
/*!40101 SET character_set_client = @saved_cs_client */;

--
-- Dumping data for table `DEMANDITEM_KTAGS`
--

LOCK TABLES `DEMANDITEM_KTAGS` WRITE;
/*!40000 ALTER TABLE `DEMANDITEM_KTAGS` DISABLE KEYS */;
INSERT INTO `DEMANDITEM_KTAGS` VALUES (1,362,0),(2,362,0),(5,362,0),(6,362,0),(7,362,0),(8,362,0),(15,362,0),(16,362,0),(17,362,0),(18,362,0),(31,362,0),(32,362,0),(33,362,0),(34,362,0),(35,362,0),(36,362,0),(37,362,0),(38,362,0),(39,362,0),(40,362,0),(41,362,0),(42,362,0),(43,362,0),(44,362,0),(50,362,0),(51,362,0),(52,362,0),(53,362,0),(54,362,0),(3,363,0),(4,363,0),(9,363,0),(10,363,0),(11,363,0),(12,363,0),(13,363,0),(14,363,0),(19,363,0),(20,363,0),(21,363,0),(22,363,0),(23,363,0),(24,363,0),(25,363,0),(26,363,0),(27,363,0),(28,363,0),(29,363,0),(30,363,0),(45,363,0),(46,363,0),(47,363,0),(48,363,0),(49,363,0),(55,363,0),(56,363,0);
/*!40000 ALTER TABLE `DEMANDITEM_KTAGS` ENABLE KEYS */;
UNLOCK TABLES;

--
-- Table structure for table `DEMANDITEM_MTAGS`
--

DROP TABLE IF EXISTS `DEMANDITEM_MTAGS`;
/*!40101 SET @saved_cs_client     = @@character_set_client */;
/*!40101 SET character_set_client = utf8 */;
CREATE TABLE `DEMANDITEM_MTAGS` (
  `KEY` bigint(20) NOT NULL,
  `ID` bigint(20) DEFAULT NULL,
  `IDX` int(11) NOT NULL,
  PRIMARY KEY (`KEY`,`IDX`),
  KEY `DEMANDITEM_MTAGS_N49` (`ID`),
  KEY `DEMANDITEM_MTAGS_N50` (`KEY`)
) ENGINE=InnoDB DEFAULT CHARSET=utf8;
/*!40101 SET character_set_client = @saved_cs_client */;

--
-- Dumping data for table `DEMANDITEM_MTAGS`
--

LOCK TABLES `DEMANDITEM_MTAGS` WRITE;
/*!40000 ALTER TABLE `DEMANDITEM_MTAGS` DISABLE KEYS */;
INSERT INTO `DEMANDITEM_MTAGS` VALUES (1,359,0),(3,359,0),(4,359,0),(5,359,0),(6,359,0),(7,359,0),(9,359,0),(10,359,0),(11,359,0),(12,359,0),(13,359,0),(14,359,0),(15,359,0),(16,359,0),(17,359,0),(18,359,0),(19,359,0),(20,359,0),(21,359,0),(22,359,0),(23,359,0),(24,359,0),(25,359,0),(26,359,0),(31,359,0),(32,359,0),(33,359,0),(34,359,0),(35,359,0),(36,359,0),(40,359,0),(41,359,0),(42,359,0),(43,359,0),(44,359,0),(45,359,0),(46,359,0),(50,359,0),(51,359,0),(52,359,0),(53,359,0),(55,359,0),(56,359,0),(2,360,0),(8,360,0),(27,360,0),(28,360,0),(29,360,0),(30,360,0),(37,360,0),(38,360,0),(39,360,0),(47,360,0),(48,360,0),(49,360,0),(54,360,0);
/*!40000 ALTER TABLE `DEMANDITEM_MTAGS` ENABLE KEYS */;
UNLOCK TABLES;

--
-- Table structure for table `DOMAIN`
--

DROP TABLE IF EXISTS `DOMAIN`;
/*!40101 SET @saved_cs_client     = @@character_set_client */;
/*!40101 SET character_set_client = utf8 */;
CREATE TABLE `DOMAIN` (
  `DID` bigint(20) NOT NULL AUTO_INCREMENT,
  `CREATEDON` datetime DEFAULT NULL,
  `DESCRIPTION` varchar(255) CHARACTER SET utf8 COLLATE utf8_bin DEFAULT NULL,
  `HASCHILD` bit(1) DEFAULT NULL,
  `HASPARENT` bit(1) DEFAULT NULL,
  `ISACTIVE` bit(1) NOT NULL,
  `UB` varchar(255) DEFAULT NULL,
  `UO` datetime DEFAULT NULL,
  `NNM` varchar(255) CHARACTER SET utf8 COLLATE utf8_bin DEFAULT NULL,
  `NAME` varchar(255) CHARACTER SET utf8 COLLATE utf8_bin DEFAULT NULL,
  `OWNERID` varchar(255) CHARACTER SET utf8 COLLATE utf8_bin DEFAULT NULL,
  `RPTENABLED` bit(1) DEFAULT NULL,
  PRIMARY KEY (`DID`),
  KEY `DOMAIN#1` (`OWNERID`,`NNM`)
) ENGINE=InnoDB AUTO_INCREMENT=1343728 DEFAULT CHARSET=utf8;
/*!40101 SET character_set_client = @saved_cs_client */;

--
-- Dumping data for table `DOMAIN`
--

LOCK TABLES `DOMAIN` WRITE;
/*!40000 ALTER TABLE `DOMAIN` DISABLE KEYS */;
INSERT INTO `DOMAIN` VALUES (1343724,'2017-04-20 12:31:34',NULL,'\0','\0','',NULL,'2017-04-20 12:31:34','default','Default','charan',''),(1343726,'2017-04-20 14:31:39','','','\0','','superuser','2017-05-12 23:40:13','india - demo','India - demo','sadiq',''),(1343727,'2017-04-20 14:31:47','','\0','','','superuser','2017-05-12 23:40:37','uttarpradesh - demo','UttarPradesh - demo','sadiq','');
/*!40000 ALTER TABLE `DOMAIN` ENABLE KEYS */;
UNLOCK TABLES;

--
-- Table structure for table `DOMAINLINK`
--

DROP TABLE IF EXISTS `DOMAINLINK`;
/*!40101 SET @saved_cs_client     = @@character_set_client */;
/*!40101 SET character_set_client = utf8 */;
CREATE TABLE `DOMAINLINK` (
  `KEY` varchar(255) CHARACTER SET utf8 COLLATE utf8_bin NOT NULL,
  `DID` bigint(20) DEFAULT NULL,
  `LDID` bigint(20) DEFAULT NULL,
  `NDNM` varchar(255) CHARACTER SET utf8 COLLATE utf8_bin DEFAULT NULL,
  `NLDNM` varchar(255) CHARACTER SET utf8 COLLATE utf8_bin DEFAULT NULL,
  `T` datetime DEFAULT NULL,
  `TY` int(11) DEFAULT NULL,
  PRIMARY KEY (`KEY`)
) ENGINE=InnoDB DEFAULT CHARSET=utf8;
/*!40101 SET character_set_client = @saved_cs_client */;

--
-- Dumping data for table `DOMAINLINK`
--

LOCK TABLES `DOMAINLINK` WRITE;
/*!40000 ALTER TABLE `DOMAINLINK` DISABLE KEYS */;
INSERT INTO `DOMAINLINK` VALUES ('1343726.0.1343727',1343726,1343727,'india - demo','uttarpradesh - demo','2017-04-20 14:32:26',0),('1343727.1.1343726',1343727,1343726,'uttarpradesh - demo','india - demo','2017-04-20 14:32:26',1);
/*!40000 ALTER TABLE `DOMAINLINK` ENABLE KEYS */;
UNLOCK TABLES;

--
-- Table structure for table `DOMAINPERMISSION`
--

DROP TABLE IF EXISTS `DOMAINPERMISSION`;
/*!40101 SET @saved_cs_client     = @@character_set_client */;
/*!40101 SET character_set_client = utf8 */;
CREATE TABLE `DOMAINPERMISSION` (
  `DID` bigint(20) NOT NULL,
  `CC` bit(1) DEFAULT NULL,
  `CE` bit(1) DEFAULT NULL,
  `CM` bit(1) DEFAULT NULL,
  `CV` bit(1) DEFAULT NULL,
  `EA` bit(1) DEFAULT NULL,
  `EE` bit(1) DEFAULT NULL,
  `EGA` bit(1) DEFAULT NULL,
  `EGE` bit(1) DEFAULT NULL,
  `EGR` bit(1) DEFAULT NULL,
  `EGV` bit(1) DEFAULT NULL,
  `ERV` bit(1) DEFAULT NULL,
  `ERA` bit(1) DEFAULT NULL,
  `ERE` bit(1) DEFAULT NULL,
  `ERR` bit(1) DEFAULT NULL,
  `ER` bit(1) DEFAULT NULL,
  `EV` bit(1) DEFAULT NULL,
  `IA` bit(1) DEFAULT NULL,
  `IE` bit(1) DEFAULT NULL,
  `IR` bit(1) DEFAULT NULL,
  `IV` bit(1) DEFAULT NULL,
  `MA` bit(1) DEFAULT NULL,
  `ME` bit(1) DEFAULT NULL,
  `MR` bit(1) DEFAULT NULL,
  `MV` bit(1) DEFAULT NULL,
  `UA` bit(1) DEFAULT NULL,
  `UE` bit(1) DEFAULT NULL,
  `UR` bit(1) DEFAULT NULL,
  `UV` bit(1) DEFAULT NULL,
  `AV` bit(1) DEFAULT NULL,
  `AE` bit(1) DEFAULT NULL,
  `AA` bit(1) DEFAULT NULL,
  `AR` bit(1) DEFAULT NULL,
  PRIMARY KEY (`DID`)
) ENGINE=InnoDB DEFAULT CHARSET=utf8;
/*!40101 SET character_set_client = @saved_cs_client */;

--
-- Dumping data for table `DOMAINPERMISSION`
--

LOCK TABLES `DOMAINPERMISSION` WRITE;
/*!40000 ALTER TABLE `DOMAINPERMISSION` DISABLE KEYS */;
INSERT INTO `DOMAINPERMISSION` VALUES (1343724,'','','','','','','','','','','','','','','','','','','','','','','','','','','','','','','',''),(1343725,'','','','','','','','','','','','','','','','','','','','','','','','','','','','','','','',''),(1343726,'','','','','','','','','','','','','','','','','','','','','','','','','','','','','','','',''),(1343727,'','','','','','','','','','','','','','','','','','','','','','','','','','','','','','','','');
/*!40000 ALTER TABLE `DOMAINPERMISSION` ENABLE KEYS */;
UNLOCK TABLES;

--
-- Table structure for table `DOWNLOADED`
--

DROP TABLE IF EXISTS `DOWNLOADED`;
/*!40101 SET @saved_cs_client     = @@character_set_client */;
/*!40101 SET character_set_client = utf8 */;
CREATE TABLE `DOWNLOADED` (
  `KEY` bigint(20) NOT NULL AUTO_INCREMENT,
  `DD` varchar(255) CHARACTER SET utf8 COLLATE utf8_bin DEFAULT NULL,
  `L` varchar(255) CHARACTER SET utf8 COLLATE utf8_bin DEFAULT NULL,
  `T` datetime DEFAULT NULL,
  `UID` varchar(255) CHARACTER SET utf8 COLLATE utf8_bin DEFAULT NULL,
  `V` varchar(255) CHARACTER SET utf8 COLLATE utf8_bin DEFAULT NULL,
  PRIMARY KEY (`KEY`)
) ENGINE=InnoDB DEFAULT CHARSET=utf8;
/*!40101 SET character_set_client = @saved_cs_client */;

--
-- Dumping data for table `DOWNLOADED`
--

LOCK TABLES `DOWNLOADED` WRITE;
/*!40000 ALTER TABLE `DOWNLOADED` DISABLE KEYS */;
/*!40000 ALTER TABLE `DOWNLOADED` ENABLE KEYS */;
UNLOCK TABLES;

--
-- Table structure for table `EVENT`
--

DROP TABLE IF EXISTS `EVENT`;
/*!40101 SET @saved_cs_client     = @@character_set_client */;
/*!40101 SET character_set_client = utf8 */;
CREATE TABLE `EVENT` (
  `KY` bigint(20) NOT NULL AUTO_INCREMENT,
  `ETAMILLIS` bigint(20) DEFAULT NULL,
  `ID` int(11) DEFAULT NULL,
  `MSG` varchar(400) DEFAULT NULL,
  `OID` varchar(255) CHARACTER SET utf8 COLLATE utf8_bin DEFAULT NULL,
  `OTY` varchar(255) CHARACTER SET utf8 COLLATE utf8_bin DEFAULT NULL,
  `PRMS` varchar(255) CHARACTER SET utf8 COLLATE utf8_bin DEFAULT NULL,
  `RT` bit(1) DEFAULT NULL,
  `SDID` bigint(20) DEFAULT NULL,
  `ST` int(11) DEFAULT NULL,
  `T` datetime DEFAULT NULL,
  `UIDS` varchar(255) CHARACTER SET utf8 COLLATE utf8_bin DEFAULT NULL,
  PRIMARY KEY (`KY`)
) ENGINE=InnoDB DEFAULT CHARSET=utf8;
/*!40101 SET character_set_client = @saved_cs_client */;

--
-- Dumping data for table `EVENT`
--

LOCK TABLES `EVENT` WRITE;
/*!40000 ALTER TABLE `EVENT` DISABLE KEYS */;
/*!40000 ALTER TABLE `EVENT` ENABLE KEYS */;
UNLOCK TABLES;

--
-- Table structure for table `EVENT_DOMAINS`
--

DROP TABLE IF EXISTS `EVENT_DOMAINS`;
/*!40101 SET @saved_cs_client     = @@character_set_client */;
/*!40101 SET character_set_client = utf8 */;
CREATE TABLE `EVENT_DOMAINS` (
  `KY_OID` bigint(20) NOT NULL,
  `DOMAIN_ID` bigint(20) DEFAULT NULL,
  `IDX` int(11) NOT NULL,
  PRIMARY KEY (`KY_OID`,`IDX`),
  KEY `EVENT_DOMAINS_N49` (`KY_OID`)
) ENGINE=InnoDB DEFAULT CHARSET=utf8;
/*!40101 SET character_set_client = @saved_cs_client */;

--
-- Dumping data for table `EVENT_DOMAINS`
--

LOCK TABLES `EVENT_DOMAINS` WRITE;
/*!40000 ALTER TABLE `EVENT_DOMAINS` DISABLE KEYS */;
/*!40000 ALTER TABLE `EVENT_DOMAINS` ENABLE KEYS */;
UNLOCK TABLES;

--
-- Table structure for table `HANDLINGUNIT`
--

DROP TABLE IF EXISTS `HANDLINGUNIT`;
/*!40101 SET @saved_cs_client     = @@character_set_client */;
/*!40101 SET character_set_client = utf8 */;
CREATE TABLE `HANDLINGUNIT` (
  `ID` bigint(20) NOT NULL AUTO_INCREMENT,
  `CB` varchar(255) CHARACTER SET utf8 COLLATE utf8_bin DEFAULT NULL,
  `DESCRIPTION` varchar(400) CHARACTER SET utf8 COLLATE utf8_bin DEFAULT NULL,
  `LASTUPDATED` datetime DEFAULT NULL,
  `NNAME` varchar(255) CHARACTER SET utf8 COLLATE utf8_bin DEFAULT NULL,
  `NAME` varchar(255) CHARACTER SET utf8 COLLATE utf8_bin DEFAULT NULL,
  `QUANTITY` decimal(16,4) DEFAULT NULL,
  `SDID` bigint(20) DEFAULT NULL,
  `TIMESTAMP` datetime DEFAULT NULL,
  `UB` varchar(255) CHARACTER SET utf8 COLLATE utf8_bin DEFAULT NULL,
  `VOLUME` decimal(16,4) DEFAULT NULL,
  `WEIGHT` decimal(16,4) DEFAULT NULL,
  PRIMARY KEY (`ID`)
) ENGINE=InnoDB DEFAULT CHARSET=utf8;
/*!40101 SET character_set_client = @saved_cs_client */;

--
-- Dumping data for table `HANDLINGUNIT`
--

LOCK TABLES `HANDLINGUNIT` WRITE;
/*!40000 ALTER TABLE `HANDLINGUNIT` DISABLE KEYS */;
/*!40000 ALTER TABLE `HANDLINGUNIT` ENABLE KEYS */;
UNLOCK TABLES;

--
-- Table structure for table `HANDLINGUNITCONTENT`
--

DROP TABLE IF EXISTS `HANDLINGUNITCONTENT`;
/*!40101 SET @saved_cs_client     = @@character_set_client */;
/*!40101 SET character_set_client = utf8 */;
CREATE TABLE `HANDLINGUNITCONTENT` (
  `ID` bigint(20) NOT NULL AUTO_INCREMENT,
  `CNTID` bigint(20) DEFAULT NULL,
  `HU_ID_OID` bigint(20) DEFAULT NULL,
  `QUANTITY` decimal(16,4) DEFAULT NULL,
  `SDID` bigint(20) DEFAULT NULL,
  `TY` int(11) DEFAULT NULL,
  PRIMARY KEY (`ID`)
) ENGINE=InnoDB DEFAULT CHARSET=utf8;
/*!40101 SET character_set_client = @saved_cs_client */;

--
-- Dumping data for table `HANDLINGUNITCONTENT`
--

LOCK TABLES `HANDLINGUNITCONTENT` WRITE;
/*!40000 ALTER TABLE `HANDLINGUNITCONTENT` DISABLE KEYS */;
/*!40000 ALTER TABLE `HANDLINGUNITCONTENT` ENABLE KEYS */;
UNLOCK TABLES;

--
-- Table structure for table `HUC_DOMAINS`
--

DROP TABLE IF EXISTS `HUC_DOMAINS`;
/*!40101 SET @saved_cs_client     = @@character_set_client */;
/*!40101 SET character_set_client = utf8 */;
CREATE TABLE `HUC_DOMAINS` (
  `ID_OID` bigint(20) NOT NULL,
  `DOMAIN_ID` bigint(20) DEFAULT NULL,
  `IDX` int(11) NOT NULL,
  PRIMARY KEY (`ID_OID`,`IDX`)
) ENGINE=InnoDB DEFAULT CHARSET=utf8;
/*!40101 SET character_set_client = @saved_cs_client */;

--
-- Dumping data for table `HUC_DOMAINS`
--

LOCK TABLES `HUC_DOMAINS` WRITE;
/*!40000 ALTER TABLE `HUC_DOMAINS` DISABLE KEYS */;
/*!40000 ALTER TABLE `HUC_DOMAINS` ENABLE KEYS */;
UNLOCK TABLES;

--
-- Table structure for table `HU_DOMAINS`
--

DROP TABLE IF EXISTS `HU_DOMAINS`;
/*!40101 SET @saved_cs_client     = @@character_set_client */;
/*!40101 SET character_set_client = utf8 */;
CREATE TABLE `HU_DOMAINS` (
  `ID_OID` bigint(20) NOT NULL,
  `DOMAIN_ID` bigint(20) DEFAULT NULL,
  `IDX` int(11) NOT NULL,
  PRIMARY KEY (`ID_OID`,`IDX`)
) ENGINE=InnoDB DEFAULT CHARSET=utf8;
/*!40101 SET character_set_client = @saved_cs_client */;

--
-- Dumping data for table `HU_DOMAINS`
--

LOCK TABLES `HU_DOMAINS` WRITE;
/*!40000 ALTER TABLE `HU_DOMAINS` DISABLE KEYS */;
/*!40000 ALTER TABLE `HU_DOMAINS` ENABLE KEYS */;
UNLOCK TABLES;

--
-- Table structure for table `INVALLOCATION`
--

DROP TABLE IF EXISTS `INVALLOCATION`;
/*!40101 SET @saved_cs_client     = @@character_set_client */;
/*!40101 SET character_set_client = utf8 */;
CREATE TABLE `INVALLOCATION` (
  `ID` bigint(20) NOT NULL AUTO_INCREMENT,
  `BID` varchar(255) CHARACTER SET utf8 COLLATE utf8_bin DEFAULT NULL,
  `CBY` varchar(255) CHARACTER SET utf8 COLLATE utf8_bin DEFAULT NULL,
  `CON` datetime DEFAULT NULL,
  `KID` bigint(20) DEFAULT NULL,
  `MID` bigint(20) DEFAULT NULL,
  `Q` decimal(16,4) DEFAULT NULL,
  `TYPE` varchar(255) CHARACTER SET utf8 COLLATE utf8_bin DEFAULT NULL,
  `TYPEID` varchar(255) CHARACTER SET utf8 COLLATE utf8_bin DEFAULT NULL,
  `UBY` varchar(255) CHARACTER SET utf8 COLLATE utf8_bin DEFAULT NULL,
  `UON` datetime DEFAULT NULL,
  `MST` varchar(255) DEFAULT NULL,
  PRIMARY KEY (`ID`)
) ENGINE=InnoDB AUTO_INCREMENT=79 DEFAULT CHARSET=utf8;
/*!40101 SET character_set_client = @saved_cs_client */;

--
-- Dumping data for table `INVALLOCATION`
--

LOCK TABLES `INVALLOCATION` WRITE;
/*!40000 ALTER TABLE `INVALLOCATION` DISABLE KEYS */;
INSERT INTO `INVALLOCATION` VALUES (1,'MEAS1','sadiq','2017-04-21 18:10:27',1344725,3345730,0.0000,'o','1','sadiq','2017-04-21 18:10:57','VVM Usable'),(2,NULL,'sadiq','2017-04-21 18:10:27',1344725,3345733,0.0000,'o','1','sadiq','2017-04-21 18:10:57',NULL),(5,'MEAS1','sadiq','2017-04-21 18:11:43',1344725,3345730,0.0000,'o','4','sadiq','2017-04-21 18:11:48','VVM Usable'),(6,NULL,'sadiq','2017-04-21 18:11:43',1344725,3345734,0.0000,'o','4','sadiq','2017-04-21 18:11:48',NULL),(9,'JED1','sadiq','2017-04-21 18:12:30',1344725,3345727,0.0000,'o','8','sadiq','2017-04-21 18:12:37','VVM Usable'),(10,'MEA1','sadiq','2017-04-21 18:12:30',1344725,3345729,0.0000,'o','8','sadiq','2017-04-21 18:12:37','VVM Usable'),(13,'MED1','sadiq','2017-04-21 18:13:09',1344724,3345729,0.0000,'o','6','sadiq','2017-04-21 18:13:14','VVM Usable'),(14,'MEC1','sadiq','2017-04-21 18:13:09',1344724,3345730,0.0000,'o','6','sadiq','2017-04-21 18:13:14','VVM Usable'),(17,'JED1','sadiq','2017-04-21 18:13:54',1344725,3345727,0.0000,'o','14','sadiq','2017-04-21 18:14:01','VVM Usable'),(18,'MEA1','sadiq','2017-04-21 18:13:54',1344725,3345729,0.0000,'o','14','sadiq','2017-04-21 18:14:01','VVM Usable'),(19,'MEAS1','sadiq','2017-04-21 18:13:54',1344725,3345730,0.0000,'o','14','sadiq','2017-04-21 18:14:01','VVM Usable'),(20,'MEAD1','sadiq','2017-04-21 18:13:55',1344725,3345731,0.0000,'o','14','sadiq','2017-04-21 18:14:01','VVM Usable'),(21,NULL,'sadiq','2017-04-21 18:13:55',1344725,3345733,0.0000,'o','14','sadiq','2017-04-21 18:14:02',NULL),(27,'JEC1','sadiq','2017-04-21 18:15:00',1344725,3345728,0.0000,'o','12','sadiq','2017-04-21 18:15:06','VVM Usable'),(28,'JED1','sadiq','2017-04-21 18:15:00',1344725,3345727,0.0000,'o','12','sadiq','2017-04-21 18:15:06','VVM Usable'),(29,'MEA1','sadiq','2017-04-21 18:15:00',1344725,3345729,0.0000,'o','12','sadiq','2017-04-21 18:15:06','VVM Usable'),(30,'MEAS1','sadiq','2017-04-21 18:15:01',1344725,3345730,0.0000,'o','12','sadiq','2017-04-21 18:15:06','VVM Usable'),(31,'MEAD1','sadiq','2017-04-21 18:15:01',1344725,3345731,0.0000,'o','12','sadiq','2017-04-21 18:15:06','VVM Usable'),(37,'BCG1','sadiq','2017-04-21 18:17:06',1344724,3345725,0.0000,'o','10','sadiq','2017-04-21 18:17:13',NULL),(38,'JE1','sadiq','2017-04-21 18:17:06',1344724,3345728,0.0000,'o','10','sadiq','2017-04-21 18:17:13','VVM Usable'),(39,'JED1','sadiq','2017-04-21 18:17:06',1344724,3345727,0.0000,'o','10','sadiq','2017-04-21 18:17:13','VVM Usable'),(40,'MED1','sadiq','2017-04-21 18:17:06',1344724,3345729,0.0000,'o','10','sadiq','2017-04-21 18:17:13','VVM Usable'),(41,'MEC1','sadiq','2017-04-21 18:17:06',1344724,3345730,0.0000,'o','10','sadiq','2017-04-21 18:17:13','VVM Usable'),(42,'MED1','sadiq','2017-04-21 18:17:06',1344724,3345731,0.0000,'o','10','sadiq','2017-04-21 18:17:13','VVM Usable'),(43,NULL,'sadiq','2017-04-21 18:17:06',1344724,3345732,0.0000,'o','10','sadiq','2017-04-21 18:17:13',NULL),(44,NULL,'sadiq','2017-04-21 18:17:06',1344724,3345733,0.0000,'o','10','sadiq','2017-04-21 18:17:13',NULL),(45,NULL,'sadiq','2017-04-21 18:17:06',1344724,3345734,0.0000,'o','10','sadiq','2017-04-21 18:17:13',NULL),(55,'JED1','sadiq','2017-04-21 18:17:37',1344724,3345727,0.0000,'o','5','sadiq','2017-04-21 18:17:42',''),(56,'MED1','sadiq','2017-04-21 18:17:37',1344724,3345729,0.0000,'o','5','sadiq','2017-04-21 18:17:42','VVM Usable'),(59,'BCG1','sadiq','2017-04-21 18:18:37',1344724,3345725,0.0000,'o','11','sadiq','2017-04-21 18:18:44',NULL),(60,'JE1','sadiq','2017-04-21 18:18:37',1344724,3345728,0.0000,'o','11','sadiq','2017-04-21 18:18:44','VVM Usable'),(61,'JED1','sadiq','2017-04-21 18:18:37',1344724,3345727,0.0000,'o','11','sadiq','2017-04-21 18:18:44','VVM Usable'),(62,'MED1','sadiq','2017-04-21 18:18:37',1344724,3345729,0.0000,'o','11','sadiq','2017-04-21 18:18:45','VVM Usable'),(63,'MEC1','sadiq','2017-04-21 18:18:37',1344724,3345730,0.0000,'o','11','sadiq','2017-04-21 18:18:45','VVM Usable'),(64,'MED1','sadiq','2017-04-21 18:18:37',1344724,3345731,0.0000,'o','11','sadiq','2017-04-21 18:18:45','VVM Usable'),(65,NULL,'sadiq','2017-04-21 18:18:38',1344724,3345732,0.0000,'o','11','sadiq','2017-04-21 18:18:45',NULL),(66,NULL,'sadiq','2017-04-21 18:18:38',1344724,3345733,0.0000,'o','11','sadiq','2017-04-21 18:18:45',NULL),(67,NULL,'sadiq','2017-04-21 18:18:38',1344724,3345734,0.0000,'o','11','sadiq','2017-04-21 18:18:45',NULL),(77,'JED1','sadiq','2017-04-21 18:19:13',1344724,3345727,0.0000,'o','15','sadiq','2017-04-21 18:19:19','VVM Usable'),(78,'MED1','sadiq','2017-04-21 18:19:14',1344724,3345729,0.0000,'o','15','sadiq','2017-04-21 18:19:19','VVM Usable');
/*!40000 ALTER TABLE `INVALLOCATION` ENABLE KEYS */;
UNLOCK TABLES;

--
-- Table structure for table `INVELOGS_KTAGS`
--

DROP TABLE IF EXISTS `INVELOGS_KTAGS`;
/*!40101 SET @saved_cs_client     = @@character_set_client */;
/*!40101 SET character_set_client = utf8 */;
CREATE TABLE `INVELOGS_KTAGS` (
  `KEY` bigint(20) NOT NULL,
  `ID` bigint(20) DEFAULT NULL,
  `IDX` int(11) NOT NULL,
  PRIMARY KEY (`KEY`,`IDX`),
  KEY `INVELOGS_KTAGS_N49` (`KEY`),
  KEY `INVELOGS_KTAGS_N50` (`ID`)
) ENGINE=InnoDB DEFAULT CHARSET=utf8;
/*!40101 SET character_set_client = @saved_cs_client */;

--
-- Dumping data for table `INVELOGS_KTAGS`
--

LOCK TABLES `INVELOGS_KTAGS` WRITE;
/*!40000 ALTER TABLE `INVELOGS_KTAGS` DISABLE KEYS */;
INSERT INTO `INVELOGS_KTAGS` VALUES (35362,361,0),(35363,361,0),(35364,361,0),(35365,361,0),(35366,361,0),(35367,361,0),(35368,361,0),(35369,361,0),(35384,361,0),(35387,361,0),(35391,361,0),(35358,362,0),(35359,362,0),(35360,362,0),(35361,362,0),(35370,362,0),(35371,362,0),(35372,362,0),(35373,362,0),(35382,362,0),(35383,362,0),(35385,362,0),(35386,362,0),(35390,362,0),(35392,362,0),(35393,362,0),(35394,362,0),(35395,362,0),(35374,363,0),(35375,363,0),(35376,363,0),(35377,363,0),(35378,363,0),(35379,363,0),(35380,363,0),(35381,363,0),(35388,363,0),(35389,363,0);
/*!40000 ALTER TABLE `INVELOGS_KTAGS` ENABLE KEYS */;
UNLOCK TABLES;

--
-- Table structure for table `INVELOGS_MTAGS`
--

DROP TABLE IF EXISTS `INVELOGS_MTAGS`;
/*!40101 SET @saved_cs_client     = @@character_set_client */;
/*!40101 SET character_set_client = utf8 */;
CREATE TABLE `INVELOGS_MTAGS` (
  `KEY` bigint(20) NOT NULL,
  `ID` bigint(20) DEFAULT NULL,
  `IDX` int(11) NOT NULL,
  PRIMARY KEY (`KEY`,`IDX`),
  KEY `INVELOGS_MTAGS_N49` (`KEY`),
  KEY `INVELOGS_MTAGS_N50` (`ID`)
) ENGINE=InnoDB DEFAULT CHARSET=utf8;
/*!40101 SET character_set_client = @saved_cs_client */;

--
-- Dumping data for table `INVELOGS_MTAGS`
--

LOCK TABLES `INVELOGS_MTAGS` WRITE;
/*!40000 ALTER TABLE `INVELOGS_MTAGS` DISABLE KEYS */;
INSERT INTO `INVELOGS_MTAGS` VALUES (35358,359,0),(35359,359,0),(35360,359,0),(35361,359,0),(35362,359,0),(35367,359,0),(35368,359,0),(35369,359,0),(35378,359,0),(35379,359,0),(35380,359,0),(35381,359,0),(35382,359,0),(35383,359,0),(35384,359,0),(35385,359,0),(35386,359,0),(35387,359,0),(35388,359,0),(35389,359,0),(35390,359,0),(35392,359,0),(35393,359,0),(35394,359,0),(35395,359,0),(35363,360,0),(35364,360,0),(35365,360,0),(35366,360,0),(35370,360,0),(35371,360,0),(35372,360,0),(35373,360,0),(35374,360,0),(35375,360,0),(35376,360,0),(35377,360,0),(35391,360,0);
/*!40000 ALTER TABLE `INVELOGS_MTAGS` ENABLE KEYS */;
UNLOCK TABLES;

--
-- Table structure for table `INVENTORYMINMAXLOG`
--

DROP TABLE IF EXISTS `INVENTORYMINMAXLOG`;
/*!40101 SET @saved_cs_client     = @@character_set_client */;
/*!40101 SET character_set_client = utf8 */;
CREATE TABLE `INVENTORYMINMAXLOG` (
  `ID` bigint(20) NOT NULL AUTO_INCREMENT,
  `CR` decimal(16,4) DEFAULT NULL,
  `INVID` bigint(20) DEFAULT NULL,
  `KID` bigint(20) DEFAULT NULL,
  `MID` bigint(20) DEFAULT NULL,
  `MAX` decimal(16,4) DEFAULT NULL,
  `MIN` decimal(16,4) DEFAULT NULL,
  `SRC` int(11) DEFAULT NULL,
  `T` datetime DEFAULT NULL,
  `TYPE` int(11) DEFAULT NULL,
  `USER` varchar(255) CHARACTER SET utf8 COLLATE utf8_bin DEFAULT NULL,
  `MAXDUR` decimal(16,4) DEFAULT NULL,
  `MINDUR` decimal(16,4) DEFAULT NULL,
  `freq` int(11) DEFAULT NULL,
  PRIMARY KEY (`ID`),
  KEY `INVT` (`INVID`,`T`)
) ENGINE=InnoDB AUTO_INCREMENT=23281 DEFAULT CHARSET=utf8;
/*!40101 SET character_set_client = @saved_cs_client */;

--
-- Dumping data for table `INVENTORYMINMAXLOG`
--

LOCK TABLES `INVENTORYMINMAXLOG` WRITE;
/*!40000 ALTER TABLE `INVENTORYMINMAXLOG` DISABLE KEYS */;
INSERT INTO `INVENTORYMINMAXLOG` VALUES (23245,0.0000,390141,1344724,3345724,1000000.0000,100000.0000,0,'2017-04-20 15:04:42',0,'charan',0.0000,0.0000,0),(23246,0.0000,390142,1344724,3345725,1000000.0000,100000.0000,0,'2017-04-20 15:04:42',0,'charan',0.0000,0.0000,0),(23247,0.0000,390143,1344724,3345726,1000000.0000,100000.0000,0,'2017-04-20 15:04:42',0,'charan',0.0000,0.0000,0),(23248,0.0000,390144,1344724,3345728,1000000.0000,100000.0000,0,'2017-04-20 15:04:42',0,'charan',0.0000,0.0000,0),(23249,0.0000,390145,1344724,3345727,1000000.0000,100000.0000,0,'2017-04-20 15:04:42',0,'charan',0.0000,0.0000,0),(23250,0.0000,390146,1344724,3345729,1000000.0000,100000.0000,0,'2017-04-20 15:04:42',0,'charan',0.0000,0.0000,0),(23251,0.0000,390147,1344724,3345730,1000000.0000,100000.0000,0,'2017-04-20 15:04:42',0,'charan',0.0000,0.0000,0),(23252,0.0000,390148,1344724,3345731,1000000.0000,100000.0000,0,'2017-04-20 15:04:42',0,'charan',0.0000,0.0000,0),(23253,0.0000,390149,1344724,3345732,1000000.0000,100000.0000,0,'2017-04-20 15:04:42',0,'charan',0.0000,0.0000,0),(23254,0.0000,390150,1344724,3345733,1000000.0000,100000.0000,0,'2017-04-20 15:04:42',0,'charan',0.0000,0.0000,0),(23255,0.0000,390151,1344724,3345734,1000000.0000,100000.0000,0,'2017-04-20 15:04:42',0,'charan',0.0000,0.0000,0),(23256,0.0000,390152,1344724,3345735,1000000.0000,100000.0000,0,'2017-04-20 15:04:42',0,'charan',0.0000,0.0000,0),(23257,0.0000,390153,1344725,3345724,100000.0000,10000.0000,0,'2017-04-20 15:05:00',0,'sadiq',0.0000,0.0000,0),(23258,0.0000,390154,1344725,3345725,100000.0000,10000.0000,0,'2017-04-20 15:05:00',0,'sadiq',0.0000,0.0000,0),(23259,0.0000,390155,1344725,3345726,100000.0000,10000.0000,0,'2017-04-20 15:05:00',0,'sadiq',0.0000,0.0000,0),(23260,0.0000,390156,1344725,3345728,100000.0000,10000.0000,0,'2017-04-20 15:05:00',0,'sadiq',0.0000,0.0000,0),(23261,0.0000,390157,1344725,3345727,100000.0000,10000.0000,0,'2017-04-20 15:05:00',0,'sadiq',0.0000,0.0000,0),(23262,0.0000,390158,1344725,3345729,100000.0000,10000.0000,0,'2017-04-20 15:05:00',0,'sadiq',0.0000,0.0000,0),(23263,0.0000,390159,1344725,3345730,100000.0000,10000.0000,0,'2017-04-20 15:05:00',0,'sadiq',0.0000,0.0000,0),(23264,0.0000,390160,1344725,3345731,100000.0000,10000.0000,0,'2017-04-20 15:05:00',0,'sadiq',0.0000,0.0000,0),(23265,0.0000,390161,1344725,3345732,100000.0000,10000.0000,0,'2017-04-20 15:05:00',0,'sadiq',0.0000,0.0000,0),(23266,0.0000,390162,1344725,3345733,100000.0000,10000.0000,0,'2017-04-20 15:05:00',0,'sadiq',0.0000,0.0000,0),(23267,0.0000,390163,1344725,3345734,100000.0000,10000.0000,0,'2017-04-20 15:05:00',0,'sadiq',0.0000,0.0000,0),(23268,0.0000,390164,1344725,3345735,100000.0000,10000.0000,0,'2017-04-20 15:05:00',0,'sadiq',0.0000,0.0000,0),(23269,0.0000,390165,1344726,3345724,10000.0000,1000.0000,0,'2017-04-20 15:05:57',0,'sadiq',0.0000,0.0000,0),(23270,0.0000,390166,1344726,3345725,10000.0000,1000.0000,0,'2017-04-20 15:05:57',0,'sadiq',0.0000,0.0000,0),(23271,0.0000,390167,1344726,3345726,10000.0000,1000.0000,0,'2017-04-20 15:05:57',0,'sadiq',0.0000,0.0000,0),(23272,0.0000,390168,1344726,3345728,10000.0000,1000.0000,0,'2017-04-20 15:05:57',0,'sadiq',0.0000,0.0000,0),(23273,0.0000,390169,1344726,3345727,10000.0000,1000.0000,0,'2017-04-20 15:05:57',0,'sadiq',0.0000,0.0000,0),(23274,0.0000,390170,1344726,3345729,10000.0000,1000.0000,0,'2017-04-20 15:05:57',0,'sadiq',0.0000,0.0000,0),(23275,0.0000,390171,1344726,3345730,10000.0000,1000.0000,0,'2017-04-20 15:05:57',0,'sadiq',0.0000,0.0000,0),(23276,0.0000,390172,1344726,3345731,10000.0000,1000.0000,0,'2017-04-20 15:05:57',0,'sadiq',0.0000,0.0000,0),(23277,0.0000,390173,1344726,3345732,10000.0000,1000.0000,0,'2017-04-20 15:05:57',0,'sadiq',0.0000,0.0000,0),(23278,0.0000,390174,1344726,3345733,10000.0000,1000.0000,0,'2017-04-20 15:05:57',0,'sadiq',0.0000,0.0000,0),(23279,0.0000,390175,1344726,3345734,10000.0000,1000.0000,0,'2017-04-20 15:05:57',0,'sadiq',0.0000,0.0000,0),(23280,0.0000,390176,1344726,3345735,10000.0000,1000.0000,0,'2017-04-20 15:05:57',0,'sadiq',0.0000,0.0000,0);
/*!40000 ALTER TABLE `INVENTORYMINMAXLOG` ENABLE KEYS */;
UNLOCK TABLES;

--
-- Table structure for table `INVENTORYPREDICTIONSLOG`
--

DROP TABLE IF EXISTS `INVENTORYPREDICTIONSLOG`;
/*!40101 SET @saved_cs_client     = @@character_set_client */;
/*!40101 SET character_set_client = utf8 */;
CREATE TABLE `INVENTORYPREDICTIONSLOG` (
  `KEY` bigint(20) NOT NULL AUTO_INCREMENT,
  `CR` float DEFAULT NULL,
  `IKEY` bigint(20) DEFAULT NULL,
  `KID` bigint(20) DEFAULT NULL,
  `MID` bigint(20) DEFAULT NULL,
  `OP` decimal(16,4) DEFAULT NULL,
  `PDOS` decimal(16,4) DEFAULT NULL,
  `T` datetime DEFAULT NULL,
  PRIMARY KEY (`KEY`)
) ENGINE=InnoDB DEFAULT CHARSET=utf8;
/*!40101 SET character_set_client = @saved_cs_client */;

--
-- Dumping data for table `INVENTORYPREDICTIONSLOG`
--

LOCK TABLES `INVENTORYPREDICTIONSLOG` WRITE;
/*!40000 ALTER TABLE `INVENTORYPREDICTIONSLOG` DISABLE KEYS */;
/*!40000 ALTER TABLE `INVENTORYPREDICTIONSLOG` ENABLE KEYS */;
UNLOCK TABLES;

--
-- Table structure for table `INVNTRY`
--

DROP TABLE IF EXISTS `INVNTRY`;
/*!40101 SET @saved_cs_client     = @@character_set_client */;
/*!40101 SET character_set_client = utf8 */;
CREATE TABLE `INVNTRY` (
  `KEY` bigint(20) NOT NULL AUTO_INCREMENT,
  `Q` decimal(16,4) DEFAULT NULL,
  `B` varchar(255) CHARACTER SET utf8 COLLATE utf8_bin DEFAULT NULL,
  `CRD` decimal(16,4) DEFAULT NULL,
  `CRMNL` decimal(16,4) DEFAULT NULL,
  `IMDL` varchar(255) CHARACTER SET utf8 COLLATE utf8_bin DEFAULT NULL,
  `KID` bigint(20) DEFAULT NULL,
  `KNM` varchar(255) CHARACTER SET utf8 COLLATE utf8_bin DEFAULT NULL,
  `LDTDMD` decimal(16,4) DEFAULT NULL,
  `LDTM` decimal(16,4) DEFAULT NULL,
  `LSEV` bigint(20) DEFAULT NULL,
  `MID` bigint(20) DEFAULT NULL,
  `MAX` decimal(16,4) DEFAULT NULL,
  `MNM` varchar(255) CHARACTER SET utf8 COLLATE utf8_bin DEFAULT NULL,
  `OMSG` varchar(255) CHARACTER SET utf8 COLLATE utf8_bin DEFAULT NULL,
  `ORDP` decimal(16,4) DEFAULT NULL,
  `PRC` decimal(16,4) DEFAULT NULL,
  `REORD` decimal(16,4) DEFAULT NULL,
  `RVPDMD` decimal(16,4) DEFAULT NULL,
  `SDID` bigint(20) DEFAULT NULL,
  `SFSTK` decimal(16,4) DEFAULT NULL,
  `STDV` decimal(16,4) DEFAULT NULL,
  `STK` decimal(16,4) DEFAULT NULL,
  `SVCLVL` float DEFAULT NULL,
  `T` datetime DEFAULT NULL,
  `TDQ` datetime DEFAULT NULL,
  `TPS` datetime DEFAULT NULL,
  `TMAX` float DEFAULT NULL,
  `TMIN` float DEFAULT NULL,
  `TX` decimal(16,4) DEFAULT NULL,
  `MAXT` datetime DEFAULT NULL,
  `REORDT` datetime DEFAULT NULL,
  `CRMNLT` datetime DEFAULT NULL,
  `PRCT` datetime DEFAULT NULL,
  `CON` datetime DEFAULT NULL,
  `UB` varchar(255) CHARACTER SET utf8 COLLATE utf8_bin DEFAULT NULL,
  `ARCAT` datetime DEFAULT NULL,
  `ARCBY` varchar(255) DEFAULT NULL,
  `SID` int(11) DEFAULT NULL,
  `PDOS` decimal(16,4) DEFAULT NULL,
  `MAXDUR` decimal(16,4) DEFAULT '0.0000',
  `MINDUR` decimal(16,4) DEFAULT '0.0000',
  `TSTK` decimal(16,4) DEFAULT NULL,
  `ATPSTK` decimal(16,4) DEFAULT NULL,
  `ASTK` decimal(16,4) DEFAULT NULL,
  PRIMARY KEY (`KEY`),
  KEY `INVNTRY#4` (`KID`,`MID`,`KNM`),
  KEY `INVNTRY#3` (`MID`,`KNM`),
  KEY `INVNTRY#1` (`KID`,`MNM`)
) ENGINE=InnoDB AUTO_INCREMENT=390177 DEFAULT CHARSET=utf8;
/*!40101 SET character_set_client = @saved_cs_client */;

--
-- Dumping data for table `INVNTRY`
--

LOCK TABLES `INVNTRY` WRITE;
/*!40000 ALTER TABLE `INVNTRY` DISABLE KEYS */;
INSERT INTO `INVNTRY` VALUES (390141,0.0000,NULL,0.0000,0.0000,NULL,1344724,NULL,0.0000,3.0000,35384,3345724,1000000.0000,NULL,NULL,0.0000,0.0000,100000.0000,0.0000,1343726,0.0000,0.0000,0.0000,0,'2017-04-20 15:23:57',NULL,NULL,NULL,NULL,0.0000,'2017-04-20 15:04:40','2017-04-20 15:04:40',NULL,NULL,'2017-04-20 15:04:40','superuser',NULL,NULL,0,NULL,0.0000,0.0000,0.0000,0.0000,0.0000),(390142,0.0000,NULL,0.0000,0.0000,NULL,1344724,NULL,0.0000,3.0000,35367,3345725,1000000.0000,NULL,NULL,0.0000,0.0000,100000.0000,0.0000,1343726,0.0000,0.0000,949800.0000,0,'2017-04-21 18:18:45',NULL,NULL,NULL,NULL,0.0000,'2017-04-20 15:04:40','2017-04-20 15:04:40',NULL,NULL,'2017-04-20 15:04:40','superuser',NULL,NULL,1,NULL,0.0000,0.0000,0.0000,949800.0000,0.0000),(390143,0.0000,NULL,0.0000,0.0000,NULL,1344724,NULL,0.0000,3.0000,35387,3345726,1000000.0000,NULL,NULL,0.0000,0.0000,100000.0000,0.0000,1343726,0.0000,0.0000,0.0000,0,'2017-04-21 17:10:19',NULL,NULL,NULL,NULL,0.0000,'2017-04-20 15:04:40','2017-04-20 15:04:40',NULL,NULL,'2017-04-20 15:04:40','superuser',NULL,NULL,2,NULL,0.0000,0.0000,0.0000,0.0000,0.0000),(390144,0.0000,NULL,0.0000,0.0000,NULL,1344724,NULL,0.0000,3.0000,35369,3345728,1000000.0000,NULL,NULL,0.0000,0.0000,100000.0000,0.0000,1343726,0.0000,0.0000,999800.0000,0,'2017-04-21 18:18:46',NULL,NULL,NULL,NULL,0.0000,'2017-04-20 15:04:40','2017-04-20 15:04:40',NULL,NULL,'2017-04-20 15:04:40','superuser',NULL,NULL,3,NULL,0.0000,0.0000,0.0000,999800.0000,0.0000),(390145,0.0000,NULL,0.0000,0.0000,NULL,1344724,NULL,0.0000,3.0000,NULL,3345727,1000000.0000,NULL,NULL,0.0000,0.0000,100000.0000,0.0000,1343726,0.0000,0.0000,849200.0000,0,'2017-04-21 18:19:19',NULL,NULL,NULL,NULL,0.0000,'2017-04-20 15:04:40','2017-04-20 15:04:40',NULL,NULL,'2017-04-20 15:04:40','superuser',NULL,NULL,4,NULL,0.0000,0.0000,0.0000,849200.0000,0.0000),(390146,0.0000,NULL,0.0000,0.0000,NULL,1344724,NULL,0.0000,3.0000,NULL,3345729,1000000.0000,NULL,NULL,0.0000,0.0000,100000.0000,0.0000,1343726,0.0000,0.0000,896100.0000,0,'2017-04-21 18:19:19',NULL,NULL,NULL,NULL,0.0000,'2017-04-20 15:04:40','2017-04-20 15:04:40',NULL,NULL,'2017-04-20 15:04:40','superuser',NULL,NULL,5,NULL,0.0000,0.0000,0.0000,896100.0000,0.0000),(390147,0.0000,NULL,0.0000,0.0000,NULL,1344724,NULL,0.0000,3.0000,NULL,3345730,1000000.0000,NULL,NULL,0.0000,0.0000,100000.0000,0.0000,1343726,0.0000,0.0000,891300.0000,0,'2017-04-21 18:18:46',NULL,NULL,NULL,NULL,0.0000,'2017-04-20 15:04:40','2017-04-20 15:04:40',NULL,NULL,'2017-04-20 15:04:40','superuser',NULL,NULL,6,NULL,0.0000,0.0000,0.0000,891300.0000,0.0000),(390148,0.0000,NULL,0.0000,0.0000,NULL,1344724,NULL,0.0000,3.0000,NULL,3345731,1000000.0000,NULL,NULL,0.0000,0.0000,100000.0000,0.0000,1343726,0.0000,0.0000,849800.0000,0,'2017-04-21 18:18:46',NULL,NULL,NULL,NULL,0.0000,'2017-04-20 15:04:40','2017-04-20 15:04:40',NULL,NULL,'2017-04-20 15:04:40','superuser',NULL,NULL,7,NULL,0.0000,0.0000,0.0000,849800.0000,0.0000),(390149,0.0000,NULL,0.0000,0.0000,NULL,1344724,NULL,0.0000,3.0000,35363,3345732,1000000.0000,NULL,NULL,0.0000,0.0000,100000.0000,0.0000,1343726,0.0000,0.0000,49800.0000,0,'2017-04-21 18:18:46',NULL,NULL,NULL,NULL,0.0000,'2017-04-20 15:04:40','2017-04-20 15:04:40',NULL,NULL,'2017-04-20 15:04:40','superuser',NULL,NULL,8,NULL,0.0000,0.0000,0.0000,49800.0000,0.0000),(390150,0.0000,NULL,0.0000,0.0000,NULL,1344724,NULL,0.0000,3.0000,35364,3345733,1000000.0000,NULL,NULL,0.0000,0.0000,100000.0000,0.0000,1343726,0.0000,0.0000,88800.0000,0,'2017-04-21 18:18:46',NULL,NULL,NULL,NULL,0.0000,'2017-04-20 15:04:40','2017-04-20 15:04:40',NULL,NULL,'2017-04-20 15:04:40','superuser',NULL,NULL,9,NULL,0.0000,0.0000,0.0000,88800.0000,0.0000),(390151,0.0000,NULL,0.0000,0.0000,NULL,1344724,NULL,0.0000,3.0000,35365,3345734,1000000.0000,NULL,NULL,0.0000,0.0000,100000.0000,0.0000,1343726,0.0000,0.0000,88800.0000,0,'2017-04-21 18:18:46',NULL,NULL,NULL,NULL,0.0000,'2017-04-20 15:04:40','2017-04-20 15:04:40',NULL,NULL,'2017-04-20 15:04:40','superuser',NULL,NULL,10,NULL,0.0000,0.0000,0.0000,88800.0000,0.0000),(390152,0.0000,NULL,0.0000,0.0000,NULL,1344724,NULL,0.0000,3.0000,35391,3345735,1000000.0000,NULL,NULL,0.0000,0.0000,100000.0000,0.0000,1343726,0.0000,0.0000,0.0000,0,'2017-04-21 17:22:22',NULL,NULL,NULL,NULL,0.0000,'2017-04-20 15:04:40','2017-04-20 15:04:40',NULL,NULL,'2017-04-20 15:04:40','superuser',NULL,NULL,11,NULL,0.0000,0.0000,0.0000,0.0000,0.0000),(390153,0.0000,NULL,0.0000,0.0000,NULL,1344725,NULL,0.0000,3.0000,35378,3345724,100000.0000,NULL,NULL,0.0000,0.0000,10000.0000,0.0000,1343727,0.0000,0.0000,99000.0000,0,'2017-04-21 17:20:48',NULL,NULL,NULL,NULL,0.0000,'2017-04-20 15:04:59','2017-04-20 15:04:59',NULL,NULL,'2017-04-20 15:04:59','superuser',NULL,NULL,0,NULL,0.0000,0.0000,0.0000,99000.0000,0.0000),(390154,0.0000,NULL,0.0000,0.0000,NULL,1344725,NULL,0.0000,3.0000,35388,3345725,100000.0000,NULL,NULL,0.0000,0.0000,10000.0000,0.0000,1343727,0.0000,0.0000,0.0000,0,'2017-04-21 17:11:02',NULL,NULL,NULL,NULL,0.0000,'2017-04-20 15:04:59','2017-04-20 15:04:59',NULL,NULL,'2017-04-20 15:04:59','superuser',NULL,NULL,1,NULL,0.0000,0.0000,100.0000,0.0000,0.0000),(390155,0.0000,NULL,0.0000,0.0000,NULL,1344725,NULL,0.0000,3.0000,35389,3345726,100000.0000,NULL,NULL,0.0000,0.0000,10000.0000,0.0000,1343727,0.0000,0.0000,0.0000,0,'2017-04-21 17:21:28',NULL,NULL,NULL,NULL,0.0000,'2017-04-20 15:04:59','2017-04-20 15:04:59',NULL,NULL,'2017-04-20 15:04:59','superuser',NULL,NULL,2,NULL,0.0000,0.0000,0.0000,0.0000,0.0000),(390156,0.0000,NULL,0.0000,0.0000,NULL,1344725,NULL,0.0000,3.0000,35381,3345728,100000.0000,NULL,NULL,0.0000,0.0000,10000.0000,0.0000,1343727,0.0000,0.0000,98800.0000,0,'2017-04-21 18:15:07',NULL,NULL,NULL,NULL,0.0000,'2017-04-20 15:04:59','2017-04-20 15:04:59',NULL,NULL,'2017-04-20 15:04:59','superuser',NULL,NULL,3,NULL,0.0000,0.0000,100.0000,98800.0000,0.0000),(390157,0.0000,NULL,0.0000,0.0000,NULL,1344725,NULL,0.0000,3.0000,NULL,3345727,100000.0000,NULL,NULL,0.0000,0.0000,10000.0000,0.0000,1343727,0.0000,0.0000,49500.0000,0,'2017-04-21 18:15:07',NULL,NULL,NULL,NULL,0.0000,'2017-04-20 15:04:59','2017-04-20 15:04:59',NULL,NULL,'2017-04-20 15:04:59','superuser',NULL,NULL,4,NULL,0.0000,0.0000,700.0000,49500.0000,0.0000),(390158,0.0000,NULL,0.0000,0.0000,NULL,1344725,NULL,0.0000,3.0000,NULL,3345729,100000.0000,NULL,NULL,0.0000,0.0000,10000.0000,0.0000,1343727,0.0000,0.0000,45500.0000,0,'2017-04-21 18:15:37',NULL,NULL,NULL,NULL,0.0000,'2017-04-20 15:04:59','2017-04-20 15:04:59',NULL,NULL,'2017-04-20 15:04:59','superuser',NULL,NULL,5,NULL,0.0000,0.0000,300.0000,45500.0000,0.0000),(390159,0.0000,NULL,0.0000,0.0000,NULL,1344725,NULL,0.0000,3.0000,NULL,3345730,100000.0000,NULL,NULL,0.0000,0.0000,10000.0000,0.0000,1343727,0.0000,0.0000,54800.0000,0,'2017-04-21 18:15:37',NULL,NULL,NULL,NULL,0.0000,'2017-04-20 15:04:59','2017-04-20 15:04:59',NULL,NULL,'2017-04-20 15:04:59','superuser',NULL,NULL,6,NULL,0.0000,0.0000,100.0000,54800.0000,0.0000),(390160,0.0000,NULL,0.0000,0.0000,NULL,1344725,NULL,0.0000,3.0000,NULL,3345731,100000.0000,NULL,NULL,0.0000,0.0000,10000.0000,0.0000,1343727,0.0000,0.0000,49600.0000,0,'2017-04-21 18:15:07',NULL,NULL,NULL,NULL,0.0000,'2017-04-20 15:04:59','2017-04-20 15:04:59',NULL,NULL,'2017-04-20 15:04:59','superuser',NULL,NULL,7,NULL,0.0000,0.0000,100.0000,49600.0000,0.0000),(390161,0.0000,NULL,0.0000,0.0000,NULL,1344725,NULL,0.0000,3.0000,35374,3345732,100000.0000,NULL,NULL,0.0000,0.0000,10000.0000,0.0000,1343727,0.0000,0.0000,9900.0000,0,'2017-04-20 15:22:02',NULL,NULL,NULL,NULL,0.0000,'2017-04-20 15:04:59','2017-04-20 15:04:59',NULL,NULL,'2017-04-20 15:04:59','superuser',NULL,NULL,8,NULL,0.0000,0.0000,100.0000,9900.0000,0.0000),(390162,0.0000,NULL,0.0000,0.0000,NULL,1344725,NULL,0.0000,3.0000,35375,3345733,100000.0000,NULL,NULL,0.0000,0.0000,10000.0000,0.0000,1343727,0.0000,0.0000,9600.0000,0,'2017-04-21 18:14:03',NULL,NULL,NULL,NULL,0.0000,'2017-04-20 15:04:59','2017-04-20 15:04:59',NULL,NULL,'2017-04-20 15:04:59','superuser',NULL,NULL,9,NULL,0.0000,0.0000,100.0000,9600.0000,0.0000),(390163,0.0000,NULL,0.0000,0.0000,NULL,1344725,NULL,0.0000,3.0000,35376,3345734,100000.0000,NULL,NULL,0.0000,0.0000,10000.0000,0.0000,1343727,0.0000,0.0000,4800.0000,0,'2017-04-21 18:11:48',NULL,NULL,NULL,NULL,0.0000,'2017-04-20 15:04:59','2017-04-20 15:04:59',NULL,NULL,'2017-04-20 15:04:59','superuser',NULL,NULL,10,NULL,0.0000,0.0000,100.0000,4800.0000,0.0000),(390164,0.0000,NULL,0.0000,0.0000,NULL,1344725,NULL,0.0000,3.0000,35377,3345735,100000.0000,NULL,NULL,0.0000,0.0000,10000.0000,0.0000,1343727,0.0000,0.0000,98400.0000,0,'2017-04-21 17:22:22',NULL,NULL,NULL,NULL,0.0000,'2017-04-20 15:04:59','2017-04-20 15:04:59',NULL,NULL,'2017-04-20 15:04:59','superuser',NULL,NULL,11,NULL,0.0000,0.0000,0.0000,98400.0000,0.0000),(390165,0.0000,NULL,0.0000,0.0000,NULL,1344726,NULL,0.0000,3.0000,35382,3345724,10000.0000,NULL,NULL,0.0000,0.0000,1000.0000,0.0000,1343727,0.0000,0.0000,0.0000,0,'2017-04-20 15:23:40',NULL,NULL,NULL,NULL,0.0000,'2017-04-20 15:05:55','2017-04-20 15:05:55',NULL,NULL,'2017-04-20 15:05:55','superuser',NULL,NULL,0,NULL,0.0000,0.0000,0.0000,0.0000,0.0000),(390166,0.0000,NULL,0.0000,0.0000,NULL,1344726,NULL,0.0000,3.0000,35393,3345725,10000.0000,NULL,NULL,0.0000,0.0000,1000.0000,0.0000,1343727,0.0000,0.0000,1000.0000,0,'2017-04-21 17:24:39',NULL,NULL,NULL,NULL,0.0000,'2017-04-20 15:05:55','2017-04-20 15:05:55',NULL,NULL,'2017-04-20 15:05:55','superuser',NULL,NULL,1,NULL,0.0000,0.0000,100.0000,1000.0000,0.0000),(390167,0.0000,NULL,0.0000,0.0000,NULL,1344726,NULL,0.0000,3.0000,35392,3345726,10000.0000,NULL,NULL,0.0000,0.0000,1000.0000,0.0000,1343727,0.0000,0.0000,0.0000,0,'2017-04-21 17:24:14',NULL,NULL,NULL,NULL,0.0000,'2017-04-20 15:05:55','2017-04-20 15:05:55',NULL,NULL,'2017-04-20 15:05:55','superuser',NULL,NULL,2,NULL,0.0000,0.0000,0.0000,0.0000,0.0000),(390168,0.0000,NULL,0.0000,0.0000,NULL,1344726,NULL,0.0000,3.0000,35383,3345728,10000.0000,NULL,NULL,0.0000,0.0000,1000.0000,0.0000,1343727,0.0000,0.0000,600.0000,0,'2017-04-21 18:17:54',NULL,NULL,NULL,NULL,0.0000,'2017-04-20 15:05:55','2017-04-20 15:05:55',NULL,NULL,'2017-04-20 15:05:55','superuser',NULL,NULL,3,NULL,0.0000,0.0000,100.0000,600.0000,0.0000),(390169,0.0000,NULL,0.0000,0.0000,NULL,1344726,NULL,0.0000,3.0000,NULL,3345727,10000.0000,NULL,NULL,0.0000,0.0000,1000.0000,0.0000,1343727,0.0000,0.0000,6400.0000,0,'2017-04-21 18:17:54',NULL,NULL,NULL,NULL,0.0000,'2017-04-20 15:05:55','2017-04-20 15:05:55',NULL,NULL,'2017-04-20 15:05:55','superuser',NULL,NULL,4,NULL,0.0000,0.0000,100.0000,6400.0000,0.0000),(390170,0.0000,NULL,0.0000,0.0000,NULL,1344726,NULL,0.0000,3.0000,35394,3345729,10000.0000,NULL,NULL,0.0000,0.0000,1000.0000,0.0000,1343727,0.0000,0.0000,500.0000,0,'2017-04-21 18:17:54',NULL,NULL,NULL,NULL,0.0000,'2017-04-20 15:05:55','2017-04-20 15:05:55',NULL,NULL,'2017-04-20 15:05:55','superuser',NULL,NULL,5,NULL,0.0000,0.0000,100.0000,500.0000,0.0000),(390171,0.0000,NULL,0.0000,0.0000,NULL,1344726,NULL,0.0000,3.0000,NULL,3345730,10000.0000,NULL,NULL,0.0000,0.0000,1000.0000,0.0000,1343727,0.0000,0.0000,6600.0000,0,'2017-04-21 18:17:55',NULL,NULL,NULL,NULL,0.0000,'2017-04-20 15:05:55','2017-04-20 15:05:55',NULL,NULL,'2017-04-20 15:05:55','superuser',NULL,NULL,6,NULL,0.0000,0.0000,200.0000,6600.0000,0.0000),(390172,0.0000,NULL,0.0000,0.0000,NULL,1344726,NULL,0.0000,3.0000,35395,3345731,10000.0000,NULL,NULL,0.0000,0.0000,1000.0000,0.0000,1343727,0.0000,0.0000,400.0000,0,'2017-04-21 18:17:55',NULL,NULL,NULL,NULL,0.0000,'2017-04-20 15:05:55','2017-04-20 15:05:55',NULL,NULL,'2017-04-20 15:05:55','superuser',NULL,NULL,7,NULL,0.0000,0.0000,100.0000,400.0000,0.0000),(390173,0.0000,NULL,0.0000,0.0000,NULL,1344726,NULL,0.0000,3.0000,35370,3345732,10000.0000,NULL,NULL,0.0000,0.0000,1000.0000,0.0000,1343727,0.0000,0.0000,85000.0000,0,'2017-04-21 17:23:26',NULL,NULL,NULL,NULL,0.0000,'2017-04-20 15:05:55','2017-04-20 15:05:55',NULL,NULL,'2017-04-20 15:05:55','superuser',NULL,NULL,8,NULL,0.0000,0.0000,100.0000,85000.0000,0.0000),(390174,0.0000,NULL,0.0000,0.0000,NULL,1344726,NULL,0.0000,3.0000,35371,3345733,10000.0000,NULL,NULL,0.0000,0.0000,1000.0000,0.0000,1343727,0.0000,0.0000,90300.0000,0,'2017-04-21 18:14:12',NULL,NULL,NULL,NULL,0.0000,'2017-04-20 15:05:55','2017-04-20 15:05:55',NULL,NULL,'2017-04-20 15:05:55','superuser',NULL,NULL,9,NULL,0.0000,0.0000,200.0000,90300.0000,0.0000),(390175,0.0000,NULL,0.0000,0.0000,NULL,1344726,NULL,0.0000,3.0000,35372,3345734,10000.0000,NULL,NULL,0.0000,0.0000,1000.0000,0.0000,1343727,0.0000,0.0000,90300.0000,0,'2017-04-21 18:15:23',NULL,NULL,NULL,NULL,0.0000,'2017-04-20 15:05:55','2017-04-20 15:05:55',NULL,NULL,'2017-04-20 15:05:55','superuser',NULL,NULL,10,NULL,0.0000,0.0000,100.0000,90300.0000,0.0000),(390176,0.0000,NULL,0.0000,0.0000,NULL,1344726,NULL,0.0000,3.0000,35373,3345735,10000.0000,NULL,NULL,0.0000,0.0000,1000.0000,0.0000,1343727,0.0000,0.0000,90100.0000,0,'2017-04-20 15:22:03',NULL,NULL,NULL,NULL,0.0000,'2017-04-20 15:05:55','2017-04-20 15:05:55',NULL,NULL,'2017-04-20 15:05:55','superuser',NULL,NULL,11,NULL,0.0000,0.0000,0.0000,90100.0000,0.0000);
/*!40000 ALTER TABLE `INVNTRY` ENABLE KEYS */;
UNLOCK TABLES;

--
-- Table structure for table `INVNTRYBATCH`
--

DROP TABLE IF EXISTS `INVNTRYBATCH`;
/*!40101 SET @saved_cs_client     = @@character_set_client */;
/*!40101 SET character_set_client = utf8 */;
CREATE TABLE `INVNTRYBATCH` (
  `KEY` bigint(20) NOT NULL AUTO_INCREMENT,
  `BEXP` datetime DEFAULT NULL,
  `BID` varchar(255) CHARACTER SET utf8 COLLATE utf8_bin DEFAULT NULL,
  `BMFDT` datetime DEFAULT NULL,
  `BMFNM` varchar(255) CHARACTER SET utf8 COLLATE utf8_bin DEFAULT NULL,
  `KID` bigint(20) DEFAULT NULL,
  `KNM` varchar(255) CHARACTER SET utf8 COLLATE utf8_bin DEFAULT NULL,
  `MID` bigint(20) DEFAULT NULL,
  `Q` decimal(16,4) DEFAULT NULL,
  `SDID` bigint(20) DEFAULT NULL,
  `T` datetime DEFAULT NULL,
  `VLD` bit(1) DEFAULT NULL,
  `ARCAT` datetime DEFAULT NULL,
  `ARCBY` varchar(255) DEFAULT NULL,
  `ASTK` decimal(16,4) DEFAULT NULL,
  `ATPSTK` decimal(16,4) DEFAULT NULL,
  PRIMARY KEY (`KEY`),
  KEY `INVNTRYBATCH#3` (`MID`,`KID`,`VLD`,`BEXP`),
  KEY `INVNTRYBATCH#1` (`MID`,`VLD`,`BID`,`BEXP`),
  KEY `INVNTRYBATCH#2` (`MID`,`VLD`,`BEXP`)
) ENGINE=InnoDB AUTO_INCREMENT=3287 DEFAULT CHARSET=utf8;
/*!40101 SET character_set_client = @saved_cs_client */;

--
-- Dumping data for table `INVNTRYBATCH`
--

LOCK TABLES `INVNTRYBATCH` WRITE;
/*!40000 ALTER TABLE `INVNTRYBATCH` DISABLE KEYS */;
INSERT INTO `INVNTRYBATCH` VALUES (3256,'2017-06-21 00:00:00','BCG1',NULL,'rx',1344726,NULL,3345725,0.0000,1343727,'2017-04-20 15:23:40','\0',NULL,NULL,0.0000,0.0000),(3257,'2017-06-22 00:00:00','BCG2',NULL,'rx',1344726,NULL,3345725,100.0000,1343727,'2017-04-21 17:24:14','',NULL,NULL,0.0000,100.0000),(3258,'2020-12-10 00:00:00','HEPB1',NULL,'SunPharma',1344726,NULL,3345726,0.0000,1343727,'2017-04-21 17:24:13','\0',NULL,NULL,0.0000,0.0000),(3259,'2017-06-13 00:00:00','BCG1',NULL,'rx',1344726,NULL,3345728,0.0000,1343727,'2017-04-20 15:23:41','\0',NULL,NULL,0.0000,0.0000),(3260,'2020-12-01 00:00:00','BCG1','2017-04-02 00:00:00','SII',1344724,NULL,3345725,949800.0000,1343726,'2017-04-21 18:18:45','',NULL,NULL,0.0000,949800.0000),(3261,'2020-12-31 00:00:00','HEP1','2017-04-02 00:00:00','SII',1344724,NULL,3345726,0.0000,1343726,'2017-04-21 17:10:19','\0',NULL,NULL,0.0000,0.0000),(3262,'2020-12-31 00:00:00','JE1',NULL,'SII',1344724,NULL,3345728,999800.0000,1343726,'2017-04-21 18:18:46','',NULL,NULL,0.0000,999800.0000),(3263,'2020-09-30 00:00:00','JED1',NULL,'SII',1344724,NULL,3345727,849200.0000,1343726,'2017-04-21 18:19:19','',NULL,NULL,0.0000,849200.0000),(3264,'2020-12-31 00:00:00','MED1',NULL,'SII',1344724,NULL,3345729,896100.0000,1343726,'2017-04-21 18:19:19','',NULL,NULL,0.0000,896100.0000),(3265,'2020-12-31 00:00:00','MEC1','2017-04-20 00:00:00','SII',1344724,NULL,3345730,891300.0000,1343726,'2017-04-21 18:18:46','',NULL,NULL,0.0000,891300.0000),(3266,'2020-12-31 00:00:00','MED1',NULL,'SII',1344724,NULL,3345731,849800.0000,1343726,'2017-04-21 18:18:46','',NULL,NULL,0.0000,849800.0000),(3267,'2020-09-30 00:00:00','JED1',NULL,'SII',1344726,NULL,3345727,6400.0000,1343727,'2017-04-21 18:17:54','',NULL,NULL,0.0000,6400.0000),(3268,'2017-04-29 00:00:00','MEA1',NULL,'rx',1344726,NULL,3345729,500.0000,1343727,'2017-04-21 18:17:54','',NULL,NULL,0.0000,500.0000),(3269,'2017-06-08 00:00:00','MEAC1',NULL,'rx',1344726,NULL,3345730,5000.0000,1343727,'2017-04-20 15:12:08','',NULL,NULL,0.0000,5000.0000),(3270,'2017-04-22 00:00:00','MEAD1',NULL,'rx',1344726,NULL,3345731,400.0000,1343727,'2017-04-21 18:17:55','',NULL,NULL,0.0000,400.0000),(3271,'2020-12-31 00:00:00','BCG1',NULL,'SII',1344725,NULL,3345725,0.0000,1343727,'2017-04-21 17:11:02','\0',NULL,NULL,0.0000,0.0000),(3272,'2020-12-31 00:00:00','HEP1',NULL,'SII',1344725,NULL,3345726,0.0000,1343727,'2017-04-21 17:21:28','\0',NULL,NULL,0.0000,0.0000),(3273,'2020-12-31 00:00:00','JEC1',NULL,'SII',1344725,NULL,3345728,98800.0000,1343727,'2017-04-21 18:15:07','',NULL,NULL,0.0000,98800.0000),(3274,'2017-04-22 00:00:00','MEAD1',NULL,'rx',1344725,NULL,3345731,48600.0000,1343727,'2017-04-21 18:15:07','',NULL,NULL,0.0000,48600.0000),(3275,'2017-05-18 00:00:00','MEAS1',NULL,'rx',1344725,NULL,3345730,48300.0000,1343727,'2017-04-21 18:15:07','',NULL,NULL,0.0000,48300.0000),(3276,'2017-04-29 00:00:00','MEA1',NULL,'rx',1344725,NULL,3345729,44000.0000,1343727,'2017-04-21 18:15:07','',NULL,NULL,0.0000,44000.0000),(3277,'2020-09-30 00:00:00','JED1',NULL,'SII',1344725,NULL,3345727,49500.0000,1343727,'2017-04-21 18:15:07','',NULL,NULL,0.0000,49500.0000),(3278,'2020-12-31 00:00:00','MED1',NULL,'SII',1344725,NULL,3345729,1000.0000,1343727,'2017-04-21 18:15:37','',NULL,NULL,0.0000,1000.0000),(3279,'2020-12-31 00:00:00','MEC1','2017-04-20 00:00:00','SII',1344725,NULL,3345730,6500.0000,1343727,'2017-04-21 18:15:37','',NULL,NULL,0.0000,6500.0000),(3280,'2020-12-31 00:00:00','MED1',NULL,'SII',1344725,NULL,3345731,1000.0000,1343727,'2017-04-20 15:19:21','',NULL,NULL,0.0000,1000.0000),(3281,'2017-05-18 00:00:00','MEAS1',NULL,'rx',1344726,NULL,3345730,1600.0000,1343727,'2017-04-21 18:17:55','',NULL,NULL,0.0000,1600.0000),(3282,'2020-12-31 00:00:00','JEC1',NULL,'SII',1344726,NULL,3345728,600.0000,1343727,'2017-04-21 18:17:54','',NULL,NULL,0.0000,600.0000),(3283,'2020-12-31 00:00:00','HEP1',NULL,'SII',1344726,NULL,3345726,0.0000,1343727,'2017-04-21 17:24:14','\0',NULL,NULL,0.0000,0.0000),(3284,'2020-12-09 00:00:00','BCGD1XADF001','2017-01-24 00:00:00','Ranbaxy',1344726,NULL,3345725,900.0000,1343727,'2017-04-21 17:24:39','',NULL,NULL,0.0000,900.0000),(3285,'2020-12-10 00:00:00','HEPB1',NULL,'SunPharma',1344725,NULL,3345726,0.0000,1343727,'2017-04-21 17:21:28','\0',NULL,NULL,0.0000,0.0000),(3286,'2019-08-21 00:00:00','MEAD1',NULL,'SunPharma',1344725,NULL,3345729,500.0000,1343727,'2017-04-21 17:18:56','',NULL,NULL,0.0000,500.0000);
/*!40000 ALTER TABLE `INVNTRYBATCH` ENABLE KEYS */;
UNLOCK TABLES;

--
-- Table structure for table `INVNTRYBATCH_DOMAINS`
--

DROP TABLE IF EXISTS `INVNTRYBATCH_DOMAINS`;
/*!40101 SET @saved_cs_client     = @@character_set_client */;
/*!40101 SET character_set_client = utf8 */;
CREATE TABLE `INVNTRYBATCH_DOMAINS` (
  `KEY_OID` bigint(20) NOT NULL,
  `DOMAIN_ID` bigint(20) DEFAULT NULL,
  `IDX` int(11) NOT NULL,
  PRIMARY KEY (`KEY_OID`,`IDX`),
  KEY `INVNTRYBATCH_DOMAINS_N49` (`KEY_OID`)
) ENGINE=InnoDB DEFAULT CHARSET=utf8;
/*!40101 SET character_set_client = @saved_cs_client */;

--
-- Dumping data for table `INVNTRYBATCH_DOMAINS`
--

LOCK TABLES `INVNTRYBATCH_DOMAINS` WRITE;
/*!40000 ALTER TABLE `INVNTRYBATCH_DOMAINS` DISABLE KEYS */;
INSERT INTO `INVNTRYBATCH_DOMAINS` VALUES (3256,1343727,0),(3256,1343726,1),(3257,1343727,0),(3257,1343726,1),(3258,1343727,0),(3258,1343726,1),(3259,1343727,0),(3259,1343726,1),(3260,1343726,0),(3261,1343726,0),(3262,1343726,0),(3263,1343726,0),(3264,1343726,0),(3265,1343726,0),(3266,1343726,0),(3267,1343727,0),(3267,1343726,1),(3268,1343727,0),(3268,1343726,1),(3269,1343727,0),(3269,1343726,1),(3270,1343727,0),(3270,1343726,1),(3271,1343727,0),(3271,1343726,1),(3272,1343727,0),(3272,1343726,1),(3273,1343727,0),(3273,1343726,1),(3274,1343727,0),(3274,1343726,1),(3275,1343727,0),(3275,1343726,1),(3276,1343727,0),(3276,1343726,1),(3277,1343727,0),(3277,1343726,1),(3278,1343727,0),(3278,1343726,1),(3279,1343727,0),(3279,1343726,1),(3280,1343727,0),(3280,1343726,1),(3281,1343727,0),(3281,1343726,1),(3282,1343727,0),(3282,1343726,1),(3283,1343727,0),(3283,1343726,1),(3284,1343727,0),(3284,1343726,1),(3285,1343727,0),(3285,1343726,1),(3286,1343727,0),(3286,1343726,1);
/*!40000 ALTER TABLE `INVNTRYBATCH_DOMAINS` ENABLE KEYS */;
UNLOCK TABLES;

--
-- Table structure for table `INVNTRYBATCH_KTAGS`
--

DROP TABLE IF EXISTS `INVNTRYBATCH_KTAGS`;
/*!40101 SET @saved_cs_client     = @@character_set_client */;
/*!40101 SET character_set_client = utf8 */;
CREATE TABLE `INVNTRYBATCH_KTAGS` (
  `KEY` bigint(20) NOT NULL,
  `ID` bigint(20) DEFAULT NULL,
  `IDX` int(11) NOT NULL,
  PRIMARY KEY (`KEY`,`IDX`),
  KEY `INVNTRYBATCH_KTAGS_N50` (`KEY`),
  KEY `INVNTRYBATCH_KTAGS_N49` (`ID`)
) ENGINE=InnoDB DEFAULT CHARSET=utf8;
/*!40101 SET character_set_client = @saved_cs_client */;

--
-- Dumping data for table `INVNTRYBATCH_KTAGS`
--

LOCK TABLES `INVNTRYBATCH_KTAGS` WRITE;
/*!40000 ALTER TABLE `INVNTRYBATCH_KTAGS` DISABLE KEYS */;
INSERT INTO `INVNTRYBATCH_KTAGS` VALUES (3260,361,0),(3261,361,0),(3262,361,0),(3263,361,0),(3264,361,0),(3265,361,0),(3266,361,0),(3257,362,0),(3258,362,0),(3259,362,0),(3267,362,0),(3268,362,0),(3269,362,0),(3270,362,0),(3281,362,0),(3282,362,0),(3283,362,0),(3284,362,0),(3271,363,0),(3272,363,0),(3273,363,0),(3274,363,0),(3275,363,0),(3276,363,0),(3277,363,0),(3278,363,0),(3279,363,0),(3280,363,0),(3285,363,0),(3286,363,0);
/*!40000 ALTER TABLE `INVNTRYBATCH_KTAGS` ENABLE KEYS */;
UNLOCK TABLES;

--
-- Table structure for table `INVNTRYBATCH_MTAGS`
--

DROP TABLE IF EXISTS `INVNTRYBATCH_MTAGS`;
/*!40101 SET @saved_cs_client     = @@character_set_client */;
/*!40101 SET character_set_client = utf8 */;
CREATE TABLE `INVNTRYBATCH_MTAGS` (
  `KEY` bigint(20) NOT NULL,
  `ID` bigint(20) DEFAULT NULL,
  `IDX` int(11) NOT NULL,
  PRIMARY KEY (`KEY`,`IDX`),
  KEY `INVNTRYBATCH_MTAGS_N49` (`ID`),
  KEY `INVNTRYBATCH_MTAGS_N50` (`KEY`)
) ENGINE=InnoDB DEFAULT CHARSET=utf8;
/*!40101 SET character_set_client = @saved_cs_client */;

--
-- Dumping data for table `INVNTRYBATCH_MTAGS`
--

LOCK TABLES `INVNTRYBATCH_MTAGS` WRITE;
/*!40000 ALTER TABLE `INVNTRYBATCH_MTAGS` DISABLE KEYS */;
INSERT INTO `INVNTRYBATCH_MTAGS` VALUES (3256,359,0),(3257,359,0),(3258,359,0),(3259,359,0),(3260,359,0),(3261,359,0),(3262,359,0),(3263,359,0),(3264,359,0),(3265,359,0),(3266,359,0),(3267,359,0),(3268,359,0),(3269,359,0),(3270,359,0),(3271,359,0),(3272,359,0),(3273,359,0),(3274,359,0),(3275,359,0),(3276,359,0),(3277,359,0),(3278,359,0),(3279,359,0),(3280,359,0),(3281,359,0),(3282,359,0),(3283,359,0),(3284,359,0),(3285,359,0),(3286,359,0);
/*!40000 ALTER TABLE `INVNTRYBATCH_MTAGS` ENABLE KEYS */;
UNLOCK TABLES;

--
-- Table structure for table `INVNTRYEVENTLOG_DOMAINS`
--

DROP TABLE IF EXISTS `INVNTRYEVENTLOG_DOMAINS`;
/*!40101 SET @saved_cs_client     = @@character_set_client */;
/*!40101 SET character_set_client = utf8 */;
CREATE TABLE `INVNTRYEVENTLOG_DOMAINS` (
  `KEY_OID` bigint(20) NOT NULL,
  `DOMAIN_ID` bigint(20) DEFAULT NULL,
  `IDX` int(11) NOT NULL,
  PRIMARY KEY (`KEY_OID`,`IDX`),
  KEY `INVNTRYEVENTLOG_DOMAINS_N49` (`KEY_OID`)
) ENGINE=InnoDB DEFAULT CHARSET=utf8;
/*!40101 SET character_set_client = @saved_cs_client */;

--
-- Dumping data for table `INVNTRYEVENTLOG_DOMAINS`
--

LOCK TABLES `INVNTRYEVENTLOG_DOMAINS` WRITE;
/*!40000 ALTER TABLE `INVNTRYEVENTLOG_DOMAINS` DISABLE KEYS */;
INSERT INTO `INVNTRYEVENTLOG_DOMAINS` VALUES (35358,1343727,0),(35358,1343726,1),(35359,1343727,0),(35359,1343726,1),(35360,1343727,0),(35360,1343726,1),(35361,1343727,0),(35361,1343726,1),(35362,1343726,0),(35363,1343726,0),(35364,1343726,0),(35365,1343726,0),(35366,1343726,0),(35367,1343726,0),(35368,1343726,0),(35369,1343726,0),(35370,1343727,0),(35370,1343726,1),(35371,1343727,0),(35371,1343726,1),(35372,1343727,0),(35372,1343726,1),(35373,1343727,0),(35373,1343726,1),(35374,1343727,0),(35374,1343726,1),(35375,1343727,0),(35375,1343726,1),(35376,1343727,0),(35376,1343726,1),(35377,1343727,0),(35377,1343726,1),(35378,1343727,0),(35378,1343726,1),(35379,1343727,0),(35379,1343726,1),(35380,1343727,0),(35380,1343726,1),(35381,1343727,0),(35381,1343726,1),(35382,1343727,0),(35382,1343726,1),(35383,1343727,0),(35383,1343726,1),(35384,1343726,0),(35385,1343727,0),(35385,1343726,1),(35386,1343727,0),(35386,1343726,1),(35387,1343726,0),(35388,1343727,0),(35388,1343726,1),(35389,1343727,0),(35389,1343726,1),(35390,1343727,0),(35390,1343726,1),(35391,1343726,0),(35392,1343727,0),(35392,1343726,1),(35393,1343727,0),(35393,1343726,1),(35394,1343727,0),(35394,1343726,1),(35395,1343727,0),(35395,1343726,1);
/*!40000 ALTER TABLE `INVNTRYEVENTLOG_DOMAINS` ENABLE KEYS */;
UNLOCK TABLES;

--
-- Table structure for table `INVNTRYEVNTLOG`
--

DROP TABLE IF EXISTS `INVNTRYEVNTLOG`;
/*!40101 SET @saved_cs_client     = @@character_set_client */;
/*!40101 SET character_set_client = utf8 */;
CREATE TABLE `INVNTRYEVNTLOG` (
  `KEY` bigint(20) NOT NULL AUTO_INCREMENT,
  `AST` int(11) DEFAULT NULL,
  `DR` bigint(20) DEFAULT NULL,
  `ED` datetime DEFAULT NULL,
  `INVID` bigint(20) DEFAULT NULL,
  `KID` bigint(20) DEFAULT NULL,
  `MID` bigint(20) DEFAULT NULL,
  `SD` datetime DEFAULT NULL,
  `SDID` bigint(20) DEFAULT NULL,
  `TY` int(11) DEFAULT NULL,
  `ARCAT` datetime DEFAULT NULL,
  `ARCBY` varchar(255) DEFAULT NULL,
  PRIMARY KEY (`KEY`),
  KEY `INVNTRYEVNTLOG#5` (`KID`,`MID`,`TY`,`SD`),
  KEY `INVNTRYEVNTLOG#2` (`KID`,`TY`,`ED`,`SD`)
) ENGINE=InnoDB AUTO_INCREMENT=35396 DEFAULT CHARSET=utf8;
/*!40101 SET character_set_client = @saved_cs_client */;

--
-- Dumping data for table `INVNTRYEVNTLOG`
--

LOCK TABLES `INVNTRYEVNTLOG` WRITE;
/*!40000 ALTER TABLE `INVNTRYEVNTLOG` DISABLE KEYS */;
INSERT INTO `INVNTRYEVNTLOG` VALUES (35358,NULL,832000,'2017-04-20 15:23:40',390165,1344726,3345724,'2017-04-20 15:09:48',1343727,201,NULL,NULL),(35359,NULL,93771000,'2017-04-21 17:12:44',390166,1344726,3345725,'2017-04-20 15:09:53',1343727,201,NULL,NULL),(35360,NULL,94294000,'2017-04-21 17:21:28',390167,1344726,3345726,'2017-04-20 15:09:54',1343727,201,NULL,NULL),(35361,NULL,729000,'2017-04-20 15:22:04',390168,1344726,3345728,'2017-04-20 15:09:55',1343727,201,NULL,NULL),(35362,NULL,754000,'2017-04-20 15:23:57',390141,1344724,3345724,'2017-04-20 15:11:23',1343726,202,NULL,NULL),(35363,NULL,0,NULL,390149,1344724,3345732,'2017-04-20 15:11:23',1343726,201,NULL,NULL),(35364,NULL,0,NULL,390150,1344724,3345733,'2017-04-20 15:11:24',1343726,201,NULL,NULL),(35365,NULL,0,NULL,390151,1344724,3345734,'2017-04-20 15:11:24',1343726,201,NULL,NULL),(35366,NULL,94258000,'2017-04-21 17:22:22',390152,1344724,3345735,'2017-04-20 15:11:24',1343726,201,NULL,NULL),(35367,NULL,94117000,'2017-04-21 17:20:01',390142,1344724,3345725,'2017-04-20 15:11:24',1343726,202,NULL,NULL),(35368,NULL,93534000,'2017-04-21 17:10:19',390143,1344724,3345726,'2017-04-20 15:11:25',1343726,202,NULL,NULL),(35369,NULL,97549414,'2017-04-21 18:17:14',390144,1344724,3345728,'2017-04-20 15:11:25',1343726,202,NULL,NULL),(35370,NULL,0,NULL,390173,1344726,3345732,'2017-04-20 15:12:51',1343727,202,NULL,NULL),(35371,NULL,0,NULL,390174,1344726,3345733,'2017-04-20 15:12:51',1343727,202,NULL,NULL),(35372,NULL,0,NULL,390175,1344726,3345734,'2017-04-20 15:12:51',1343727,202,NULL,NULL),(35373,NULL,0,NULL,390176,1344726,3345735,'2017-04-20 15:12:51',1343727,202,NULL,NULL),(35374,NULL,0,NULL,390161,1344725,3345732,'2017-04-20 15:13:40',1343727,201,NULL,NULL),(35375,NULL,0,NULL,390162,1344725,3345733,'2017-04-20 15:13:40',1343727,201,NULL,NULL),(35376,NULL,0,NULL,390163,1344725,3345734,'2017-04-20 15:13:40',1343727,201,NULL,NULL),(35377,NULL,94122000,'2017-04-21 17:22:22',390164,1344725,3345735,'2017-04-20 15:13:40',1343727,201,NULL,NULL),(35378,NULL,93994000,'2017-04-21 17:20:48',390153,1344725,3345724,'2017-04-20 15:14:14',1343727,202,NULL,NULL),(35379,NULL,93408000,'2017-04-21 17:11:02',390154,1344725,3345725,'2017-04-20 15:14:14',1343727,202,NULL,NULL),(35380,NULL,471000,'2017-04-20 15:22:05',390155,1344725,3345726,'2017-04-20 15:14:14',1343727,202,NULL,NULL),(35381,NULL,470000,'2017-04-20 15:22:04',390156,1344725,3345728,'2017-04-20 15:14:14',1343727,202,NULL,NULL),(35382,NULL,0,NULL,390165,1344726,3345724,'2017-04-20 15:23:40',1343727,200,NULL,NULL),(35383,NULL,0,NULL,390168,1344726,3345728,'2017-04-20 15:23:41',1343727,201,NULL,NULL),(35384,NULL,0,NULL,390141,1344724,3345724,'2017-04-20 15:23:57',1343726,200,NULL,NULL),(35385,NULL,96554353,'2017-04-21 18:14:12',390170,1344726,3345729,'2017-04-20 15:24:58',1343727,200,NULL,NULL),(35386,NULL,96554623,'2017-04-21 18:14:12',390172,1344726,3345731,'2017-04-20 15:24:58',1343727,200,NULL,NULL),(35387,NULL,0,NULL,390143,1344724,3345726,'2017-04-21 17:10:19',1343726,200,NULL,NULL),(35388,NULL,0,NULL,390154,1344725,3345725,'2017-04-21 17:11:02',1343727,200,NULL,NULL),(35389,NULL,0,NULL,390155,1344725,3345726,'2017-04-21 17:21:28',1343727,200,NULL,NULL),(35390,NULL,166000,'2017-04-21 17:24:14',390167,1344726,3345726,'2017-04-21 17:21:28',1343727,202,NULL,NULL),(35391,NULL,0,NULL,390152,1344724,3345735,'2017-04-21 17:22:22',1343726,200,NULL,NULL),(35392,NULL,0,NULL,390167,1344726,3345726,'2017-04-21 17:24:14',1343727,200,NULL,NULL),(35393,NULL,0,NULL,390166,1344726,3345725,'2017-04-21 17:24:39',1343727,201,NULL,NULL),(35394,NULL,0,NULL,390170,1344726,3345729,'2017-04-21 18:14:12',1343727,201,NULL,NULL),(35395,NULL,0,NULL,390172,1344726,3345731,'2017-04-21 18:14:12',1343727,201,NULL,NULL);
/*!40000 ALTER TABLE `INVNTRYEVNTLOG` ENABLE KEYS */;
UNLOCK TABLES;

--
-- Table structure for table `INVNTRYITEM`
--

DROP TABLE IF EXISTS `INVNTRYITEM`;
/*!40101 SET @saved_cs_client     = @@character_set_client */;
/*!40101 SET character_set_client = utf8 */;
CREATE TABLE `INVNTRYITEM` (
  `KEY` bigint(20) NOT NULL AUTO_INCREMENT,
  `AST` int(11) DEFAULT NULL,
  `ASTT` datetime DEFAULT NULL,
  `BST` int(11) DEFAULT NULL,
  `BSTT` datetime DEFAULT NULL,
  `BV` double DEFAULT NULL,
  `CNST` int(11) DEFAULT NULL,
  `CNSTT` datetime DEFAULT NULL,
  `CONFIGST` int(11) DEFAULT NULL,
  `DST` int(11) DEFAULT NULL,
  `DSTT` datetime DEFAULT NULL,
  `INVNTRY_KEY_OID` bigint(20) DEFAULT NULL,
  `KID` bigint(20) DEFAULT NULL,
  `KNAME` varchar(255) CHARACTER SET utf8 COLLATE utf8_bin DEFAULT NULL,
  `KCITY` varchar(255) CHARACTER SET utf8 COLLATE utf8_bin DEFAULT NULL,
  `KCNTRY` varchar(255) CHARACTER SET utf8 COLLATE utf8_bin DEFAULT NULL,
  `KDIS` varchar(255) CHARACTER SET utf8 COLLATE utf8_bin DEFAULT NULL,
  `KNM` varchar(255) CHARACTER SET utf8 COLLATE utf8_bin DEFAULT NULL,
  `KST` varchar(255) CHARACTER SET utf8 COLLATE utf8_bin DEFAULT NULL,
  `MID` bigint(20) DEFAULT NULL,
  `MNM` varchar(255) CHARACTER SET utf8 COLLATE utf8_bin DEFAULT NULL,
  `NABS` int(11) DEFAULT NULL,
  `NHGH` int(11) DEFAULT NULL,
  `NLOW` int(11) DEFAULT NULL,
  `RGST` int(11) DEFAULT NULL,
  `SST` int(11) DEFAULT NULL,
  `SSTT` datetime DEFAULT NULL,
  `SDID` bigint(20) DEFAULT NULL,
  `SID` varchar(255) CHARACTER SET utf8 COLLATE utf8_bin DEFAULT NULL,
  `SIDNM` varchar(255) CHARACTER SET utf8 COLLATE utf8_bin DEFAULT NULL,
  `ST` int(11) DEFAULT NULL,
  `STT` datetime DEFAULT NULL,
  `SVID` varchar(255) CHARACTER SET utf8 COLLATE utf8_bin DEFAULT NULL,
  `SYSERRS` varchar(255) CHARACTER SET utf8 COLLATE utf8_bin DEFAULT NULL,
  `T` datetime DEFAULT NULL,
  `TMAX` float DEFAULT NULL,
  `TMIN` float DEFAULT NULL,
  `TMP` float DEFAULT NULL,
  `TMPSTATUS` int(11) DEFAULT NULL,
  `TRID` varchar(255) CHARACTER SET utf8 COLLATE utf8_bin DEFAULT NULL,
  `TUT` datetime DEFAULT NULL,
  PRIMARY KEY (`KEY`),
  KEY `INVNTRYITEM_N49` (`INVNTRY_KEY_OID`),
  KEY `INVNTRYITEM#6` (`SID`,`ST`,`STT`),
  KEY `INVNTRYITEM#7` (`ST`,`STT`),
  KEY `INVNTRYITEM#8` (`SVID`,`ST`,`STT`),
  KEY `INVNTRYITEM#16` (`KST`,`ST`,`STT`),
  KEY `INVNTRYITEM#9` (`KID`,`ST`,`STT`),
  KEY `INVNTRYITEM#12` (`BST`,`CNST`),
  KEY `INVNTRYITEM#18` (`CNST`),
  KEY `INVNTRYITEM#17` (`KDIS`,`ST`,`STT`),
  CONSTRAINT `INVNTRYITEM_FK1` FOREIGN KEY (`INVNTRY_KEY_OID`) REFERENCES `INVNTRY` (`KEY`)
) ENGINE=InnoDB DEFAULT CHARSET=utf8;
/*!40101 SET character_set_client = @saved_cs_client */;

--
-- Dumping data for table `INVNTRYITEM`
--

LOCK TABLES `INVNTRYITEM` WRITE;
/*!40000 ALTER TABLE `INVNTRYITEM` DISABLE KEYS */;
/*!40000 ALTER TABLE `INVNTRYITEM` ENABLE KEYS */;
UNLOCK TABLES;

--
-- Table structure for table `INVNTRYITEM_DOMAINS`
--

DROP TABLE IF EXISTS `INVNTRYITEM_DOMAINS`;
/*!40101 SET @saved_cs_client     = @@character_set_client */;
/*!40101 SET character_set_client = utf8 */;
CREATE TABLE `INVNTRYITEM_DOMAINS` (
  `KEY_OID` bigint(20) NOT NULL,
  `DOMAIN_ID` bigint(20) DEFAULT NULL,
  `IDX` int(11) NOT NULL,
  PRIMARY KEY (`KEY_OID`,`IDX`),
  KEY `INVNTRYITEM_DOMAINS_N49` (`KEY_OID`)
) ENGINE=InnoDB DEFAULT CHARSET=utf8;
/*!40101 SET character_set_client = @saved_cs_client */;

--
-- Dumping data for table `INVNTRYITEM_DOMAINS`
--

LOCK TABLES `INVNTRYITEM_DOMAINS` WRITE;
/*!40000 ALTER TABLE `INVNTRYITEM_DOMAINS` DISABLE KEYS */;
/*!40000 ALTER TABLE `INVNTRYITEM_DOMAINS` ENABLE KEYS */;
UNLOCK TABLES;

--
-- Table structure for table `INVNTRYITEM_KTAGS`
--

DROP TABLE IF EXISTS `INVNTRYITEM_KTAGS`;
/*!40101 SET @saved_cs_client     = @@character_set_client */;
/*!40101 SET character_set_client = utf8 */;
CREATE TABLE `INVNTRYITEM_KTAGS` (
  `KEY` bigint(20) NOT NULL,
  `ID` bigint(20) DEFAULT NULL,
  `IDX` int(11) NOT NULL,
  PRIMARY KEY (`KEY`,`IDX`),
  KEY `INVNTRYITEM_KTAGS_N49` (`ID`),
  KEY `INVNTRYITEM_KTAGS_N50` (`KEY`)
) ENGINE=InnoDB DEFAULT CHARSET=utf8;
/*!40101 SET character_set_client = @saved_cs_client */;

--
-- Dumping data for table `INVNTRYITEM_KTAGS`
--

LOCK TABLES `INVNTRYITEM_KTAGS` WRITE;
/*!40000 ALTER TABLE `INVNTRYITEM_KTAGS` DISABLE KEYS */;
/*!40000 ALTER TABLE `INVNTRYITEM_KTAGS` ENABLE KEYS */;
UNLOCK TABLES;

--
-- Table structure for table `INVNTRYITEM_MTAGS`
--

DROP TABLE IF EXISTS `INVNTRYITEM_MTAGS`;
/*!40101 SET @saved_cs_client     = @@character_set_client */;
/*!40101 SET character_set_client = utf8 */;
CREATE TABLE `INVNTRYITEM_MTAGS` (
  `KEY` bigint(20) NOT NULL,
  `ID` bigint(20) DEFAULT NULL,
  `IDX` int(11) NOT NULL,
  PRIMARY KEY (`KEY`,`IDX`),
  KEY `INVNTRYITEM_MTAGS_N49` (`ID`),
  KEY `INVNTRYITEM_MTAGS_N50` (`KEY`)
) ENGINE=InnoDB DEFAULT CHARSET=utf8;
/*!40101 SET character_set_client = @saved_cs_client */;

--
-- Dumping data for table `INVNTRYITEM_MTAGS`
--

LOCK TABLES `INVNTRYITEM_MTAGS` WRITE;
/*!40000 ALTER TABLE `INVNTRYITEM_MTAGS` DISABLE KEYS */;
/*!40000 ALTER TABLE `INVNTRYITEM_MTAGS` ENABLE KEYS */;
UNLOCK TABLES;

--
-- Table structure for table `INVNTRYLOG`
--

DROP TABLE IF EXISTS `INVNTRYLOG`;
/*!40101 SET @saved_cs_client     = @@character_set_client */;
/*!40101 SET character_set_client = utf8 */;
CREATE TABLE `INVNTRYLOG` (
  `KEY` bigint(20) NOT NULL AUTO_INCREMENT,
  `BID` varchar(255) CHARACTER SET utf8 COLLATE utf8_bin DEFAULT NULL,
  `BS` float DEFAULT NULL,
  `KID` bigint(20) DEFAULT NULL,
  `MID` bigint(20) DEFAULT NULL,
  `S` decimal(16,4) DEFAULT NULL,
  `SDID` bigint(20) DEFAULT NULL,
  `T` datetime DEFAULT NULL,
  `ARCAT` datetime DEFAULT NULL,
  `ARCBY` varchar(255) DEFAULT NULL,
  PRIMARY KEY (`KEY`),
  KEY `INVNTRYLOGINDEX` (`KID`,`MID`,`T`)
) ENGINE=InnoDB AUTO_INCREMENT=475260 DEFAULT CHARSET=utf8;
/*!40101 SET character_set_client = @saved_cs_client */;

--
-- Dumping data for table `INVNTRYLOG`
--

LOCK TABLES `INVNTRYLOG` WRITE;
/*!40000 ALTER TABLE `INVNTRYLOG` DISABLE KEYS */;
INSERT INTO `INVNTRYLOG` VALUES (475085,NULL,NULL,1344726,3345724,500.0000,1343727,'2017-04-20 15:09:48',NULL,NULL),(475086,'BCG1',100,1344726,3345725,100.0000,1343727,'2017-04-20 15:09:53',NULL,NULL),(475087,'BCG2',400,1344726,3345725,500.0000,1343727,'2017-04-20 15:09:54',NULL,NULL),(475088,'HEPB1',500,1344726,3345726,500.0000,1343727,'2017-04-20 15:09:54',NULL,NULL),(475089,'BCG1',100,1344726,3345728,100.0000,1343727,'2017-04-20 15:09:55',NULL,NULL),(475090,NULL,NULL,1344724,3345724,1000000.0000,1343726,'2017-04-20 15:11:23',NULL,NULL),(475091,NULL,NULL,1344724,3345732,90000.0000,1343726,'2017-04-20 15:11:23',NULL,NULL),(475092,NULL,NULL,1344724,3345733,90000.0000,1343726,'2017-04-20 15:11:24',NULL,NULL),(475093,NULL,NULL,1344724,3345734,90000.0000,1343726,'2017-04-20 15:11:24',NULL,NULL),(475094,NULL,NULL,1344724,3345735,90000.0000,1343726,'2017-04-20 15:11:24',NULL,NULL),(475095,'BCG1',1000000,1344724,3345725,1000000.0000,1343726,'2017-04-20 15:11:24',NULL,NULL),(475096,'HEP1',1000000,1344724,3345726,1000000.0000,1343726,'2017-04-20 15:11:25',NULL,NULL),(475097,'JE1',1000000,1344724,3345728,1000000.0000,1343726,'2017-04-20 15:11:25',NULL,NULL),(475098,'JED1',900000,1344724,3345727,900000.0000,1343726,'2017-04-20 15:11:25',NULL,NULL),(475099,'MED1',900000,1344724,3345729,900000.0000,1343726,'2017-04-20 15:11:25',NULL,NULL),(475100,'MEC1',900000,1344724,3345730,900000.0000,1343726,'2017-04-20 15:11:26',NULL,NULL),(475101,'MED1',900000,1344724,3345731,900000.0000,1343726,'2017-04-20 15:11:26',NULL,NULL),(475102,'JED1',5000,1344726,3345727,5000.0000,1343727,'2017-04-20 15:12:07',NULL,NULL),(475103,'MEA1',5000,1344726,3345729,5000.0000,1343727,'2017-04-20 15:12:08',NULL,NULL),(475104,'MEAC1',5000,1344726,3345730,5000.0000,1343727,'2017-04-20 15:12:08',NULL,NULL),(475105,'MEAD1',5000,1344726,3345731,5000.0000,1343727,'2017-04-20 15:12:08',NULL,NULL),(475106,NULL,NULL,1344726,3345732,90000.0000,1343727,'2017-04-20 15:12:51',NULL,NULL),(475107,NULL,NULL,1344726,3345733,90000.0000,1343727,'2017-04-20 15:12:51',NULL,NULL),(475108,NULL,NULL,1344726,3345734,90000.0000,1343727,'2017-04-20 15:12:51',NULL,NULL),(475109,NULL,NULL,1344726,3345735,90000.0000,1343727,'2017-04-20 15:12:51',NULL,NULL),(475110,NULL,NULL,1344725,3345732,9000.0000,1343727,'2017-04-20 15:13:40',NULL,NULL),(475111,NULL,NULL,1344725,3345733,9000.0000,1343727,'2017-04-20 15:13:40',NULL,NULL),(475112,NULL,NULL,1344725,3345734,9000.0000,1343727,'2017-04-20 15:13:40',NULL,NULL),(475113,NULL,NULL,1344725,3345735,9000.0000,1343727,'2017-04-20 15:13:40',NULL,NULL),(475114,NULL,NULL,1344725,3345724,100000.0000,1343727,'2017-04-20 15:14:14',NULL,NULL),(475115,'BCG1',100000,1344725,3345725,100000.0000,1343727,'2017-04-20 15:14:14',NULL,NULL),(475116,'HEP1',100000,1344725,3345726,100000.0000,1343727,'2017-04-20 15:14:14',NULL,NULL),(475117,'JEC1',100000,1344725,3345728,100000.0000,1343727,'2017-04-20 15:14:14',NULL,NULL),(475118,'MEAD1',50000,1344725,3345731,50000.0000,1343727,'2017-04-20 15:15:10',NULL,NULL),(475119,'MEAS1',50000,1344725,3345730,50000.0000,1343727,'2017-04-20 15:15:10',NULL,NULL),(475120,'MEA1',50000,1344725,3345729,50000.0000,1343727,'2017-04-20 15:15:10',NULL,NULL),(475121,'JED1',50000,1344725,3345727,50000.0000,1343727,'2017-04-20 15:15:10',NULL,NULL),(475122,NULL,NULL,1344724,3345732,89000.0000,1343726,'2017-04-20 15:19:19',NULL,NULL),(475123,NULL,NULL,1344725,3345732,10000.0000,1343727,'2017-04-20 15:19:19',NULL,NULL),(475124,NULL,NULL,1344724,3345733,89000.0000,1343726,'2017-04-20 15:19:19',NULL,NULL),(475125,NULL,NULL,1344725,3345733,10000.0000,1343727,'2017-04-20 15:19:19',NULL,NULL),(475126,NULL,NULL,1344724,3345734,89000.0000,1343726,'2017-04-20 15:19:19',NULL,NULL),(475127,NULL,NULL,1344725,3345734,10000.0000,1343727,'2017-04-20 15:19:19',NULL,NULL),(475128,NULL,NULL,1344724,3345735,89000.0000,1343726,'2017-04-20 15:19:20',NULL,NULL),(475129,NULL,NULL,1344725,3345735,10000.0000,1343727,'2017-04-20 15:19:20',NULL,NULL),(475130,'JED1',899000,1344724,3345727,899000.0000,1343726,'2017-04-20 15:19:20',NULL,NULL),(475131,'JED1',51000,1344725,3345727,51000.0000,1343727,'2017-04-20 15:19:20',NULL,NULL),(475132,'MED1',899000,1344724,3345729,899000.0000,1343726,'2017-04-20 15:19:20',NULL,NULL),(475133,'MED1',1000,1344725,3345729,51000.0000,1343727,'2017-04-20 15:19:20',NULL,NULL),(475134,'MEC1',899000,1344724,3345730,899000.0000,1343726,'2017-04-20 15:19:21',NULL,NULL),(475135,'MEC1',1000,1344725,3345730,51000.0000,1343727,'2017-04-20 15:19:21',NULL,NULL),(475136,'MED1',899000,1344724,3345731,899000.0000,1343726,'2017-04-20 15:19:21',NULL,NULL),(475137,'MED1',1000,1344725,3345731,51000.0000,1343727,'2017-04-20 15:19:21',NULL,NULL),(475138,NULL,NULL,1344725,3345732,9900.0000,1343727,'2017-04-20 15:22:02',NULL,NULL),(475139,NULL,NULL,1344726,3345732,90100.0000,1343727,'2017-04-20 15:22:02',NULL,NULL),(475140,NULL,NULL,1344725,3345733,9900.0000,1343727,'2017-04-20 15:22:02',NULL,NULL),(475141,NULL,NULL,1344726,3345733,90100.0000,1343727,'2017-04-20 15:22:02',NULL,NULL),(475142,NULL,NULL,1344725,3345734,9900.0000,1343727,'2017-04-20 15:22:02',NULL,NULL),(475143,NULL,NULL,1344726,3345734,90100.0000,1343727,'2017-04-20 15:22:02',NULL,NULL),(475144,NULL,NULL,1344725,3345735,9900.0000,1343727,'2017-04-20 15:22:03',NULL,NULL),(475145,NULL,NULL,1344726,3345735,90100.0000,1343727,'2017-04-20 15:22:03',NULL,NULL),(475146,'JED1',50000,1344725,3345727,50000.0000,1343727,'2017-04-20 15:22:03',NULL,NULL),(475147,'JED1',6000,1344726,3345727,6000.0000,1343727,'2017-04-20 15:22:03',NULL,NULL),(475148,'MEA1',49000,1344725,3345729,50000.0000,1343727,'2017-04-20 15:22:03',NULL,NULL),(475149,'MEA1',6000,1344726,3345729,6000.0000,1343727,'2017-04-20 15:22:03',NULL,NULL),(475150,'MEAS1',49000,1344725,3345730,50000.0000,1343727,'2017-04-20 15:22:04',NULL,NULL),(475151,'MEAS1',1000,1344726,3345730,6000.0000,1343727,'2017-04-20 15:22:04',NULL,NULL),(475152,'MEAD1',49000,1344725,3345731,50000.0000,1343727,'2017-04-20 15:22:04',NULL,NULL),(475153,'MEAD1',6000,1344726,3345731,6000.0000,1343727,'2017-04-20 15:22:04',NULL,NULL),(475154,'JEC1',99000,1344725,3345728,99000.0000,1343727,'2017-04-20 15:22:04',NULL,NULL),(475155,'JEC1',1000,1344726,3345728,1100.0000,1343727,'2017-04-20 15:22:04',NULL,NULL),(475156,'HEP1',99900,1344725,3345726,99900.0000,1343727,'2017-04-20 15:22:05',NULL,NULL),(475157,'HEP1',100,1344726,3345726,600.0000,1343727,'2017-04-20 15:22:05',NULL,NULL),(475158,NULL,NULL,1344726,3345724,0.0000,1343727,'2017-04-20 15:23:40',NULL,NULL),(475159,'BCG1',0,1344726,3345725,400.0000,1343727,'2017-04-20 15:23:40',NULL,NULL),(475160,'HEPB1',400,1344726,3345726,500.0000,1343727,'2017-04-20 15:23:40',NULL,NULL),(475161,'BCG1',0,1344726,3345728,1000.0000,1343727,'2017-04-20 15:23:41',NULL,NULL),(475162,NULL,NULL,1344724,3345724,0.0000,1343726,'2017-04-20 15:23:57',NULL,NULL),(475163,'MEA1',0,1344726,3345729,0.0000,1343727,'2017-04-20 15:24:58',NULL,NULL),(475164,'MEAD1',0,1344726,3345731,0.0000,1343727,'2017-04-20 15:24:58',NULL,NULL),(475165,'HEP1',0,1344724,3345726,0.0000,1343726,'2017-04-21 17:10:19',NULL,NULL),(475166,'BCG1',0,1344725,3345725,0.0000,1343727,'2017-04-21 17:11:02',NULL,NULL),(475167,'BCGD1XADF001',5000,1344726,3345725,5400.0000,1343727,'2017-04-21 17:12:44',NULL,NULL),(475168,NULL,NULL,1344724,3345732,90000.0000,1343726,'2017-04-21 17:13:24',NULL,NULL),(475169,'JED1',850000,1344724,3345727,850000.0000,1343726,'2017-04-21 17:13:51',NULL,NULL),(475170,'MED1',850000,1344724,3345731,850000.0000,1343726,'2017-04-21 17:14:15',NULL,NULL),(475171,'MEC1',897000,1344724,3345730,897000.0000,1343726,'2017-04-21 17:15:09',NULL,NULL),(475172,'MED1',897000,1344724,3345729,897000.0000,1343726,'2017-04-21 17:15:09',NULL,NULL),(475173,NULL,NULL,1344725,3345734,9800.0000,1343727,'2017-04-21 17:15:53',NULL,NULL),(475174,'HEP1',98900,1344725,3345726,98900.0000,1343727,'2017-04-21 17:15:54',NULL,NULL),(475175,NULL,NULL,1344725,3345734,9900.0000,1343727,'2017-04-21 17:17:35',NULL,NULL),(475176,'HEPB1',100,1344725,3345726,99000.0000,1343727,'2017-04-21 17:17:36',NULL,NULL),(475177,'MEAD1',1000,1344725,3345729,51000.0000,1343727,'2017-04-21 17:17:36',NULL,NULL),(475178,NULL,NULL,1344725,3345734,5000.0000,1343727,'2017-04-21 17:18:55',NULL,NULL),(475179,'MEA1',45000,1344725,3345729,47000.0000,1343727,'2017-04-21 17:18:55',NULL,NULL),(475180,'MEAD1',500,1344725,3345729,46500.0000,1343727,'2017-04-21 17:18:56',NULL,NULL),(475181,'MED1',500,1344725,3345729,46000.0000,1343727,'2017-04-21 17:18:56',NULL,NULL),(475182,NULL,NULL,1344724,3345732,50000.0000,1343726,'2017-04-21 17:20:01',NULL,NULL),(475183,'BCG1',950000,1344724,3345725,950000.0000,1343726,'2017-04-21 17:20:01',NULL,NULL),(475184,NULL,NULL,1344725,3345724,99000.0000,1343727,'2017-04-21 17:20:48',NULL,NULL),(475185,NULL,NULL,1344725,3345735,9400.0000,1343727,'2017-04-21 17:20:48',NULL,NULL),(475186,'MEA1',44500,1344725,3345729,45500.0000,1343727,'2017-04-21 17:20:48',NULL,NULL),(475187,'HEPB1',0,1344725,3345726,98900.0000,1343727,'2017-04-21 17:21:28',NULL,NULL),(475188,'HEPB1',500,1344726,3345726,600.0000,1343727,'2017-04-21 17:21:28',NULL,NULL),(475189,'HEP1',0,1344725,3345726,0.0000,1343727,'2017-04-21 17:21:28',NULL,NULL),(475190,'HEP1',99000,1344726,3345726,99500.0000,1343727,'2017-04-21 17:21:28',NULL,NULL),(475191,NULL,NULL,1344724,3345735,0.0000,1343726,'2017-04-21 17:22:22',NULL,NULL),(475192,NULL,NULL,1344725,3345735,98400.0000,1343727,'2017-04-21 17:22:22',NULL,NULL),(475193,'MEC1',892000,1344724,3345730,892000.0000,1343726,'2017-04-21 17:22:22',NULL,NULL),(475194,'MEC1',6000,1344725,3345730,55000.0000,1343727,'2017-04-21 17:22:22',NULL,NULL),(475195,NULL,NULL,1344726,3345732,85000.0000,1343727,'2017-04-21 17:23:26',NULL,NULL),(475196,'JED1',5900,1344726,3345727,5900.0000,1343727,'2017-04-21 17:23:26',NULL,NULL),(475197,'JEC1',500,1344726,3345728,500.0000,1343727,'2017-04-21 17:23:48',NULL,NULL),(475198,'HEPB1',0,1344726,3345726,99000.0000,1343727,'2017-04-21 17:24:13',NULL,NULL),(475199,'HEP1',0,1344726,3345726,0.0000,1343727,'2017-04-21 17:24:14',NULL,NULL),(475200,'BCG2',100,1344726,3345725,5100.0000,1343727,'2017-04-21 17:24:14',NULL,NULL),(475201,'BCGD1XADF001',1000,1344726,3345725,1100.0000,1343727,'2017-04-21 17:24:14',NULL,NULL),(475202,'BCGD1XADF001',900,1344726,3345725,1000.0000,1343727,'2017-04-21 17:24:39',NULL,NULL),(475203,'JEC1',400,1344726,3345728,400.0000,1343727,'2017-04-21 17:24:39',NULL,NULL),(475204,'MEAS1',48900,1344725,3345730,54900.0000,1343727,'2017-04-21 18:10:58',NULL,NULL),(475205,NULL,NULL,1344725,3345733,9800.0000,1343727,'2017-04-21 18:10:58',NULL,NULL),(475206,'MEAS1',48700,1344725,3345730,54700.0000,1343727,'2017-04-21 18:11:48',NULL,NULL),(475207,NULL,NULL,1344725,3345734,4800.0000,1343727,'2017-04-21 18:11:48',NULL,NULL),(475208,'JED1',49900,1344725,3345727,49900.0000,1343727,'2017-04-21 18:12:37',NULL,NULL),(475209,'MEA1',44400,1344725,3345729,45400.0000,1343727,'2017-04-21 18:12:37',NULL,NULL),(475210,'MED1',896500,1344724,3345729,896500.0000,1343726,'2017-04-21 18:13:15',NULL,NULL),(475211,'MEC1',891500,1344724,3345730,891500.0000,1343726,'2017-04-21 18:13:15',NULL,NULL),(475212,'JED1',49700,1344725,3345727,49700.0000,1343727,'2017-04-21 18:14:02',NULL,NULL),(475213,'MEA1',44200,1344725,3345729,45200.0000,1343727,'2017-04-21 18:14:02',NULL,NULL),(475214,'MEAS1',48500,1344725,3345730,54500.0000,1343727,'2017-04-21 18:14:02',NULL,NULL),(475215,'MEAD1',48800,1344725,3345731,49800.0000,1343727,'2017-04-21 18:14:02',NULL,NULL),(475216,NULL,NULL,1344725,3345733,9600.0000,1343727,'2017-04-21 18:14:03',NULL,NULL),(475217,'JED1',6100,1344726,3345727,6100.0000,1343727,'2017-04-21 18:14:12',NULL,NULL),(475218,'MEA1',200,1344726,3345729,200.0000,1343727,'2017-04-21 18:14:12',NULL,NULL),(475219,'MEAS1',1200,1344726,3345730,6200.0000,1343727,'2017-04-21 18:14:12',NULL,NULL),(475220,'MEAD1',200,1344726,3345731,200.0000,1343727,'2017-04-21 18:14:12',NULL,NULL),(475221,NULL,NULL,1344726,3345733,90300.0000,1343727,'2017-04-21 18:14:12',NULL,NULL),(475222,'JED1',49500,1344725,3345727,49500.0000,1343727,'2017-04-21 18:15:07',NULL,NULL),(475223,'JEC1',98800,1344725,3345728,98800.0000,1343727,'2017-04-21 18:15:07',NULL,NULL),(475224,'MEA1',44000,1344725,3345729,45000.0000,1343727,'2017-04-21 18:15:07',NULL,NULL),(475225,'MEAS1',48300,1344725,3345730,54300.0000,1343727,'2017-04-21 18:15:07',NULL,NULL),(475226,'MEAD1',48600,1344725,3345731,49600.0000,1343727,'2017-04-21 18:15:07',NULL,NULL),(475227,'MEAS1',1400,1344726,3345730,6400.0000,1343727,'2017-04-21 18:15:23',NULL,NULL),(475228,NULL,NULL,1344726,3345734,90300.0000,1343727,'2017-04-21 18:15:23',NULL,NULL),(475229,'MED1',1000,1344725,3345729,45500.0000,1343727,'2017-04-21 18:15:37',NULL,NULL),(475230,'MEC1',6500,1344725,3345730,54800.0000,1343727,'2017-04-21 18:15:37',NULL,NULL),(475231,'JED1',6200,1344726,3345727,6200.0000,1343727,'2017-04-21 18:15:50',NULL,NULL),(475232,'MEA1',300,1344726,3345729,300.0000,1343727,'2017-04-21 18:15:50',NULL,NULL),(475233,'BCG1',949900,1344724,3345725,949900.0000,1343726,'2017-04-21 18:17:14',NULL,NULL),(475234,'JED1',849900,1344724,3345727,849900.0000,1343726,'2017-04-21 18:17:14',NULL,NULL),(475235,'JE1',999900,1344724,3345728,999900.0000,1343726,'2017-04-21 18:17:14',NULL,NULL),(475236,'MED1',896400,1344724,3345729,896400.0000,1343726,'2017-04-21 18:17:14',NULL,NULL),(475237,'MEC1',891400,1344724,3345730,891400.0000,1343726,'2017-04-21 18:17:14',NULL,NULL),(475238,'MED1',849900,1344724,3345731,849900.0000,1343726,'2017-04-21 18:17:14',NULL,NULL),(475239,NULL,NULL,1344724,3345732,49900.0000,1343726,'2017-04-21 18:17:14',NULL,NULL),(475240,NULL,NULL,1344724,3345733,88900.0000,1343726,'2017-04-21 18:17:14',NULL,NULL),(475241,NULL,NULL,1344724,3345734,88900.0000,1343726,'2017-04-21 18:17:14',NULL,NULL),(475242,'JED1',849400,1344724,3345727,849400.0000,1343726,'2017-04-21 18:17:42',NULL,NULL),(475243,'MED1',896300,1344724,3345729,896300.0000,1343726,'2017-04-21 18:17:42',NULL,NULL),(475244,'JED1',6400,1344726,3345727,6400.0000,1343727,'2017-04-21 18:17:54',NULL,NULL),(475245,'JEC1',600,1344726,3345728,600.0000,1343727,'2017-04-21 18:17:54',NULL,NULL),(475246,'MEA1',500,1344726,3345729,500.0000,1343727,'2017-04-21 18:17:54',NULL,NULL),(475247,'MEAS1',1600,1344726,3345730,6600.0000,1343727,'2017-04-21 18:17:55',NULL,NULL),(475248,'MEAD1',400,1344726,3345731,400.0000,1343727,'2017-04-21 18:17:55',NULL,NULL),(475249,'BCG1',949800,1344724,3345725,949800.0000,1343726,'2017-04-21 18:18:45',NULL,NULL),(475250,'JED1',849300,1344724,3345727,849300.0000,1343726,'2017-04-21 18:18:45',NULL,NULL),(475251,'JE1',999800,1344724,3345728,999800.0000,1343726,'2017-04-21 18:18:46',NULL,NULL),(475252,'MED1',896200,1344724,3345729,896200.0000,1343726,'2017-04-21 18:18:46',NULL,NULL),(475253,'MEC1',891300,1344724,3345730,891300.0000,1343726,'2017-04-21 18:18:46',NULL,NULL),(475254,'MED1',849800,1344724,3345731,849800.0000,1343726,'2017-04-21 18:18:46',NULL,NULL),(475255,NULL,NULL,1344724,3345732,49800.0000,1343726,'2017-04-21 18:18:46',NULL,NULL),(475256,NULL,NULL,1344724,3345733,88800.0000,1343726,'2017-04-21 18:18:46',NULL,NULL),(475257,NULL,NULL,1344724,3345734,88800.0000,1343726,'2017-04-21 18:18:46',NULL,NULL),(475258,'JED1',849200,1344724,3345727,849200.0000,1343726,'2017-04-21 18:19:19',NULL,NULL),(475259,'MED1',896100,1344724,3345729,896100.0000,1343726,'2017-04-21 18:19:19',NULL,NULL);
/*!40000 ALTER TABLE `INVNTRYLOG` ENABLE KEYS */;
UNLOCK TABLES;

--
-- Table structure for table `INVNTRYLOG_DOMAINS`
--

DROP TABLE IF EXISTS `INVNTRYLOG_DOMAINS`;
/*!40101 SET @saved_cs_client     = @@character_set_client */;
/*!40101 SET character_set_client = utf8 */;
CREATE TABLE `INVNTRYLOG_DOMAINS` (
  `KEY_OID` bigint(20) NOT NULL,
  `DOMAIN_ID` bigint(20) DEFAULT NULL,
  `IDX` int(11) NOT NULL,
  PRIMARY KEY (`KEY_OID`,`IDX`),
  KEY `INVNTRYLOG_DOMAINS_N49` (`KEY_OID`)
) ENGINE=InnoDB DEFAULT CHARSET=utf8;
/*!40101 SET character_set_client = @saved_cs_client */;

--
-- Dumping data for table `INVNTRYLOG_DOMAINS`
--

LOCK TABLES `INVNTRYLOG_DOMAINS` WRITE;
/*!40000 ALTER TABLE `INVNTRYLOG_DOMAINS` DISABLE KEYS */;
/*!40000 ALTER TABLE `INVNTRYLOG_DOMAINS` ENABLE KEYS */;
UNLOCK TABLES;

--
-- Table structure for table `INVNTRY_DOMAINS`
--

DROP TABLE IF EXISTS `INVNTRY_DOMAINS`;
/*!40101 SET @saved_cs_client     = @@character_set_client */;
/*!40101 SET character_set_client = utf8 */;
CREATE TABLE `INVNTRY_DOMAINS` (
  `KEY_OID` bigint(20) NOT NULL,
  `DOMAIN_ID` bigint(20) DEFAULT NULL,
  `IDX` int(11) NOT NULL,
  PRIMARY KEY (`KEY_OID`,`IDX`),
  KEY `INVNTRY_DOMAINS_N49` (`KEY_OID`)
) ENGINE=InnoDB DEFAULT CHARSET=utf8;
/*!40101 SET character_set_client = @saved_cs_client */;

--
-- Dumping data for table `INVNTRY_DOMAINS`
--

LOCK TABLES `INVNTRY_DOMAINS` WRITE;
/*!40000 ALTER TABLE `INVNTRY_DOMAINS` DISABLE KEYS */;
INSERT INTO `INVNTRY_DOMAINS` VALUES (390141,1343726,0),(390142,1343726,0),(390143,1343726,0),(390144,1343726,0),(390145,1343726,0),(390146,1343726,0),(390147,1343726,0),(390148,1343726,0),(390149,1343726,0),(390150,1343726,0),(390151,1343726,0),(390152,1343726,0),(390153,1343727,0),(390153,1343726,1),(390154,1343727,0),(390154,1343726,1),(390155,1343727,0),(390155,1343726,1),(390156,1343727,0),(390156,1343726,1),(390157,1343727,0),(390157,1343726,1),(390158,1343727,0),(390158,1343726,1),(390159,1343727,0),(390159,1343726,1),(390160,1343727,0),(390160,1343726,1),(390161,1343727,0),(390161,1343726,1),(390162,1343727,0),(390162,1343726,1),(390163,1343727,0),(390163,1343726,1),(390164,1343727,0),(390164,1343726,1),(390165,1343727,0),(390165,1343726,1),(390166,1343727,0),(390166,1343726,1),(390167,1343727,0),(390167,1343726,1),(390168,1343727,0),(390168,1343726,1),(390169,1343727,0),(390169,1343726,1),(390170,1343727,0),(390170,1343726,1),(390171,1343727,0),(390171,1343726,1),(390172,1343727,0),(390172,1343726,1),(390173,1343727,0),(390173,1343726,1),(390174,1343727,0),(390174,1343726,1),(390175,1343727,0),(390175,1343726,1),(390176,1343727,0),(390176,1343726,1);
/*!40000 ALTER TABLE `INVNTRY_DOMAINS` ENABLE KEYS */;
UNLOCK TABLES;

--
-- Table structure for table `INVNTRY_KTAGS`
--

DROP TABLE IF EXISTS `INVNTRY_KTAGS`;
/*!40101 SET @saved_cs_client     = @@character_set_client */;
/*!40101 SET character_set_client = utf8 */;
CREATE TABLE `INVNTRY_KTAGS` (
  `KEY` bigint(20) NOT NULL,
  `ID` bigint(20) DEFAULT NULL,
  `IDX` int(11) NOT NULL,
  PRIMARY KEY (`KEY`,`IDX`),
  KEY `INVNTRY_KTAGS_N50` (`ID`),
  KEY `INVNTRY_KTAGS_N49` (`KEY`)
) ENGINE=InnoDB DEFAULT CHARSET=utf8;
/*!40101 SET character_set_client = @saved_cs_client */;

--
-- Dumping data for table `INVNTRY_KTAGS`
--

LOCK TABLES `INVNTRY_KTAGS` WRITE;
/*!40000 ALTER TABLE `INVNTRY_KTAGS` DISABLE KEYS */;
INSERT INTO `INVNTRY_KTAGS` VALUES (390141,361,0),(390142,361,0),(390143,361,0),(390144,361,0),(390145,361,0),(390146,361,0),(390147,361,0),(390148,361,0),(390149,361,0),(390150,361,0),(390151,361,0),(390152,361,0),(390165,362,0),(390166,362,0),(390167,362,0),(390168,362,0),(390169,362,0),(390170,362,0),(390171,362,0),(390172,362,0),(390173,362,0),(390174,362,0),(390175,362,0),(390176,362,0),(390154,363,0),(390155,363,0),(390156,363,0),(390157,363,0),(390158,363,0),(390159,363,0),(390160,363,0),(390161,363,0),(390162,363,0),(390163,363,0),(390164,363,0);
/*!40000 ALTER TABLE `INVNTRY_KTAGS` ENABLE KEYS */;
UNLOCK TABLES;

--
-- Table structure for table `INVNTRY_MTAGS`
--

DROP TABLE IF EXISTS `INVNTRY_MTAGS`;
/*!40101 SET @saved_cs_client     = @@character_set_client */;
/*!40101 SET character_set_client = utf8 */;
CREATE TABLE `INVNTRY_MTAGS` (
  `KEY` bigint(20) NOT NULL,
  `ID` bigint(20) DEFAULT NULL,
  `IDX` int(11) NOT NULL,
  PRIMARY KEY (`KEY`,`IDX`),
  KEY `INVNTRY_MTAGS_N50` (`ID`),
  KEY `INVNTRY_MTAGS_N49` (`KEY`)
) ENGINE=InnoDB DEFAULT CHARSET=utf8;
/*!40101 SET character_set_client = @saved_cs_client */;

--
-- Dumping data for table `INVNTRY_MTAGS`
--

LOCK TABLES `INVNTRY_MTAGS` WRITE;
/*!40000 ALTER TABLE `INVNTRY_MTAGS` DISABLE KEYS */;
INSERT INTO `INVNTRY_MTAGS` VALUES (390141,359,0),(390142,359,0),(390143,359,0),(390144,359,0),(390145,359,0),(390146,359,0),(390147,359,0),(390148,359,0),(390153,359,0),(390154,359,0),(390155,359,0),(390156,359,0),(390157,359,0),(390158,359,0),(390159,359,0),(390160,359,0),(390165,359,0),(390166,359,0),(390167,359,0),(390168,359,0),(390169,359,0),(390170,359,0),(390171,359,0),(390172,359,0),(390149,360,0),(390150,360,0),(390151,360,0),(390152,360,0),(390161,360,0),(390162,360,0),(390163,360,0),(390164,360,0),(390173,360,0),(390174,360,0),(390175,360,0),(390176,360,0);
/*!40000 ALTER TABLE `INVNTRY_MTAGS` ENABLE KEYS */;
UNLOCK TABLES;

--
-- Table structure for table `INV_ALLOC_TAG`
--

DROP TABLE IF EXISTS `INV_ALLOC_TAG`;
/*!40101 SET @saved_cs_client     = @@character_set_client */;
/*!40101 SET character_set_client = utf8 */;
CREATE TABLE `INV_ALLOC_TAG` (
  `ID_OID` bigint(20) NOT NULL,
  `TAG` varchar(255) CHARACTER SET utf8 COLLATE utf8_bin DEFAULT NULL,
  `IDX` int(11) NOT NULL,
  PRIMARY KEY (`ID_OID`,`IDX`)
) ENGINE=InnoDB DEFAULT CHARSET=utf8;
/*!40101 SET character_set_client = @saved_cs_client */;

--
-- Dumping data for table `INV_ALLOC_TAG`
--

LOCK TABLES `INV_ALLOC_TAG` WRITE;
/*!40000 ALTER TABLE `INV_ALLOC_TAG` DISABLE KEYS */;
INSERT INTO `INV_ALLOC_TAG` VALUES (1,'o:1',0),(2,'o:1',0),(5,'o:4',0),(6,'o:4',0),(9,'o:8',0),(10,'o:8',0),(13,'o:6',0),(14,'o:6',0),(17,'o:14',0),(18,'o:14',0),(19,'o:14',0),(20,'o:14',0),(21,'o:14',0),(27,'o:12',0),(28,'o:12',0),(29,'o:12',0),(30,'o:12',0),(31,'o:12',0),(37,'o:10',0),(38,'o:10',0),(39,'o:10',0),(40,'o:10',0),(41,'o:10',0),(42,'o:10',0),(43,'o:10',0),(44,'o:10',0),(45,'o:10',0),(55,'o:5',0),(56,'o:5',0),(59,'o:11',0),(60,'o:11',0),(61,'o:11',0),(62,'o:11',0),(63,'o:11',0),(64,'o:11',0),(65,'o:11',0),(66,'o:11',0),(67,'o:11',0),(77,'o:15',0),(78,'o:15',0);
/*!40000 ALTER TABLE `INV_ALLOC_TAG` ENABLE KEYS */;
UNLOCK TABLES;

--
-- Table structure for table `JOBSTATUS`
--

DROP TABLE IF EXISTS `JOBSTATUS`;
/*!40101 SET @saved_cs_client     = @@character_set_client */;
/*!40101 SET character_set_client = utf8 */;
CREATE TABLE `JOBSTATUS` (
  `JID` bigint(20) NOT NULL AUTO_INCREMENT,
  `DESC` varchar(255) DEFAULT NULL,
  `DID` bigint(20) NOT NULL,
  `TY` varchar(255) NOT NULL,
  `STY` varchar(255) DEFAULT NULL,
  `ST` int(11) NOT NULL,
  `RSN` varchar(255) DEFAULT NULL,
  `STT` datetime(3) NOT NULL,
  `UT` datetime(3) DEFAULT NULL,
  `NR` int(11) DEFAULT NULL,
  `ON` varchar(255) DEFAULT NULL,
  `OFL` varchar(255) DEFAULT NULL,
  `CRBY` varchar(255) DEFAULT NULL,
  `META` varchar(2048) DEFAULT NULL,
  PRIMARY KEY (`JID`)
) ENGINE=InnoDB DEFAULT CHARSET=utf8;
/*!40101 SET character_set_client = @saved_cs_client */;

--
-- Dumping data for table `JOBSTATUS`
--

LOCK TABLES `JOBSTATUS` WRITE;
/*!40000 ALTER TABLE `JOBSTATUS` DISABLE KEYS */;
/*!40000 ALTER TABLE `JOBSTATUS` ENABLE KEYS */;
UNLOCK TABLES;

--
-- Table structure for table `KIOSK`
--

DROP TABLE IF EXISTS `KIOSK`;
/*!40101 SET @saved_cs_client     = @@character_set_client */;
/*!40101 SET character_set_client = utf8 */;
CREATE TABLE `KIOSK` (
  `KIOSKID` bigint(20) NOT NULL AUTO_INCREMENT,
  `BE` bit(1) DEFAULT NULL,
  `CID` varchar(255) CHARACTER SET utf8 COLLATE utf8_bin DEFAULT NULL,
  `CITY` varchar(255) CHARACTER SET utf8 COLLATE utf8_bin DEFAULT NULL,
  `COUNTRY` varchar(255) CHARACTER SET utf8 COLLATE utf8_bin DEFAULT NULL,
  `CURRENCY` varchar(255) CHARACTER SET utf8 COLLATE utf8_bin DEFAULT NULL,
  `DISTRICT` varchar(255) CHARACTER SET utf8 COLLATE utf8_bin DEFAULT NULL,
  `GACC` double DEFAULT NULL,
  `GERR` varchar(255) CHARACTER SET utf8 COLLATE utf8_bin DEFAULT NULL,
  `INVMODEL` varchar(255) CHARACTER SET utf8 COLLATE utf8_bin DEFAULT NULL,
  `LASTUPDATED` datetime DEFAULT NULL,
  `LATITUDE` double NOT NULL,
  `LONGITUDE` double NOT NULL,
  `NNAME` varchar(255) CHARACTER SET utf8 COLLATE utf8_bin DEFAULT NULL,
  `NAME` varchar(255) CHARACTER SET utf8 COLLATE utf8_bin DEFAULT NULL,
  `NLNK` int(11) DEFAULT NULL,
  `OPTIMIZATIONON` bit(1) NOT NULL,
  `ORDERINGMODE` varchar(255) CHARACTER SET utf8 COLLATE utf8_bin DEFAULT NULL,
  `PINCODE` varchar(255) CHARACTER SET utf8 COLLATE utf8_bin DEFAULT NULL,
  `PRMS` varchar(255) CHARACTER SET utf8 COLLATE utf8_bin DEFAULT NULL,
  `RGDBY` varchar(255) CHARACTER SET utf8 COLLATE utf8_bin DEFAULT NULL,
  `RTE` bit(1) DEFAULT NULL,
  `RTEV` bit(1) DEFAULT NULL,
  `SDID` bigint(20) DEFAULT NULL,
  `SERVICELEVEL` int(11) NOT NULL,
  `STATE` varchar(255) CHARACTER SET utf8 COLLATE utf8_bin DEFAULT NULL,
  `STREET` varchar(255) CHARACTER SET utf8 COLLATE utf8_bin DEFAULT NULL,
  `TALUK` varchar(255) CHARACTER SET utf8 COLLATE utf8_bin DEFAULT NULL,
  `TAX` decimal(16,4) DEFAULT NULL,
  `TIMESTAMP` datetime DEFAULT NULL,
  `TXID` varchar(255) CHARACTER SET utf8 COLLATE utf8_bin DEFAULT NULL,
  `TYPE` varchar(255) CHARACTER SET utf8 COLLATE utf8_bin DEFAULT NULL,
  `UB` varchar(255) DEFAULT NULL,
  `VERTICAL` varchar(255) CHARACTER SET utf8 COLLATE utf8_bin DEFAULT NULL,
  `ARCAT` datetime DEFAULT NULL,
  `ARCBY` varchar(255) DEFAULT NULL,
  `CPERM` int(1) DEFAULT '0',
  `VPERM` int(1) DEFAULT '0',
  `IAT` datetime DEFAULT NULL,
  `OAT` datetime DEFAULT NULL,
  `AT` datetime DEFAULT NULL,
  PRIMARY KEY (`KIOSKID`)
) ENGINE=InnoDB AUTO_INCREMENT=1344727 DEFAULT CHARSET=utf8;
/*!40101 SET character_set_client = @saved_cs_client */;

--
-- Dumping data for table `KIOSK`
--

LOCK TABLES `KIOSK` WRITE;
/*!40000 ALTER TABLE `KIOSK` DISABLE KEYS */;
INSERT INTO `KIOSK` VALUES (1344724,'','','New Delhi','IN','','',0,NULL,'','2017-05-12 23:52:13',0,0,'india country store','India Country Store',NULL,'\0','','',NULL,'superuser','\0','\0',1343726,0,'Capital Territory of Delhi','','',0.0000,'2017-04-20 14:34:55','','','superuser',NULL,NULL,NULL,0,0,'2017-04-20 15:11:23','2017-04-21 17:28:16','2017-04-20 15:11:23'),(1344725,'','','Lucknow','IN','','Lucknow',0,NULL,'','2017-05-12 23:51:34',0,0,'uttarpradesh state store','UttarPradesh State Store',NULL,'\0','','',NULL,'superuser','\0','\0',1343727,0,'Uttar Pradesh','','',0.0000,'2017-04-20 14:38:05','','','superuser',NULL,NULL,NULL,0,0,'2017-04-20 15:14:14','2017-04-21 17:27:31','2017-04-20 15:13:40'),(1344726,'','','Lucknow','IN','','Lucknow',0,NULL,'','2017-05-12 23:51:48',0,0,'lucknow village store','Lucknow Village Store',NULL,'\0','','',NULL,'superuser','\0','\0',1343727,0,'Uttar Pradesh','','',0.0000,'2017-04-20 14:50:40','','','superuser',NULL,NULL,NULL,0,0,'2017-04-20 15:09:48','2017-04-21 17:27:31','2017-04-20 15:09:48');
/*!40000 ALTER TABLE `KIOSK` ENABLE KEYS */;
UNLOCK TABLES;

--
-- Table structure for table `KIOSKLINK`
--

DROP TABLE IF EXISTS `KIOSKLINK`;
/*!40101 SET @saved_cs_client     = @@character_set_client */;
/*!40101 SET character_set_client = utf8 */;
CREATE TABLE `KIOSKLINK` (
  `KEY` varchar(255) CHARACTER SET utf8 COLLATE utf8_bin NOT NULL,
  `CBY` varchar(255) CHARACTER SET utf8 COLLATE utf8_bin DEFAULT NULL,
  `CREATEDON` datetime DEFAULT NULL,
  `CRL` decimal(16,4) DEFAULT NULL,
  `DESCRIPTION` varchar(255) CHARACTER SET utf8 COLLATE utf8_bin DEFAULT NULL,
  `KIOSKID` bigint(20) DEFAULT NULL,
  `LINKTYPE` varchar(255) CHARACTER SET utf8 COLLATE utf8_bin DEFAULT NULL,
  `LINKEDKIOSKID` bigint(20) DEFAULT NULL,
  `LKNM` varchar(255) CHARACTER SET utf8 COLLATE utf8_bin DEFAULT NULL,
  `RI` int(11) DEFAULT NULL,
  `RTG` varchar(255) CHARACTER SET utf8 COLLATE utf8_bin DEFAULT NULL,
  `SDID` bigint(20) DEFAULT NULL,
  `ARCAT` datetime DEFAULT NULL,
  `ARCBY` varchar(255) DEFAULT NULL,
  PRIMARY KEY (`KEY`),
  KEY `KIOSKLINK#2` (`KIOSKID`,`LINKTYPE`,`RI`),
  KEY `KIOSKLINK#3` (`KIOSKID`,`LINKTYPE`,`RTG`,`RI`),
  KEY `KIOSKLINK#1` (`KIOSKID`,`LINKTYPE`,`LKNM`)
) ENGINE=InnoDB DEFAULT CHARSET=utf8;
/*!40101 SET character_set_client = @saved_cs_client */;

--
-- Dumping data for table `KIOSKLINK`
--

LOCK TABLES `KIOSKLINK` WRITE;
/*!40000 ALTER TABLE `KIOSKLINK` DISABLE KEYS */;
INSERT INTO `KIOSKLINK` VALUES ('1344724.c.1344725','charan','2017-04-20 15:17:40',NULL,NULL,1344724,'c',1344725,NULL,2147483647,NULL,1343726,NULL,NULL),('1344725.c.1344726','charan','2017-04-20 15:17:52',NULL,NULL,1344725,'c',1344726,NULL,2147483647,NULL,1343726,NULL,NULL),('1344725.v.1344724','charan','2017-04-20 15:17:40',0.0000,NULL,1344725,'v',1344724,NULL,2147483647,NULL,1343726,NULL,NULL),('1344726.v.1344725','charan','2017-04-20 15:17:52',0.0000,NULL,1344726,'v',1344725,NULL,2147483647,NULL,1343726,NULL,NULL);
/*!40000 ALTER TABLE `KIOSKLINK` ENABLE KEYS */;
UNLOCK TABLES;

--
-- Table structure for table `KIOSKLINK_DOMAINS`
--

DROP TABLE IF EXISTS `KIOSKLINK_DOMAINS`;
/*!40101 SET @saved_cs_client     = @@character_set_client */;
/*!40101 SET character_set_client = utf8 */;
CREATE TABLE `KIOSKLINK_DOMAINS` (
  `KEY_OID` varchar(255) CHARACTER SET utf8 COLLATE utf8_bin NOT NULL,
  `DOMAIN_ID` bigint(20) DEFAULT NULL,
  `IDX` int(11) NOT NULL,
  PRIMARY KEY (`KEY_OID`,`IDX`),
  KEY `KIOSKLINK_DOMAINS_N49` (`KEY_OID`)
) ENGINE=InnoDB DEFAULT CHARSET=utf8;
/*!40101 SET character_set_client = @saved_cs_client */;

--
-- Dumping data for table `KIOSKLINK_DOMAINS`
--

LOCK TABLES `KIOSKLINK_DOMAINS` WRITE;
/*!40000 ALTER TABLE `KIOSKLINK_DOMAINS` DISABLE KEYS */;
INSERT INTO `KIOSKLINK_DOMAINS` VALUES ('1344724.c.1344725',1343726,0),('1344724.c.1344725',1343727,1),('1344725.c.1344726',1343726,0),('1344725.c.1344726',1343727,1),('1344725.v.1344724',1343726,0),('1344725.v.1344724',1343727,1),('1344726.v.1344725',1343726,0),('1344726.v.1344725',1343727,1);
/*!40000 ALTER TABLE `KIOSKLINK_DOMAINS` ENABLE KEYS */;
UNLOCK TABLES;

--
-- Table structure for table `KIOSKTOPOOLGROUP`
--

DROP TABLE IF EXISTS `KIOSKTOPOOLGROUP`;
/*!40101 SET @saved_cs_client     = @@character_set_client */;
/*!40101 SET character_set_client = utf8 */;
CREATE TABLE `KIOSKTOPOOLGROUP` (
  `KIOSKTOPOOLGROUPID` bigint(20) NOT NULL AUTO_INCREMENT,
  `DID` bigint(20) DEFAULT NULL,
  `KIOSKID` bigint(20) DEFAULT NULL,
  `POOLGROUPID` bigint(20) DEFAULT NULL,
  `ARCAT` datetime DEFAULT NULL,
  `ARCBY` varchar(255) DEFAULT NULL,
  PRIMARY KEY (`KIOSKTOPOOLGROUPID`)
) ENGINE=InnoDB DEFAULT CHARSET=utf8;
/*!40101 SET character_set_client = @saved_cs_client */;

--
-- Dumping data for table `KIOSKTOPOOLGROUP`
--

LOCK TABLES `KIOSKTOPOOLGROUP` WRITE;
/*!40000 ALTER TABLE `KIOSKTOPOOLGROUP` DISABLE KEYS */;
/*!40000 ALTER TABLE `KIOSKTOPOOLGROUP` ENABLE KEYS */;
UNLOCK TABLES;

--
-- Table structure for table `KIOSK_DOMAINS`
--

DROP TABLE IF EXISTS `KIOSK_DOMAINS`;
/*!40101 SET @saved_cs_client     = @@character_set_client */;
/*!40101 SET character_set_client = utf8 */;
CREATE TABLE `KIOSK_DOMAINS` (
  `KIOSKID_OID` bigint(20) NOT NULL,
  `DOMAIN_ID` bigint(20) DEFAULT NULL,
  `IDX` int(11) NOT NULL,
  PRIMARY KEY (`KIOSKID_OID`,`IDX`),
  KEY `KIOSK_DOMAINS_N49` (`KIOSKID_OID`)
) ENGINE=InnoDB DEFAULT CHARSET=utf8;
/*!40101 SET character_set_client = @saved_cs_client */;

--
-- Dumping data for table `KIOSK_DOMAINS`
--

LOCK TABLES `KIOSK_DOMAINS` WRITE;
/*!40000 ALTER TABLE `KIOSK_DOMAINS` DISABLE KEYS */;
INSERT INTO `KIOSK_DOMAINS` VALUES (1344724,1343726,0),(1344725,1343727,0),(1344725,1343726,1),(1344726,1343727,0),(1344726,1343726,1);
/*!40000 ALTER TABLE `KIOSK_DOMAINS` ENABLE KEYS */;
UNLOCK TABLES;

--
-- Table structure for table `KIOSK_TAGS`
--

DROP TABLE IF EXISTS `KIOSK_TAGS`;
/*!40101 SET @saved_cs_client     = @@character_set_client */;
/*!40101 SET character_set_client = utf8 */;
CREATE TABLE `KIOSK_TAGS` (
  `KIOSKID` bigint(20) NOT NULL,
  `ID` bigint(20) DEFAULT NULL,
  `IDX` int(11) NOT NULL,
  PRIMARY KEY (`KIOSKID`,`IDX`),
  KEY `KIOSK_TAGS_N49` (`ID`),
  KEY `KIOSK_TAGS_N50` (`KIOSKID`)
) ENGINE=InnoDB DEFAULT CHARSET=utf8;
/*!40101 SET character_set_client = @saved_cs_client */;

--
-- Dumping data for table `KIOSK_TAGS`
--

LOCK TABLES `KIOSK_TAGS` WRITE;
/*!40000 ALTER TABLE `KIOSK_TAGS` DISABLE KEYS */;
INSERT INTO `KIOSK_TAGS` VALUES (1344724,361,0),(1344726,362,0),(1344725,363,0);
/*!40000 ALTER TABLE `KIOSK_TAGS` ENABLE KEYS */;
UNLOCK TABLES;

--
-- Table structure for table `MATERIAL`
--

DROP TABLE IF EXISTS `MATERIAL`;
/*!40101 SET @saved_cs_client     = @@character_set_client */;
/*!40101 SET character_set_client = utf8 */;
CREATE TABLE `MATERIAL` (
  `MATERIALID` bigint(20) NOT NULL AUTO_INCREMENT,
  `CB` varchar(255) DEFAULT NULL,
  `UB` varchar(255) DEFAULT NULL,
  `BM` bit(1) DEFAULT NULL,
  `CID` varchar(255) CHARACTER SET utf8 COLLATE utf8_bin DEFAULT NULL,
  `CURRENCY` varchar(255) CHARACTER SET utf8 COLLATE utf8_bin DEFAULT NULL,
  `DESCRIPTION` varchar(255) CHARACTER SET utf8 COLLATE utf8_bin DEFAULT NULL,
  `DISPINFO` bit(1) DEFAULT NULL,
  `DTY` varchar(255) CHARACTER SET utf8 COLLATE utf8_bin DEFAULT NULL,
  `IDTYPE` varchar(255) CHARACTER SET utf8 COLLATE utf8_bin DEFAULT NULL,
  `IDVALUE` varchar(255) CHARACTER SET utf8 COLLATE utf8_bin DEFAULT NULL,
  `IMAGEPATH` varchar(255) CHARACTER SET utf8 COLLATE utf8_bin DEFAULT NULL,
  `INFO` varchar(400) CHARACTER SET utf8 COLLATE utf8_bin DEFAULT NULL,
  `LASTUPDATED` datetime DEFAULT NULL,
  `MBM` bit(1) DEFAULT NULL,
  `NAME` varchar(255) CHARACTER SET utf8 COLLATE utf8_bin DEFAULT NULL,
  `RETAILPRICE` decimal(16,4) DEFAULT NULL,
  `RETAILERPRICE` decimal(16,4) DEFAULT NULL,
  `SALEPRICE` decimal(16,4) DEFAULT NULL,
  `SCODE` varchar(255) CHARACTER SET utf8 COLLATE utf8_bin DEFAULT NULL,
  `SDID` bigint(20) DEFAULT NULL,
  `SEASONAL` bit(1) DEFAULT NULL,
  `SNAME` varchar(255) CHARACTER SET utf8 COLLATE utf8_bin DEFAULT NULL,
  `TIMESTAMP` datetime DEFAULT NULL,
  `TMAX` float DEFAULT NULL,
  `TMIN` float DEFAULT NULL,
  `TMP` bit(1) DEFAULT NULL,
  `UNAME` varchar(255) CHARACTER SET utf8 COLLATE utf8_bin DEFAULT NULL,
  `VERTICAL` varchar(255) CHARACTER SET utf8 COLLATE utf8_bin DEFAULT NULL,
  `ARCAT` datetime DEFAULT NULL,
  `ARCBY` varchar(255) DEFAULT NULL,
  PRIMARY KEY (`MATERIALID`)
) ENGINE=InnoDB AUTO_INCREMENT=3345736 DEFAULT CHARSET=utf8;
/*!40101 SET character_set_client = @saved_cs_client */;

--
-- Dumping data for table `MATERIAL`
--

LOCK TABLES `MATERIAL` WRITE;
/*!40000 ALTER TABLE `MATERIAL` DISABLE KEYS */;
INSERT INTO `MATERIAL` VALUES (3345724,'sadiq','charan','\0',NULL,'INR',NULL,'',NULL,NULL,NULL,NULL,NULL,'2017-04-20 15:02:51','\0','BCG (dose)',0.0000,0.0000,0.0000,'1',1343726,'\0',NULL,'2017-04-20 14:56:41',0,0,'\0','bcg (dose)',NULL,NULL,NULL),(3345725,'sadiq','charan','',NULL,'INR',NULL,'',NULL,NULL,NULL,NULL,NULL,'2017-04-20 15:03:09','','BCG diluent (dose)',0.0000,0.0000,0.0000,'2',1343726,'\0',NULL,'2017-04-20 14:56:49',0,0,'\0','bcg diluent (dose)',NULL,NULL,NULL),(3345726,'sadiq','sadiq','','','INR','','',NULL,NULL,NULL,NULL,'','2017-04-20 15:02:26',NULL,'Hepatitis B (dose)',0.0000,NULL,NULL,'3',1343726,'\0','','2017-04-20 15:02:26',8,2,'','hepatitis b (dose)',NULL,NULL,NULL),(3345727,'sadiq','sadiq','','','INR','','',NULL,NULL,NULL,NULL,'','2017-04-20 15:02:26',NULL,'JE diluent (dose)',0.0000,NULL,NULL,'4',1343726,'\0','','2017-04-20 15:02:26',8,2,'','je diluent (dose)',NULL,NULL,NULL),(3345728,'sadiq','sadiq','','','INR','','',NULL,NULL,NULL,NULL,'','2017-04-20 15:02:26',NULL,'JE CAMPAIGN (dose)',0.0000,NULL,NULL,'5',1343726,'\0','','2017-04-20 15:02:26',8,2,'','je campaign (dose)',NULL,NULL,NULL),(3345729,'sadiq','sadiq','','','INR','','',NULL,NULL,NULL,NULL,'','2017-04-20 15:02:27',NULL,'Measles (dose)',0.0000,NULL,NULL,'6',1343726,'\0','','2017-04-20 15:02:27',8,2,'','measles (dose)',NULL,NULL,NULL),(3345730,'sadiq','sadiq','','','INR','','',NULL,NULL,NULL,NULL,'','2017-04-20 15:02:27',NULL,'Measles CAMPAIGN (dose)',0.0000,NULL,NULL,'7',1343726,'\0','','2017-04-20 15:02:27',8,2,'','measles campaign (dose)',NULL,NULL,NULL),(3345731,'sadiq','sadiq','','','INR','','',NULL,NULL,NULL,NULL,'','2017-04-20 15:02:28',NULL,'Measles diluent (dose)',0.0000,NULL,NULL,'8',1343726,'\0','','2017-04-20 15:02:28',8,2,'','measles diluent (dose)',NULL,NULL,NULL),(3345732,'sadiq','sadiq','\0','','INR','','',NULL,NULL,NULL,NULL,'','2017-04-20 15:02:28',NULL,'OPEN DPT (vial)',0.0000,NULL,NULL,'9',1343726,'\0','','2017-04-20 15:02:28',NULL,NULL,'\0','open dpt (vial)',NULL,NULL,NULL),(3345733,'sadiq','sadiq','\0','','INR','','',NULL,NULL,NULL,NULL,'','2017-04-20 15:02:28',NULL,'OPEN Hepatitis B (vial)',0.0000,NULL,NULL,'10',1343726,'\0','','2017-04-20 15:02:28',NULL,NULL,'\0','open hepatitis b (vial)',NULL,NULL,NULL),(3345734,'sadiq','sadiq','\0','','INR','','',NULL,NULL,NULL,NULL,'','2017-04-20 15:02:28',NULL,'OPEN IPV (vial)',0.0000,NULL,NULL,'11',1343726,'\0','','2017-04-20 15:02:28',NULL,NULL,'\0','open ipv (vial)',NULL,NULL,NULL),(3345735,'sadiq','sadiq','\0','','INR','','',NULL,NULL,NULL,NULL,'','2017-04-20 15:02:28',NULL,'OPEN Pentavalent (vial)',0.0000,NULL,NULL,'12',1343726,'\0','','2017-04-20 15:02:28',NULL,NULL,'\0','open pentavalent (vial)',NULL,NULL,NULL);
/*!40000 ALTER TABLE `MATERIAL` ENABLE KEYS */;
UNLOCK TABLES;

--
-- Table structure for table `MATERIAL_DOMAINS`
--

DROP TABLE IF EXISTS `MATERIAL_DOMAINS`;
/*!40101 SET @saved_cs_client     = @@character_set_client */;
/*!40101 SET character_set_client = utf8 */;
CREATE TABLE `MATERIAL_DOMAINS` (
  `MATERIALID_OID` bigint(20) NOT NULL,
  `DOMAIN_ID` bigint(20) DEFAULT NULL,
  `IDX` int(11) NOT NULL,
  PRIMARY KEY (`MATERIALID_OID`,`IDX`),
  KEY `MATERIAL_DOMAINS_N49` (`MATERIALID_OID`)
) ENGINE=InnoDB DEFAULT CHARSET=utf8;
/*!40101 SET character_set_client = @saved_cs_client */;

--
-- Dumping data for table `MATERIAL_DOMAINS`
--

LOCK TABLES `MATERIAL_DOMAINS` WRITE;
/*!40000 ALTER TABLE `MATERIAL_DOMAINS` DISABLE KEYS */;
INSERT INTO `MATERIAL_DOMAINS` VALUES (3345724,1343726,0),(3345724,1343727,1),(3345725,1343726,0),(3345725,1343727,1),(3345726,1343726,0),(3345726,1343727,1),(3345727,1343726,0),(3345727,1343727,1),(3345728,1343726,0),(3345728,1343727,1),(3345729,1343726,0),(3345729,1343727,1),(3345730,1343726,0),(3345730,1343727,1),(3345731,1343726,0),(3345731,1343727,1),(3345732,1343726,0),(3345732,1343727,1),(3345733,1343726,0),(3345733,1343727,1),(3345734,1343726,0),(3345734,1343727,1),(3345735,1343726,0),(3345735,1343727,1);
/*!40000 ALTER TABLE `MATERIAL_DOMAINS` ENABLE KEYS */;
UNLOCK TABLES;

--
-- Table structure for table `MATERIAL_TAGS`
--

DROP TABLE IF EXISTS `MATERIAL_TAGS`;
/*!40101 SET @saved_cs_client     = @@character_set_client */;
/*!40101 SET character_set_client = utf8 */;
CREATE TABLE `MATERIAL_TAGS` (
  `MATERIALID` bigint(20) NOT NULL,
  `ID` bigint(20) DEFAULT NULL,
  `IDX` int(11) NOT NULL,
  PRIMARY KEY (`MATERIALID`,`IDX`),
  KEY `MATERIAL_TAGS_N49` (`ID`),
  KEY `MATERIAL_TAGS_N50` (`MATERIALID`)
) ENGINE=InnoDB DEFAULT CHARSET=utf8;
/*!40101 SET character_set_client = @saved_cs_client */;

--
-- Dumping data for table `MATERIAL_TAGS`
--

LOCK TABLES `MATERIAL_TAGS` WRITE;
/*!40000 ALTER TABLE `MATERIAL_TAGS` DISABLE KEYS */;
INSERT INTO `MATERIAL_TAGS` VALUES (3345724,359,0),(3345725,359,0),(3345726,359,0),(3345727,359,0),(3345728,359,0),(3345729,359,0),(3345730,359,0),(3345731,359,0),(3345732,360,0),(3345733,360,0),(3345734,360,0),(3345735,360,0);
/*!40000 ALTER TABLE `MATERIAL_TAGS` ENABLE KEYS */;
UNLOCK TABLES;

--
-- Table structure for table `MEDIA`
--

DROP TABLE IF EXISTS `MEDIA`;
/*!40101 SET @saved_cs_client     = @@character_set_client */;
/*!40101 SET character_set_client = utf8 */;
CREATE TABLE `MEDIA` (
  `ID` bigint(20) NOT NULL AUTO_INCREMENT,
  `DOMAINKEY` varchar(255) CHARACTER SET utf8 COLLATE utf8_bin DEFAULT NULL,
  `MEDIATYPE` varchar(255) CHARACTER SET utf8 COLLATE utf8_bin DEFAULT NULL,
  `NAMESPACEID` varchar(255) CHARACTER SET utf8 COLLATE utf8_bin DEFAULT NULL,
  `SERVINGURL` varchar(255) CHARACTER SET utf8 COLLATE utf8_bin DEFAULT NULL,
  `UPLOADTIME` datetime DEFAULT NULL,
  PRIMARY KEY (`ID`)
) ENGINE=InnoDB DEFAULT CHARSET=utf8;
/*!40101 SET character_set_client = @saved_cs_client */;

--
-- Dumping data for table `MEDIA`
--

LOCK TABLES `MEDIA` WRITE;
/*!40000 ALTER TABLE `MEDIA` DISABLE KEYS */;
/*!40000 ALTER TABLE `MEDIA` ENABLE KEYS */;
UNLOCK TABLES;

--
-- Table structure for table `MESSAGE`
--

DROP TABLE IF EXISTS `MESSAGE`;
/*!40101 SET @saved_cs_client     = @@character_set_client */;
/*!40101 SET character_set_client = utf8 */;
CREATE TABLE `MESSAGE` (
  `MESSAGEID` varchar(255) CHARACTER SET utf8 COLLATE utf8_bin NOT NULL,
  `CONVERSATIONID` varchar(255) CHARACTER SET utf8 COLLATE utf8_bin DEFAULT NULL,
  `CREATEDATE` datetime DEFAULT NULL,
  `MESSAGE` varchar(2048) CHARACTER SET utf8 COLLATE utf8_bin DEFAULT NULL,
  `UPDATEDATE` datetime DEFAULT NULL,
  `USERID` varchar(255) CHARACTER SET utf8 COLLATE utf8_bin DEFAULT NULL,
  PRIMARY KEY (`MESSAGEID`)
) ENGINE=InnoDB DEFAULT CHARSET=utf8;
/*!40101 SET character_set_client = @saved_cs_client */;

--
-- Dumping data for table `MESSAGE`
--

LOCK TABLES `MESSAGE` WRITE;
/*!40000 ALTER TABLE `MESSAGE` DISABLE KEYS */;
/*!40000 ALTER TABLE `MESSAGE` ENABLE KEYS */;
UNLOCK TABLES;

--
-- Table structure for table `MESSAGELOG`
--

DROP TABLE IF EXISTS `MESSAGELOG`;
/*!40101 SET @saved_cs_client     = @@character_set_client */;
/*!40101 SET character_set_client = utf8 */;
CREATE TABLE `MESSAGELOG` (
  `KEY` varchar(255) CHARACTER SET utf8 COLLATE utf8_bin NOT NULL,
  `ADR` varchar(255) CHARACTER SET utf8 COLLATE utf8_bin DEFAULT NULL,
  `AST` int(11) DEFAULT NULL,
  `DID` bigint(20) DEFAULT NULL,
  `DT` datetime DEFAULT NULL,
  `MSG` varchar(255) CHARACTER SET utf8 COLLATE utf8_bin DEFAULT NULL,
  `PID` varchar(255) CHARACTER SET utf8 COLLATE utf8_bin DEFAULT NULL,
  `ST` varchar(255) CHARACTER SET utf8 COLLATE utf8_bin DEFAULT NULL,
  `SUID` varchar(255) CHARACTER SET utf8 COLLATE utf8_bin DEFAULT NULL,
  `T` datetime DEFAULT NULL,
  `TY` varchar(255) CHARACTER SET utf8 COLLATE utf8_bin DEFAULT NULL,
  `UID` varchar(255) CHARACTER SET utf8 COLLATE utf8_bin DEFAULT NULL,
  `NOTIF` int(11) DEFAULT '0',
  `EVENTTYPE` varchar(400) DEFAULT NULL,
  PRIMARY KEY (`KEY`),
  KEY `MESSAGELOG#1` (`SUID`,`T`),
  KEY `MESSAGELOG#2` (`DID`,`T`)
) ENGINE=InnoDB DEFAULT CHARSET=utf8;
/*!40101 SET character_set_client = @saved_cs_client */;

--
-- Dumping data for table `MESSAGELOG`
--

LOCK TABLES `MESSAGELOG` WRITE;
/*!40000 ALTER TABLE `MESSAGELOG` DISABLE KEYS */;
/*!40000 ALTER TABLE `MESSAGELOG` ENABLE KEYS */;
UNLOCK TABLES;

--
-- Table structure for table `MNLTRANSACTION`
--

DROP TABLE IF EXISTS `MNLTRANSACTION`;
/*!40101 SET @saved_cs_client     = @@character_set_client */;
/*!40101 SET character_set_client = utf8 */;
CREATE TABLE `MNLTRANSACTION` (
  `KEY` bigint(20) NOT NULL AUTO_INCREMENT,
  `CCR` decimal(16,4) DEFAULT NULL,
  `COQ` decimal(16,4) DEFAULT NULL,
  `DQ` decimal(16,4) DEFAULT NULL,
  `IQ` decimal(16,4) DEFAULT NULL,
  `KID` bigint(20) DEFAULT NULL,
  `MID` bigint(20) DEFAULT NULL,
  `MCR` decimal(16,4) DEFAULT NULL,
  `MOQ` decimal(16,4) DEFAULT NULL,
  `OLDTGS` mediumblob,
  `OS` decimal(16,4) DEFAULT NULL,
  `RP` datetime DEFAULT NULL,
  `RQ` decimal(16,4) DEFAULT NULL,
  `SDID` bigint(20) DEFAULT NULL,
  `SOD` int(11) DEFAULT NULL,
  `T` datetime DEFAULT NULL,
  `UID` varchar(255) CHARACTER SET utf8 COLLATE utf8_bin DEFAULT NULL,
  `VID` bigint(20) DEFAULT NULL,
  PRIMARY KEY (`KEY`),
  KEY `MNLTRANSACTION#2` (`KID`,`RP`)
) ENGINE=InnoDB DEFAULT CHARSET=utf8;
/*!40101 SET character_set_client = @saved_cs_client */;

--
-- Dumping data for table `MNLTRANSACTION`
--

LOCK TABLES `MNLTRANSACTION` WRITE;
/*!40000 ALTER TABLE `MNLTRANSACTION` DISABLE KEYS */;
/*!40000 ALTER TABLE `MNLTRANSACTION` ENABLE KEYS */;
UNLOCK TABLES;

--
-- Table structure for table `MNLTRANSACTION_DOMAINS`
--

DROP TABLE IF EXISTS `MNLTRANSACTION_DOMAINS`;
/*!40101 SET @saved_cs_client     = @@character_set_client */;
/*!40101 SET character_set_client = utf8 */;
CREATE TABLE `MNLTRANSACTION_DOMAINS` (
  `KEY_OID` bigint(20) NOT NULL,
  `DOMAIN_ID` bigint(20) DEFAULT NULL,
  `IDX` int(11) NOT NULL,
  PRIMARY KEY (`KEY_OID`,`IDX`),
  KEY `MNLTRANSACTION_DOMAINS_N49` (`KEY_OID`)
) ENGINE=InnoDB DEFAULT CHARSET=utf8;
/*!40101 SET character_set_client = @saved_cs_client */;

--
-- Dumping data for table `MNLTRANSACTION_DOMAINS`
--

LOCK TABLES `MNLTRANSACTION_DOMAINS` WRITE;
/*!40000 ALTER TABLE `MNLTRANSACTION_DOMAINS` DISABLE KEYS */;
/*!40000 ALTER TABLE `MNLTRANSACTION_DOMAINS` ENABLE KEYS */;
UNLOCK TABLES;

--
-- Table structure for table `MNLTRANSACTION_OTAGS`
--

DROP TABLE IF EXISTS `MNLTRANSACTION_OTAGS`;
/*!40101 SET @saved_cs_client     = @@character_set_client */;
/*!40101 SET character_set_client = utf8 */;
CREATE TABLE `MNLTRANSACTION_OTAGS` (
  `KEY` bigint(20) NOT NULL,
  `ID` bigint(20) DEFAULT NULL,
  `IDX` int(11) NOT NULL,
  PRIMARY KEY (`KEY`,`IDX`),
  KEY `MNLTRANSACTION_OTAGS_N50` (`KEY`),
  KEY `MNLTRANSACTION_OTAGS_N49` (`ID`)
) ENGINE=InnoDB DEFAULT CHARSET=utf8;
/*!40101 SET character_set_client = @saved_cs_client */;

--
-- Dumping data for table `MNLTRANSACTION_OTAGS`
--

LOCK TABLES `MNLTRANSACTION_OTAGS` WRITE;
/*!40000 ALTER TABLE `MNLTRANSACTION_OTAGS` DISABLE KEYS */;
/*!40000 ALTER TABLE `MNLTRANSACTION_OTAGS` ENABLE KEYS */;
UNLOCK TABLES;

--
-- Table structure for table `MULTIPARTMSG`
--

DROP TABLE IF EXISTS `MULTIPARTMSG`;
/*!40101 SET @saved_cs_client     = @@character_set_client */;
/*!40101 SET character_set_client = utf8 */;
CREATE TABLE `MULTIPARTMSG` (
  `ID` varchar(255) CHARACTER SET utf8 COLLATE utf8_bin NOT NULL,
  `CCODE` varchar(255) CHARACTER SET utf8 COLLATE utf8_bin DEFAULT NULL,
  `MS` varchar(255) CHARACTER SET utf8 COLLATE utf8_bin DEFAULT NULL,
  `T` datetime DEFAULT NULL,
  PRIMARY KEY (`ID`)
) ENGINE=InnoDB DEFAULT CHARSET=utf8;
/*!40101 SET character_set_client = @saved_cs_client */;

--
-- Dumping data for table `MULTIPARTMSG`
--

LOCK TABLES `MULTIPARTMSG` WRITE;
/*!40000 ALTER TABLE `MULTIPARTMSG` DISABLE KEYS */;
/*!40000 ALTER TABLE `MULTIPARTMSG` ENABLE KEYS */;
UNLOCK TABLES;

--
-- Table structure for table `OPTIMIZERLOG`
--

DROP TABLE IF EXISTS `OPTIMIZERLOG`;
/*!40101 SET @saved_cs_client     = @@character_set_client */;
/*!40101 SET character_set_client = utf8 */;
CREATE TABLE `OPTIMIZERLOG` (
  `KEY` bigint(20) NOT NULL AUTO_INCREMENT,
  `DID` bigint(20) DEFAULT NULL,
  `E` datetime DEFAULT NULL,
  `INIDS` varchar(255) CHARACTER SET utf8 COLLATE utf8_bin DEFAULT NULL,
  `MSG` varchar(2048) DEFAULT NULL,
  `N` int(11) NOT NULL,
  `S` datetime DEFAULT NULL,
  `TY` varchar(255) CHARACTER SET utf8 COLLATE utf8_bin DEFAULT NULL,
  PRIMARY KEY (`KEY`),
  KEY `OPTIMIZERLOG` (`TY`,`S`)
) ENGINE=InnoDB DEFAULT CHARSET=utf8;
/*!40101 SET character_set_client = @saved_cs_client */;

--
-- Dumping data for table `OPTIMIZERLOG`
--

LOCK TABLES `OPTIMIZERLOG` WRITE;
/*!40000 ALTER TABLE `OPTIMIZERLOG` DISABLE KEYS */;
/*!40000 ALTER TABLE `OPTIMIZERLOG` ENABLE KEYS */;
UNLOCK TABLES;

--
-- Table structure for table `ORDER`
--

DROP TABLE IF EXISTS `ORDER`;
/*!40101 SET @saved_cs_client     = @@character_set_client */;
/*!40101 SET character_set_client = utf8 */;
CREATE TABLE `ORDER` (
  `ID` bigint(20) NOT NULL AUTO_INCREMENT,
  `AST` int(11) DEFAULT NULL,
  `CON` datetime DEFAULT NULL,
  `CFTE` datetime DEFAULT NULL,
  `CFTS` datetime DEFAULT NULL,
  `CR` varchar(255) CHARACTER SET utf8 COLLATE utf8_bin DEFAULT NULL,
  `DLT` bigint(20) DEFAULT NULL,
  `DSC` decimal(16,4) DEFAULT NULL,
  `DTYP` int(11) DEFAULT NULL,
  `EFTS` varchar(255) CHARACTER SET utf8 COLLATE utf8_bin DEFAULT NULL,
  `FLDS` varchar(255) CHARACTER SET utf8 COLLATE utf8_bin DEFAULT NULL,
  `GACC` double DEFAULT NULL,
  `GERR` varchar(255) CHARACTER SET utf8 COLLATE utf8_bin DEFAULT NULL,
  `KID` bigint(20) DEFAULT NULL,
  `LN` double DEFAULT NULL,
  `LT` double DEFAULT NULL,
  `MS` varchar(2048) DEFAULT NULL,
  `PD` decimal(16,4) DEFAULT NULL,
  `PDS` varchar(255) CHARACTER SET utf8 COLLATE utf8_bin DEFAULT NULL,
  `PH` varchar(255) CHARACTER SET utf8 COLLATE utf8_bin DEFAULT NULL,
  `POPT` varchar(255) CHARACTER SET utf8 COLLATE utf8_bin DEFAULT NULL,
  `PT` bigint(20) DEFAULT NULL,
  `SDID` bigint(20) DEFAULT NULL,
  `SKID` bigint(20) DEFAULT NULL,
  `ST` varchar(255) CHARACTER SET utf8 COLLATE utf8_bin DEFAULT NULL,
  `STON` datetime DEFAULT NULL,
  `TP` decimal(16,4) DEFAULT NULL,
  `TX` decimal(16,4) DEFAULT NULL,
  `UID` varchar(255) CHARACTER SET utf8 COLLATE utf8_bin DEFAULT NULL,
  `UON` datetime DEFAULT NULL,
  `UUID` varchar(255) CHARACTER SET utf8 COLLATE utf8_bin DEFAULT NULL,
  `ARCAT` datetime DEFAULT NULL,
  `ARCBY` varchar(255) DEFAULT NULL,
  `RID` varchar(50) DEFAULT NULL,
  `OTY` int(1) DEFAULT '1',
  `EDD` datetime DEFAULT NULL,
  `EAD` datetime DEFAULT NULL,
  `NOI` int(11) DEFAULT NULL,
  `CDRSN` varchar(255) DEFAULT NULL,
  PRIMARY KEY (`ID`),
  KEY `ORDER#8` (`SKID`,`ST`,`CON`),
  KEY `ORDER#10` (`UID`,`CON`),
  KEY `ORDER#7` (`SKID`,`CON`),
  KEY `ORDER#6` (`KID`,`ST`,`CON`),
  KEY `ORDER#5` (`KID`,`CON`)
) ENGINE=InnoDB AUTO_INCREMENT=16 DEFAULT CHARSET=utf8;
/*!40101 SET character_set_client = @saved_cs_client */;

--
-- Dumping data for table `ORDER`
--

LOCK TABLES `ORDER` WRITE;
/*!40000 ALTER TABLE `ORDER` DISABLE KEYS */;
INSERT INTO `ORDER` VALUES (1,NULL,'2017-04-21 17:27:31',NULL,NULL,'',NULL,NULL,NULL,NULL,NULL,NULL,NULL,1344726,NULL,NULL,NULL,NULL,NULL,NULL,NULL,65893,1343726,1344725,'cm','2017-04-21 18:10:59',0.0000,0.0000,'superuser','2017-04-21 18:10:59','sadiq',NULL,NULL,NULL,1,NULL,NULL,2,NULL),(2,NULL,'2017-04-21 17:28:16',NULL,NULL,'',NULL,NULL,NULL,NULL,NULL,NULL,NULL,1344725,NULL,NULL,NULL,NULL,NULL,NULL,NULL,NULL,1343726,1344724,'pn','2017-04-21 17:28:16',0.0000,0.0000,'superuser','2017-04-21 17:28:16','sadiq',NULL,NULL,NULL,1,NULL,NULL,2,NULL),(3,NULL,'2017-04-21 17:28:39',NULL,NULL,'',NULL,NULL,NULL,NULL,NULL,NULL,NULL,1344726,NULL,NULL,NULL,NULL,NULL,NULL,NULL,NULL,1343726,1344725,'pn','2017-04-21 17:28:39',0.0000,0.0000,'superuser','2017-04-21 17:28:39','sadiq',NULL,NULL,NULL,1,NULL,NULL,2,NULL),(4,NULL,'2017-04-21 17:29:02',NULL,NULL,'',214542,NULL,NULL,NULL,NULL,NULL,NULL,1344726,NULL,NULL,NULL,NULL,NULL,NULL,NULL,2565998,1343726,1344725,'fl','2017-04-21 18:15:23',0.0000,0.0000,'superuser','2017-04-21 18:15:23','sadiq',NULL,NULL,NULL,1,NULL,NULL,2,NULL),(5,NULL,'2017-04-21 17:29:54',NULL,NULL,'',NULL,NULL,NULL,NULL,NULL,NULL,NULL,1344725,NULL,NULL,NULL,NULL,NULL,NULL,NULL,2868794,1343726,1344724,'cm','2017-04-21 18:17:42',0.0000,0.0000,'superuser','2017-04-21 18:17:42','sadiq',NULL,NULL,NULL,1,NULL,NULL,2,NULL),(6,NULL,'2017-04-21 17:30:50',NULL,NULL,'',142453,NULL,NULL,NULL,NULL,NULL,NULL,1344725,NULL,NULL,NULL,NULL,NULL,NULL,NULL,2544468,1343726,1344724,'fl','2017-04-21 18:15:37',0.0000,0.0000,'superuser','2017-04-21 18:15:37','sadiq',NULL,NULL,NULL,1,NULL,NULL,2,NULL),(7,NULL,'2017-04-21 17:31:20',NULL,NULL,'',NULL,NULL,NULL,NULL,NULL,NULL,NULL,1344725,NULL,NULL,NULL,NULL,NULL,NULL,NULL,NULL,1343726,1344724,'pn','2017-04-21 17:31:20',0.0000,0.0000,'superuser','2017-04-21 17:31:20','sadiq',NULL,NULL,NULL,1,NULL,NULL,2,NULL),(8,NULL,'2017-04-21 17:31:42',NULL,NULL,'',192544,NULL,NULL,NULL,NULL,NULL,NULL,1344726,NULL,NULL,NULL,NULL,NULL,NULL,NULL,2455711,1343726,1344725,'fl','2017-04-21 18:15:50',0.0000,0.0000,'superuser','2017-04-21 18:15:50','sadiq',NULL,NULL,NULL,1,NULL,NULL,2,NULL),(9,NULL,'2017-04-21 17:32:13',NULL,NULL,'',NULL,NULL,NULL,NULL,NULL,NULL,NULL,1344726,NULL,NULL,NULL,NULL,NULL,NULL,NULL,NULL,1343726,1344725,'pn','2017-04-21 17:32:13',0.0000,0.0000,'superuser','2017-04-21 17:32:13','sadiq',NULL,NULL,NULL,1,NULL,NULL,2,NULL),(10,NULL,'2017-04-21 17:33:09',NULL,NULL,'',NULL,NULL,NULL,NULL,NULL,NULL,NULL,1344725,NULL,NULL,NULL,NULL,NULL,NULL,NULL,2645372,1343726,1344724,'cm','2017-04-21 18:17:15',0.0000,0.0000,'superuser','2017-04-21 18:17:15','sadiq',NULL,NULL,NULL,1,NULL,NULL,12,NULL),(11,NULL,'2017-04-21 17:35:06',NULL,NULL,'',NULL,NULL,NULL,NULL,NULL,NULL,NULL,1344726,NULL,NULL,NULL,NULL,NULL,NULL,NULL,2620572,1343726,1344724,'cm','2017-04-21 18:18:46',0.0000,0.0000,'superuser','2017-04-21 18:18:46','sadiq',NULL,NULL,NULL,0,NULL,'2017-04-22 00:00:00',9,NULL),(12,NULL,'2017-04-21 17:35:41',NULL,NULL,'',167512,NULL,NULL,NULL,NULL,NULL,NULL,1344726,NULL,NULL,NULL,NULL,NULL,NULL,NULL,2366847,1343726,1344725,'fl','2017-04-21 18:17:55',0.0000,0.0000,'superuser','2017-04-21 18:17:55','sadiq',NULL,NULL,NULL,0,NULL,NULL,5,NULL),(13,NULL,'2017-04-21 17:36:18',NULL,NULL,'',NULL,NULL,NULL,NULL,NULL,NULL,NULL,1344725,NULL,NULL,NULL,NULL,NULL,NULL,NULL,NULL,1343726,1344724,'pn','2017-04-21 17:36:18',0.0000,0.0000,'superuser','2017-04-21 17:36:18','sadiq',NULL,NULL,NULL,0,NULL,NULL,5,NULL),(14,NULL,'2017-04-21 17:36:58',NULL,NULL,'',9909,NULL,NULL,NULL,NULL,NULL,NULL,1344726,NULL,NULL,NULL,NULL,NULL,NULL,NULL,2225156,1343726,1344725,'fl','2017-04-21 18:14:13',0.0000,0.0000,'superuser','2017-04-21 18:14:13','sadiq',NULL,NULL,NULL,0,NULL,NULL,5,NULL),(15,NULL,'2017-04-21 17:38:34',NULL,NULL,'',NULL,NULL,NULL,NULL,NULL,NULL,NULL,1344725,NULL,NULL,NULL,NULL,NULL,NULL,NULL,2446181,1343726,1344724,'cm','2017-04-21 18:19:20',0.0000,0.0000,'superuser','2017-04-21 18:19:20','sadiq',NULL,NULL,NULL,0,NULL,NULL,2,NULL);
/*!40000 ALTER TABLE `ORDER` ENABLE KEYS */;
UNLOCK TABLES;

--
-- Table structure for table `ORDER_DOMAINS`
--

DROP TABLE IF EXISTS `ORDER_DOMAINS`;
/*!40101 SET @saved_cs_client     = @@character_set_client */;
/*!40101 SET character_set_client = utf8 */;
CREATE TABLE `ORDER_DOMAINS` (
  `ID_OID` bigint(20) NOT NULL,
  `DOMAIN_ID` bigint(20) DEFAULT NULL,
  `IDX` int(11) NOT NULL,
  PRIMARY KEY (`ID_OID`,`IDX`),
  KEY `ORDER_DOMAINS_N49` (`ID_OID`)
) ENGINE=InnoDB DEFAULT CHARSET=utf8;
/*!40101 SET character_set_client = @saved_cs_client */;

--
-- Dumping data for table `ORDER_DOMAINS`
--

LOCK TABLES `ORDER_DOMAINS` WRITE;
/*!40000 ALTER TABLE `ORDER_DOMAINS` DISABLE KEYS */;
INSERT INTO `ORDER_DOMAINS` VALUES (1,1343726,0),(1,1343727,1),(2,1343726,0),(2,1343727,1),(3,1343726,0),(3,1343727,1),(4,1343726,0),(4,1343727,1),(5,1343726,0),(5,1343727,1),(6,1343726,0),(6,1343727,1),(7,1343726,0),(7,1343727,1),(8,1343726,0),(8,1343727,1),(9,1343726,0),(9,1343727,1),(10,1343726,0),(10,1343727,1),(11,1343726,0),(11,1343727,1),(12,1343726,0),(12,1343727,1),(13,1343726,0),(13,1343727,1),(14,1343726,0),(14,1343727,1),(15,1343726,0),(15,1343727,1);
/*!40000 ALTER TABLE `ORDER_DOMAINS` ENABLE KEYS */;
UNLOCK TABLES;

--
-- Table structure for table `ORDER_JOB_STATUS`
--

DROP TABLE IF EXISTS `ORDER_JOB_STATUS`;
/*!40101 SET @saved_cs_client     = @@character_set_client */;
/*!40101 SET character_set_client = utf8 */;
CREATE TABLE `ORDER_JOB_STATUS` (
  `ID` bigint(20) NOT NULL,
  `STATUS` varchar(20) DEFAULT NULL,
  `SDATE` datetime DEFAULT NULL,
  `REMARKS` varchar(255) DEFAULT NULL,
  PRIMARY KEY (`ID`)
) ENGINE=InnoDB DEFAULT CHARSET=utf8;
/*!40101 SET character_set_client = @saved_cs_client */;

--
-- Dumping data for table `ORDER_JOB_STATUS`
--

LOCK TABLES `ORDER_JOB_STATUS` WRITE;
/*!40000 ALTER TABLE `ORDER_JOB_STATUS` DISABLE KEYS */;
/*!40000 ALTER TABLE `ORDER_JOB_STATUS` ENABLE KEYS */;
UNLOCK TABLES;

--
-- Table structure for table `ORDER_KTAGS`
--

DROP TABLE IF EXISTS `ORDER_KTAGS`;
/*!40101 SET @saved_cs_client     = @@character_set_client */;
/*!40101 SET character_set_client = utf8 */;
CREATE TABLE `ORDER_KTAGS` (
  `KEY` bigint(20) NOT NULL,
  `ID` bigint(20) DEFAULT NULL,
  `IDX` int(11) NOT NULL,
  PRIMARY KEY (`KEY`,`IDX`),
  KEY `ORDER_KTAGS_N50` (`ID`),
  KEY `ORDER_KTAGS_N49` (`KEY`)
) ENGINE=InnoDB DEFAULT CHARSET=utf8;
/*!40101 SET character_set_client = @saved_cs_client */;

--
-- Dumping data for table `ORDER_KTAGS`
--

LOCK TABLES `ORDER_KTAGS` WRITE;
/*!40000 ALTER TABLE `ORDER_KTAGS` DISABLE KEYS */;
INSERT INTO `ORDER_KTAGS` VALUES (1,362,0),(3,362,0),(4,362,0),(8,362,0),(9,362,0),(11,362,0),(12,362,0),(14,362,0),(2,363,0),(5,363,0),(6,363,0),(7,363,0),(10,363,0),(13,363,0),(15,363,0);
/*!40000 ALTER TABLE `ORDER_KTAGS` ENABLE KEYS */;
UNLOCK TABLES;

--
-- Table structure for table `ORDER_TAGS`
--

DROP TABLE IF EXISTS `ORDER_TAGS`;
/*!40101 SET @saved_cs_client     = @@character_set_client */;
/*!40101 SET character_set_client = utf8 */;
CREATE TABLE `ORDER_TAGS` (
  `KEY` bigint(20) NOT NULL,
  `ID` bigint(20) DEFAULT NULL,
  `IDX` int(11) NOT NULL,
  PRIMARY KEY (`KEY`,`IDX`),
  KEY `ORDER_TAGS_N49` (`KEY`),
  KEY `ORDER_TAGS_N50` (`ID`)
) ENGINE=InnoDB DEFAULT CHARSET=utf8;
/*!40101 SET character_set_client = @saved_cs_client */;

--
-- Dumping data for table `ORDER_TAGS`
--

LOCK TABLES `ORDER_TAGS` WRITE;
/*!40000 ALTER TABLE `ORDER_TAGS` DISABLE KEYS */;
/*!40000 ALTER TABLE `ORDER_TAGS` ENABLE KEYS */;
UNLOCK TABLES;

--
-- Table structure for table `PAYMENT`
--

DROP TABLE IF EXISTS `PAYMENT`;
/*!40101 SET @saved_cs_client     = @@character_set_client */;
/*!40101 SET character_set_client = utf8 */;
CREATE TABLE `PAYMENT` (
  `ID` bigint(20) NOT NULL AUTO_INCREMENT,
  `AMT` bigint(20) NOT NULL,
  `CON` datetime DEFAULT NULL,
  `CUR` varchar(255) CHARACTER SET utf8 COLLATE utf8_bin DEFAULT NULL,
  `FRM` varchar(255) CHARACTER SET utf8 COLLATE utf8_bin DEFAULT NULL,
  `PID` varchar(255) CHARACTER SET utf8 COLLATE utf8_bin DEFAULT NULL,
  `RID` bigint(20) NOT NULL,
  `ST` varchar(255) CHARACTER SET utf8 COLLATE utf8_bin DEFAULT NULL,
  `TO` mediumblob,
  `UON` datetime DEFAULT NULL,
  PRIMARY KEY (`ID`)
) ENGINE=InnoDB DEFAULT CHARSET=utf8;
/*!40101 SET character_set_client = @saved_cs_client */;

--
-- Dumping data for table `PAYMENT`
--

LOCK TABLES `PAYMENT` WRITE;
/*!40000 ALTER TABLE `PAYMENT` DISABLE KEYS */;
/*!40000 ALTER TABLE `PAYMENT` ENABLE KEYS */;
UNLOCK TABLES;

--
-- Table structure for table `POOLGROUP`
--

DROP TABLE IF EXISTS `POOLGROUP`;
/*!40101 SET @saved_cs_client     = @@character_set_client */;
/*!40101 SET character_set_client = utf8 */;
CREATE TABLE `POOLGROUP` (
  `GROUPID` bigint(20) NOT NULL AUTO_INCREMENT,
  `CB` varchar(255) DEFAULT NULL,
  `DID` bigint(20) DEFAULT NULL,
  `DESCRIPTION` varchar(255) CHARACTER SET utf8 COLLATE utf8_bin DEFAULT NULL,
  `NAME` varchar(255) CHARACTER SET utf8 COLLATE utf8_bin DEFAULT NULL,
  `OWNERID` varchar(255) CHARACTER SET utf8 COLLATE utf8_bin DEFAULT NULL,
  `TIMESTAMP` datetime DEFAULT NULL,
  `UB` varchar(255) DEFAULT NULL,
  `UO` datetime DEFAULT NULL,
  `ARCAT` datetime DEFAULT NULL,
  `ARCBY` varchar(255) DEFAULT NULL,
  PRIMARY KEY (`GROUPID`),
  KEY `POOLGROUP` (`DID`,`NAME`)
) ENGINE=InnoDB DEFAULT CHARSET=utf8;
/*!40101 SET character_set_client = @saved_cs_client */;

--
-- Dumping data for table `POOLGROUP`
--

LOCK TABLES `POOLGROUP` WRITE;
/*!40000 ALTER TABLE `POOLGROUP` DISABLE KEYS */;
/*!40000 ALTER TABLE `POOLGROUP` ENABLE KEYS */;
UNLOCK TABLES;

--
-- Table structure for table `SHARDEDCOUNTER`
--

DROP TABLE IF EXISTS `SHARDEDCOUNTER`;
/*!40101 SET @saved_cs_client     = @@character_set_client */;
/*!40101 SET character_set_client = utf8 */;
CREATE TABLE `SHARDEDCOUNTER` (
  `ID` varchar(255) CHARACTER SET utf8 COLLATE utf8_bin NOT NULL,
  `C` int(11) DEFAULT NULL,
  `DID` bigint(20) DEFAULT NULL,
  `NM` varchar(255) CHARACTER SET utf8 COLLATE utf8_bin DEFAULT NULL,
  `SHNO` int(11) DEFAULT NULL,
  PRIMARY KEY (`ID`),
  KEY `SHARDEDCOUNTER` (`DID`,`NM`)
) ENGINE=InnoDB DEFAULT CHARSET=utf8;
/*!40101 SET character_set_client = @saved_cs_client */;

--
-- Dumping data for table `SHARDEDCOUNTER`
--

LOCK TABLES `SHARDEDCOUNTER` WRITE;
/*!40000 ALTER TABLE `SHARDEDCOUNTER` DISABLE KEYS */;
/*!40000 ALTER TABLE `SHARDEDCOUNTER` ENABLE KEYS */;
UNLOCK TABLES;

--
-- Table structure for table `SHIPMENT`
--

DROP TABLE IF EXISTS `SHIPMENT`;
/*!40101 SET @saved_cs_client     = @@character_set_client */;
/*!40101 SET character_set_client = utf8 */;
CREATE TABLE `SHIPMENT` (
  `ID` varchar(255) CHARACTER SET utf8 COLLATE utf8_bin NOT NULL,
  `AFD` datetime DEFAULT NULL,
  `CBY` varchar(255) CHARACTER SET utf8 COLLATE utf8_bin DEFAULT NULL,
  `CON` datetime DEFAULT NULL,
  `EAD` datetime DEFAULT NULL,
  `GEOACC` double DEFAULT NULL,
  `GEOERR` varchar(255) CHARACTER SET utf8 COLLATE utf8_bin DEFAULT NULL,
  `KID` bigint(20) DEFAULT NULL,
  `LN` double DEFAULT NULL,
  `LT` double DEFAULT NULL,
  `NOI` int(11) DEFAULT NULL,
  `ORDERID` bigint(20) DEFAULT NULL,
  `SDID` bigint(20) DEFAULT NULL,
  `SKID` bigint(20) DEFAULT NULL,
  `STATUS` varchar(255) CHARACTER SET utf8 COLLATE utf8_bin DEFAULT NULL,
  `TRACKINGID` varchar(255) CHARACTER SET utf8 COLLATE utf8_bin DEFAULT NULL,
  `TRANSPORTER` varchar(255) CHARACTER SET utf8 COLLATE utf8_bin DEFAULT NULL,
  `RSN` varchar(255) CHARACTER SET utf8 COLLATE utf8_bin DEFAULT NULL,
  `UBY` varchar(255) CHARACTER SET utf8 COLLATE utf8_bin DEFAULT NULL,
  `UON` datetime DEFAULT NULL,
  `CDRSN` varchar(255) DEFAULT NULL,
  `PS` varchar(255) DEFAULT NULL,
  PRIMARY KEY (`ID`)
) ENGINE=InnoDB DEFAULT CHARSET=utf8;
/*!40101 SET character_set_client = @saved_cs_client */;

--
-- Dumping data for table `SHIPMENT`
--

LOCK TABLES `SHIPMENT` WRITE;
/*!40000 ALTER TABLE `SHIPMENT` DISABLE KEYS */;
INSERT INTO `SHIPMENT` VALUES ('1-1',NULL,'sadiq','2017-04-21 18:10:57',NULL,NULL,NULL,1344726,NULL,NULL,2,1,1343726,1344725,'sp',NULL,NULL,NULL,'sadiq','2017-04-21 18:10:58',NULL,NULL),('10-1',NULL,'sadiq','2017-04-21 18:17:13',NULL,NULL,NULL,1344725,NULL,NULL,9,10,1343726,1344724,'sp',NULL,NULL,NULL,'sadiq','2017-04-21 18:17:13',NULL,NULL),('11-1',NULL,'sadiq','2017-04-21 18:18:44',NULL,NULL,NULL,1344726,NULL,NULL,9,11,1343726,1344724,'sp',NULL,NULL,NULL,'sadiq','2017-04-21 18:18:45',NULL,NULL),('12-1','2017-04-21 00:00:00','sadiq','2017-04-21 18:15:06',NULL,NULL,NULL,1344726,NULL,NULL,5,12,1343726,1344725,'fl',NULL,NULL,NULL,'sadiq','2017-04-21 18:17:54',NULL,NULL),('14-1','2017-04-21 00:00:00','sadiq','2017-04-21 18:14:00',NULL,NULL,NULL,1344726,NULL,NULL,5,14,1343726,1344725,'fl',NULL,NULL,NULL,'sadiq','2017-04-21 18:14:12',NULL,NULL),('15-1',NULL,'sadiq','2017-04-21 18:19:19',NULL,NULL,NULL,1344725,NULL,NULL,2,15,1343726,1344724,'sp',NULL,NULL,NULL,'sadiq','2017-04-21 18:19:19',NULL,NULL),('4-1','2017-04-21 00:00:00','sadiq','2017-04-21 18:11:48',NULL,NULL,NULL,1344726,NULL,NULL,2,4,1343726,1344725,'fl',NULL,NULL,NULL,'sadiq','2017-04-21 18:15:23',NULL,NULL),('5-1',NULL,'sadiq','2017-04-21 18:17:42',NULL,NULL,NULL,1344725,NULL,NULL,2,5,1343726,1344724,'sp',NULL,NULL,NULL,'sadiq','2017-04-21 18:17:42',NULL,NULL),('6-1','2017-04-21 00:00:00','sadiq','2017-04-21 18:13:14',NULL,NULL,NULL,1344725,NULL,NULL,2,6,1343726,1344724,'fl',NULL,NULL,NULL,'sadiq','2017-04-21 18:15:37',NULL,NULL),('8-1','2017-04-21 00:00:00','sadiq','2017-04-21 18:12:37',NULL,NULL,NULL,1344726,NULL,NULL,2,8,1343726,1344725,'fl',NULL,NULL,NULL,'sadiq','2017-04-21 18:15:50',NULL,NULL);
/*!40000 ALTER TABLE `SHIPMENT` ENABLE KEYS */;
UNLOCK TABLES;

--
-- Table structure for table `SHIPMENTITEM`
--

DROP TABLE IF EXISTS `SHIPMENTITEM`;
/*!40101 SET @saved_cs_client     = @@character_set_client */;
/*!40101 SET character_set_client = utf8 */;
CREATE TABLE `SHIPMENTITEM` (
  `ID` bigint(20) NOT NULL AUTO_INCREMENT,
  `CBY` varchar(255) CHARACTER SET utf8 COLLATE utf8_bin DEFAULT NULL,
  `CON` datetime DEFAULT NULL,
  `DQ` decimal(16,4) DEFAULT NULL,
  `FQ` decimal(16,4) DEFAULT NULL,
  `KID` bigint(20) DEFAULT NULL,
  `MID` bigint(20) DEFAULT NULL,
  `Q` decimal(16,4) DEFAULT NULL,
  `RSN` varchar(255) CHARACTER SET utf8 COLLATE utf8_bin DEFAULT NULL,
  `SDID` bigint(20) DEFAULT NULL,
  `SID` varchar(255) CHARACTER SET utf8 COLLATE utf8_bin DEFAULT NULL,
  `UBY` varchar(255) CHARACTER SET utf8 COLLATE utf8_bin DEFAULT NULL,
  `UON` datetime DEFAULT NULL,
  `FDRSN` varchar(255) DEFAULT NULL,
  `FMST` varchar(255) DEFAULT NULL,
  `SMST` varchar(255) DEFAULT NULL,
  PRIMARY KEY (`ID`)
) ENGINE=InnoDB AUTO_INCREMENT=41 DEFAULT CHARSET=utf8;
/*!40101 SET character_set_client = @saved_cs_client */;

--
-- Dumping data for table `SHIPMENTITEM`
--

LOCK TABLES `SHIPMENTITEM` WRITE;
/*!40000 ALTER TABLE `SHIPMENTITEM` DISABLE KEYS */;
INSERT INTO `SHIPMENTITEM` VALUES (1,'sadiq','2017-04-21 18:10:58',0.0000,0.0000,1344726,3345730,100.0000,NULL,1343727,'1-1','sadiq','2017-04-21 18:10:58',NULL,NULL,NULL),(2,'sadiq','2017-04-21 18:10:58',0.0000,0.0000,1344726,3345733,100.0000,NULL,1343727,'1-1','sadiq','2017-04-21 18:10:58',NULL,NULL,NULL),(3,'sadiq','2017-04-21 18:11:48',0.0000,200.0000,1344726,3345730,200.0000,NULL,1343727,'4-1','sadiq','2017-04-21 18:11:48',NULL,NULL,NULL),(4,'sadiq','2017-04-21 18:11:48',0.0000,200.0000,1344726,3345734,200.0000,NULL,1343727,'4-1','sadiq','2017-04-21 18:11:48',NULL,NULL,NULL),(5,'sadiq','2017-04-21 18:12:37',0.0000,100.0000,1344726,3345727,100.0000,NULL,1343727,'8-1','sadiq','2017-04-21 18:12:37',NULL,NULL,NULL),(6,'sadiq','2017-04-21 18:12:37',0.0000,100.0000,1344726,3345729,100.0000,NULL,1343727,'8-1','sadiq','2017-04-21 18:12:37',NULL,NULL,NULL),(7,'sadiq','2017-04-21 18:13:14',0.0000,500.0000,1344725,3345729,500.0000,NULL,1343727,'6-1','sadiq','2017-04-21 18:13:14',NULL,NULL,NULL),(8,'sadiq','2017-04-21 18:13:14',0.0000,500.0000,1344725,3345730,500.0000,NULL,1343727,'6-1','sadiq','2017-04-21 18:13:14',NULL,NULL,NULL),(9,'sadiq','2017-04-21 18:14:02',0.0000,200.0000,1344726,3345727,200.0000,NULL,1343727,'14-1','sadiq','2017-04-21 18:14:02',NULL,NULL,NULL),(10,'sadiq','2017-04-21 18:14:02',0.0000,200.0000,1344726,3345729,200.0000,NULL,1343727,'14-1','sadiq','2017-04-21 18:14:02',NULL,NULL,NULL),(11,'sadiq','2017-04-21 18:14:02',0.0000,200.0000,1344726,3345730,200.0000,NULL,1343727,'14-1','sadiq','2017-04-21 18:14:02',NULL,NULL,NULL),(12,'sadiq','2017-04-21 18:14:02',0.0000,200.0000,1344726,3345731,200.0000,NULL,1343727,'14-1','sadiq','2017-04-21 18:14:02',NULL,NULL,NULL),(13,'sadiq','2017-04-21 18:14:02',0.0000,200.0000,1344726,3345733,200.0000,NULL,1343727,'14-1','sadiq','2017-04-21 18:14:02',NULL,NULL,NULL),(14,'sadiq','2017-04-21 18:15:06',0.0000,200.0000,1344726,3345727,200.0000,NULL,1343727,'12-1','sadiq','2017-04-21 18:15:06',NULL,NULL,NULL),(15,'sadiq','2017-04-21 18:15:06',0.0000,200.0000,1344726,3345728,200.0000,NULL,1343727,'12-1','sadiq','2017-04-21 18:15:06',NULL,NULL,NULL),(16,'sadiq','2017-04-21 18:15:06',0.0000,200.0000,1344726,3345729,200.0000,NULL,1343727,'12-1','sadiq','2017-04-21 18:15:06',NULL,NULL,NULL),(17,'sadiq','2017-04-21 18:15:06',0.0000,200.0000,1344726,3345730,200.0000,NULL,1343727,'12-1','sadiq','2017-04-21 18:15:06',NULL,NULL,NULL),(18,'sadiq','2017-04-21 18:15:06',0.0000,200.0000,1344726,3345731,200.0000,NULL,1343727,'12-1','sadiq','2017-04-21 18:15:06',NULL,NULL,NULL),(19,'sadiq','2017-04-21 18:17:13',0.0000,0.0000,1344725,3345725,100.0000,NULL,1343727,'10-1','sadiq','2017-04-21 18:17:13',NULL,NULL,NULL),(20,'sadiq','2017-04-21 18:17:13',0.0000,0.0000,1344725,3345727,100.0000,NULL,1343727,'10-1','sadiq','2017-04-21 18:17:13',NULL,NULL,NULL),(21,'sadiq','2017-04-21 18:17:13',0.0000,0.0000,1344725,3345728,100.0000,NULL,1343727,'10-1','sadiq','2017-04-21 18:17:13',NULL,NULL,NULL),(22,'sadiq','2017-04-21 18:17:13',0.0000,0.0000,1344725,3345729,100.0000,NULL,1343727,'10-1','sadiq','2017-04-21 18:17:13',NULL,NULL,NULL),(23,'sadiq','2017-04-21 18:17:13',0.0000,0.0000,1344725,3345730,100.0000,NULL,1343727,'10-1','sadiq','2017-04-21 18:17:13',NULL,NULL,NULL),(24,'sadiq','2017-04-21 18:17:13',0.0000,0.0000,1344725,3345731,100.0000,NULL,1343727,'10-1','sadiq','2017-04-21 18:17:13',NULL,NULL,NULL),(25,'sadiq','2017-04-21 18:17:13',0.0000,0.0000,1344725,3345732,100.0000,NULL,1343727,'10-1','sadiq','2017-04-21 18:17:13',NULL,NULL,NULL),(26,'sadiq','2017-04-21 18:17:13',0.0000,0.0000,1344725,3345733,100.0000,NULL,1343727,'10-1','sadiq','2017-04-21 18:17:13',NULL,NULL,NULL),(27,'sadiq','2017-04-21 18:17:13',0.0000,0.0000,1344725,3345734,100.0000,NULL,1343727,'10-1','sadiq','2017-04-21 18:17:13',NULL,NULL,NULL),(28,'sadiq','2017-04-21 18:17:42',0.0000,0.0000,1344725,3345727,500.0000,NULL,1343727,'5-1','sadiq','2017-04-21 18:17:42',NULL,NULL,NULL),(29,'sadiq','2017-04-21 18:17:42',0.0000,0.0000,1344725,3345729,100.0000,NULL,1343727,'5-1','sadiq','2017-04-21 18:17:42',NULL,NULL,NULL),(30,'sadiq','2017-04-21 18:18:45',0.0000,0.0000,1344726,3345725,100.0000,NULL,1343727,'11-1','sadiq','2017-04-21 18:18:45',NULL,NULL,NULL),(31,'sadiq','2017-04-21 18:18:45',0.0000,0.0000,1344726,3345727,100.0000,NULL,1343727,'11-1','sadiq','2017-04-21 18:18:45',NULL,NULL,NULL),(32,'sadiq','2017-04-21 18:18:45',0.0000,0.0000,1344726,3345728,100.0000,NULL,1343727,'11-1','sadiq','2017-04-21 18:18:45',NULL,NULL,NULL),(33,'sadiq','2017-04-21 18:18:45',0.0000,0.0000,1344726,3345729,100.0000,NULL,1343727,'11-1','sadiq','2017-04-21 18:18:45',NULL,NULL,NULL),(34,'sadiq','2017-04-21 18:18:45',0.0000,0.0000,1344726,3345730,100.0000,NULL,1343727,'11-1','sadiq','2017-04-21 18:18:45',NULL,NULL,NULL),(35,'sadiq','2017-04-21 18:18:45',0.0000,0.0000,1344726,3345731,100.0000,NULL,1343727,'11-1','sadiq','2017-04-21 18:18:45',NULL,NULL,NULL),(36,'sadiq','2017-04-21 18:18:45',0.0000,0.0000,1344726,3345732,100.0000,NULL,1343727,'11-1','sadiq','2017-04-21 18:18:45',NULL,NULL,NULL),(37,'sadiq','2017-04-21 18:18:45',0.0000,0.0000,1344726,3345733,100.0000,NULL,1343727,'11-1','sadiq','2017-04-21 18:18:45',NULL,NULL,NULL),(38,'sadiq','2017-04-21 18:18:45',0.0000,0.0000,1344726,3345734,100.0000,NULL,1343727,'11-1','sadiq','2017-04-21 18:18:45',NULL,NULL,NULL),(39,'sadiq','2017-04-21 18:19:19',0.0000,0.0000,1344725,3345727,100.0000,NULL,1343727,'15-1','sadiq','2017-04-21 18:19:19',NULL,NULL,NULL),(40,'sadiq','2017-04-21 18:19:19',0.0000,0.0000,1344725,3345729,100.0000,NULL,1343727,'15-1','sadiq','2017-04-21 18:19:19',NULL,NULL,NULL);
/*!40000 ALTER TABLE `SHIPMENTITEM` ENABLE KEYS */;
UNLOCK TABLES;

--
-- Table structure for table `SHIPMENTITEMBATCH`
--

DROP TABLE IF EXISTS `SHIPMENTITEMBATCH`;
/*!40101 SET @saved_cs_client     = @@character_set_client */;
/*!40101 SET character_set_client = utf8 */;
CREATE TABLE `SHIPMENTITEMBATCH` (
  `ID` bigint(20) NOT NULL AUTO_INCREMENT,
  `BEXP` datetime DEFAULT NULL,
  `BID` varchar(255) CHARACTER SET utf8 COLLATE utf8_bin DEFAULT NULL,
  `BMFDT` datetime DEFAULT NULL,
  `BMFNM` varchar(255) CHARACTER SET utf8 COLLATE utf8_bin DEFAULT NULL,
  `CBY` varchar(255) CHARACTER SET utf8 COLLATE utf8_bin DEFAULT NULL,
  `CON` datetime DEFAULT NULL,
  `DQ` decimal(16,4) DEFAULT NULL,
  `FQ` decimal(16,4) DEFAULT NULL,
  `KID` bigint(20) DEFAULT NULL,
  `MID` bigint(20) DEFAULT NULL,
  `Q` decimal(16,4) DEFAULT NULL,
  `RSN` varchar(255) CHARACTER SET utf8 COLLATE utf8_bin DEFAULT NULL,
  `SDID` bigint(20) DEFAULT NULL,
  `SIID` bigint(20) DEFAULT NULL,
  `UBY` varchar(255) CHARACTER SET utf8 COLLATE utf8_bin DEFAULT NULL,
  `UON` datetime DEFAULT NULL,
  `FMST` varchar(255) DEFAULT NULL,
  `SMST` varchar(255) DEFAULT NULL,
  `FDRSN` varchar(255) DEFAULT NULL,
  PRIMARY KEY (`ID`)
) ENGINE=InnoDB AUTO_INCREMENT=32 DEFAULT CHARSET=utf8;
/*!40101 SET character_set_client = @saved_cs_client */;

--
-- Dumping data for table `SHIPMENTITEMBATCH`
--

LOCK TABLES `SHIPMENTITEMBATCH` WRITE;
/*!40000 ALTER TABLE `SHIPMENTITEMBATCH` DISABLE KEYS */;
INSERT INTO `SHIPMENTITEMBATCH` VALUES (1,'2017-05-18 00:00:00','MEAS1',NULL,'rx','sadiq','2017-04-21 18:10:58',NULL,NULL,1344726,3345730,100.0000,NULL,1343727,1,'sadiq','2017-04-21 18:10:58',NULL,'VVM Usable',NULL),(2,'2017-05-18 00:00:00','MEAS1',NULL,'rx','sadiq','2017-04-21 18:11:48',0.0000,200.0000,1344726,3345730,200.0000,NULL,1343727,3,'sadiq','2017-04-21 18:11:48','VVM Usable','VVM Usable',NULL),(3,'2020-09-30 00:00:00','JED1',NULL,'SII','sadiq','2017-04-21 18:12:37',0.0000,100.0000,1344726,3345727,100.0000,NULL,1343727,5,'sadiq','2017-04-21 18:12:37','VVM Usable','VVM Usable',NULL),(4,'2017-04-29 00:00:00','MEA1',NULL,'rx','sadiq','2017-04-21 18:12:37',0.0000,100.0000,1344726,3345729,100.0000,NULL,1343727,6,'sadiq','2017-04-21 18:12:37','VVM Usable','VVM Usable',NULL),(5,'2020-12-31 00:00:00','MED1',NULL,'SII','sadiq','2017-04-21 18:13:14',0.0000,500.0000,1344725,3345729,500.0000,NULL,1343727,7,'sadiq','2017-04-21 18:13:14','VVM Usable','VVM Usable',NULL),(6,'2020-12-31 00:00:00','MEC1','2017-04-20 00:00:00','SII','sadiq','2017-04-21 18:13:14',0.0000,500.0000,1344725,3345730,500.0000,NULL,1343727,8,'sadiq','2017-04-21 18:13:14','VVM Usable','VVM Usable',NULL),(7,'2020-09-30 00:00:00','JED1',NULL,'SII','sadiq','2017-04-21 18:14:02',0.0000,200.0000,1344726,3345727,200.0000,NULL,1343727,9,'sadiq','2017-04-21 18:14:02','VVM Usable','VVM Usable',NULL),(8,'2017-04-29 00:00:00','MEA1',NULL,'rx','sadiq','2017-04-21 18:14:02',0.0000,200.0000,1344726,3345729,200.0000,NULL,1343727,10,'sadiq','2017-04-21 18:14:02','VVM Usable','VVM Usable',NULL),(9,'2017-05-18 00:00:00','MEAS1',NULL,'rx','sadiq','2017-04-21 18:14:02',0.0000,200.0000,1344726,3345730,200.0000,NULL,1343727,11,'sadiq','2017-04-21 18:14:02','VVM Usable','VVM Usable',NULL),(10,'2017-04-22 00:00:00','MEAD1',NULL,'rx','sadiq','2017-04-21 18:14:02',0.0000,200.0000,1344726,3345731,200.0000,NULL,1343727,12,'sadiq','2017-04-21 18:14:02','VVM Usable','VVM Usable',NULL),(11,'2020-09-30 00:00:00','JED1',NULL,'SII','sadiq','2017-04-21 18:15:06',0.0000,200.0000,1344726,3345727,200.0000,NULL,1343727,14,'sadiq','2017-04-21 18:15:06','VVM Usable','VVM Usable',NULL),(12,'2020-12-31 00:00:00','JEC1',NULL,'SII','sadiq','2017-04-21 18:15:06',0.0000,200.0000,1344726,3345728,200.0000,NULL,1343727,15,'sadiq','2017-04-21 18:15:06','VVM Usable','VVM Usable',NULL),(13,'2017-04-29 00:00:00','MEA1',NULL,'rx','sadiq','2017-04-21 18:15:07',0.0000,200.0000,1344726,3345729,200.0000,NULL,1343727,16,'sadiq','2017-04-21 18:15:07','VVM Usable','VVM Usable',NULL),(14,'2017-05-18 00:00:00','MEAS1',NULL,'rx','sadiq','2017-04-21 18:15:07',0.0000,200.0000,1344726,3345730,200.0000,NULL,1343727,17,'sadiq','2017-04-21 18:15:07','VVM Usable','VVM Usable',NULL),(15,'2017-04-22 00:00:00','MEAD1',NULL,'rx','sadiq','2017-04-21 18:15:07',0.0000,200.0000,1344726,3345731,200.0000,NULL,1343727,18,'sadiq','2017-04-21 18:15:07','VVM Usable','VVM Usable',NULL),(16,'2020-12-01 00:00:00','BCG1','2017-04-02 00:00:00','SII','sadiq','2017-04-21 18:17:13',NULL,NULL,1344725,3345725,100.0000,NULL,1343727,19,'sadiq','2017-04-21 18:17:13',NULL,NULL,NULL),(17,'2020-09-30 00:00:00','JED1',NULL,'SII','sadiq','2017-04-21 18:17:13',NULL,NULL,1344725,3345727,100.0000,NULL,1343727,20,'sadiq','2017-04-21 18:17:13',NULL,'VVM Usable',NULL),(18,'2020-12-31 00:00:00','JE1',NULL,'SII','sadiq','2017-04-21 18:17:13',NULL,NULL,1344725,3345728,100.0000,NULL,1343727,21,'sadiq','2017-04-21 18:17:13',NULL,'VVM Usable',NULL),(19,'2020-12-31 00:00:00','MED1',NULL,'SII','sadiq','2017-04-21 18:17:13',NULL,NULL,1344725,3345729,100.0000,NULL,1343727,22,'sadiq','2017-04-21 18:17:13',NULL,'VVM Usable',NULL),(20,'2020-12-31 00:00:00','MEC1','2017-04-20 00:00:00','SII','sadiq','2017-04-21 18:17:13',NULL,NULL,1344725,3345730,100.0000,NULL,1343727,23,'sadiq','2017-04-21 18:17:13',NULL,'VVM Usable',NULL),(21,'2020-12-31 00:00:00','MED1',NULL,'SII','sadiq','2017-04-21 18:17:13',NULL,NULL,1344725,3345731,100.0000,NULL,1343727,24,'sadiq','2017-04-21 18:17:13',NULL,'VVM Usable',NULL),(22,'2020-09-30 00:00:00','JED1',NULL,'SII','sadiq','2017-04-21 18:17:42',NULL,NULL,1344725,3345727,500.0000,NULL,1343727,28,'sadiq','2017-04-21 18:17:42',NULL,'',NULL),(23,'2020-12-31 00:00:00','MED1',NULL,'SII','sadiq','2017-04-21 18:17:42',NULL,NULL,1344725,3345729,100.0000,NULL,1343727,29,'sadiq','2017-04-21 18:17:42',NULL,'VVM Usable',NULL),(24,'2020-12-01 00:00:00','BCG1','2017-04-02 00:00:00','SII','sadiq','2017-04-21 18:18:45',NULL,NULL,1344726,3345725,100.0000,NULL,1343727,30,'sadiq','2017-04-21 18:18:45',NULL,NULL,NULL),(25,'2020-09-30 00:00:00','JED1',NULL,'SII','sadiq','2017-04-21 18:18:45',NULL,NULL,1344726,3345727,100.0000,NULL,1343727,31,'sadiq','2017-04-21 18:18:45',NULL,'VVM Usable',NULL),(26,'2020-12-31 00:00:00','JE1',NULL,'SII','sadiq','2017-04-21 18:18:45',NULL,NULL,1344726,3345728,100.0000,NULL,1343727,32,'sadiq','2017-04-21 18:18:45',NULL,'VVM Usable',NULL),(27,'2020-12-31 00:00:00','MED1',NULL,'SII','sadiq','2017-04-21 18:18:45',NULL,NULL,1344726,3345729,100.0000,NULL,1343727,33,'sadiq','2017-04-21 18:18:45',NULL,'VVM Usable',NULL),(28,'2020-12-31 00:00:00','MEC1','2017-04-20 00:00:00','SII','sadiq','2017-04-21 18:18:45',NULL,NULL,1344726,3345730,100.0000,NULL,1343727,34,'sadiq','2017-04-21 18:18:45',NULL,'VVM Usable',NULL),(29,'2020-12-31 00:00:00','MED1',NULL,'SII','sadiq','2017-04-21 18:18:45',NULL,NULL,1344726,3345731,100.0000,NULL,1343727,35,'sadiq','2017-04-21 18:18:45',NULL,'VVM Usable',NULL),(30,'2020-09-30 00:00:00','JED1',NULL,'SII','sadiq','2017-04-21 18:19:19',NULL,NULL,1344725,3345727,100.0000,NULL,1343727,39,'sadiq','2017-04-21 18:19:19',NULL,'VVM Usable',NULL),(31,'2020-12-31 00:00:00','MED1',NULL,'SII','sadiq','2017-04-21 18:19:19',NULL,NULL,1344725,3345729,100.0000,NULL,1343727,40,'sadiq','2017-04-21 18:19:19',NULL,'VVM Usable',NULL);
/*!40000 ALTER TABLE `SHIPMENTITEMBATCH` ENABLE KEYS */;
UNLOCK TABLES;

--
-- Table structure for table `SHIPMENTITEMBATCH_DOMAINS`
--

DROP TABLE IF EXISTS `SHIPMENTITEMBATCH_DOMAINS`;
/*!40101 SET @saved_cs_client     = @@character_set_client */;
/*!40101 SET character_set_client = utf8 */;
CREATE TABLE `SHIPMENTITEMBATCH_DOMAINS` (
  `ID_OID` bigint(20) NOT NULL,
  `DOMAIN_ID` bigint(20) DEFAULT NULL,
  `IDX` int(11) NOT NULL,
  PRIMARY KEY (`ID_OID`,`IDX`)
) ENGINE=InnoDB DEFAULT CHARSET=utf8;
/*!40101 SET character_set_client = @saved_cs_client */;

--
-- Dumping data for table `SHIPMENTITEMBATCH_DOMAINS`
--

LOCK TABLES `SHIPMENTITEMBATCH_DOMAINS` WRITE;
/*!40000 ALTER TABLE `SHIPMENTITEMBATCH_DOMAINS` DISABLE KEYS */;
INSERT INTO `SHIPMENTITEMBATCH_DOMAINS` VALUES (1,1343726,0),(1,1343727,1),(2,1343726,0),(2,1343727,1),(3,1343726,0),(3,1343727,1),(4,1343726,0),(4,1343727,1),(5,1343726,0),(5,1343727,1),(6,1343726,0),(6,1343727,1),(7,1343726,0),(7,1343727,1),(8,1343726,0),(8,1343727,1),(9,1343726,0),(9,1343727,1),(10,1343726,0),(10,1343727,1),(11,1343726,0),(11,1343727,1),(12,1343726,0),(12,1343727,1),(13,1343726,0),(13,1343727,1),(14,1343726,0),(14,1343727,1),(15,1343726,0),(15,1343727,1),(16,1343726,0),(16,1343727,1),(17,1343726,0),(17,1343727,1),(18,1343726,0),(18,1343727,1),(19,1343726,0),(19,1343727,1),(20,1343726,0),(20,1343727,1),(21,1343726,0),(21,1343727,1),(22,1343726,0),(22,1343727,1),(23,1343726,0),(23,1343727,1),(24,1343726,0),(24,1343727,1),(25,1343726,0),(25,1343727,1),(26,1343726,0),(26,1343727,1),(27,1343726,0),(27,1343727,1),(28,1343726,0),(28,1343727,1),(29,1343726,0),(29,1343727,1),(30,1343726,0),(30,1343727,1),(31,1343726,0),(31,1343727,1);
/*!40000 ALTER TABLE `SHIPMENTITEMBATCH_DOMAINS` ENABLE KEYS */;
UNLOCK TABLES;

--
-- Table structure for table `SHIPMENTITEM_DOMAINS`
--

DROP TABLE IF EXISTS `SHIPMENTITEM_DOMAINS`;
/*!40101 SET @saved_cs_client     = @@character_set_client */;
/*!40101 SET character_set_client = utf8 */;
CREATE TABLE `SHIPMENTITEM_DOMAINS` (
  `ID_OID` bigint(20) NOT NULL,
  `DOMAIN_ID` bigint(20) DEFAULT NULL,
  `IDX` int(11) NOT NULL,
  PRIMARY KEY (`ID_OID`,`IDX`)
) ENGINE=InnoDB DEFAULT CHARSET=utf8;
/*!40101 SET character_set_client = @saved_cs_client */;

--
-- Dumping data for table `SHIPMENTITEM_DOMAINS`
--

LOCK TABLES `SHIPMENTITEM_DOMAINS` WRITE;
/*!40000 ALTER TABLE `SHIPMENTITEM_DOMAINS` DISABLE KEYS */;
INSERT INTO `SHIPMENTITEM_DOMAINS` VALUES (1,1343726,0),(1,1343727,1),(2,1343726,0),(2,1343727,1),(3,1343726,0),(3,1343727,1),(4,1343726,0),(4,1343727,1),(5,1343726,0),(5,1343727,1),(6,1343726,0),(6,1343727,1),(7,1343726,0),(7,1343727,1),(8,1343726,0),(8,1343727,1),(9,1343726,0),(9,1343727,1),(10,1343726,0),(10,1343727,1),(11,1343726,0),(11,1343727,1),(12,1343726,0),(12,1343727,1),(13,1343726,0),(13,1343727,1),(14,1343726,0),(14,1343727,1),(15,1343726,0),(15,1343727,1),(16,1343726,0),(16,1343727,1),(17,1343726,0),(17,1343727,1),(18,1343726,0),(18,1343727,1),(19,1343726,0),(19,1343727,1),(20,1343726,0),(20,1343727,1),(21,1343726,0),(21,1343727,1),(22,1343726,0),(22,1343727,1),(23,1343726,0),(23,1343727,1),(24,1343726,0),(24,1343727,1),(25,1343726,0),(25,1343727,1),(26,1343726,0),(26,1343727,1),(27,1343726,0),(27,1343727,1),(28,1343726,0),(28,1343727,1),(29,1343726,0),(29,1343727,1),(30,1343726,0),(30,1343727,1),(31,1343726,0),(31,1343727,1),(32,1343726,0),(32,1343727,1),(33,1343726,0),(33,1343727,1),(34,1343726,0),(34,1343727,1),(35,1343726,0),(35,1343727,1),(36,1343726,0),(36,1343727,1),(37,1343726,0),(37,1343727,1),(38,1343726,0),(38,1343727,1),(39,1343726,0),(39,1343727,1),(40,1343726,0),(40,1343727,1);
/*!40000 ALTER TABLE `SHIPMENTITEM_DOMAINS` ENABLE KEYS */;
UNLOCK TABLES;

--
-- Table structure for table `SHIPMENT_DOMAINS`
--

DROP TABLE IF EXISTS `SHIPMENT_DOMAINS`;
/*!40101 SET @saved_cs_client     = @@character_set_client */;
/*!40101 SET character_set_client = utf8 */;
CREATE TABLE `SHIPMENT_DOMAINS` (
  `ID_OID` varchar(255) CHARACTER SET utf8 COLLATE utf8_bin NOT NULL,
  `DOMAIN_ID` bigint(20) DEFAULT NULL,
  `IDX` int(11) NOT NULL,
  PRIMARY KEY (`ID_OID`,`IDX`)
) ENGINE=InnoDB DEFAULT CHARSET=utf8;
/*!40101 SET character_set_client = @saved_cs_client */;

--
-- Dumping data for table `SHIPMENT_DOMAINS`
--

LOCK TABLES `SHIPMENT_DOMAINS` WRITE;
/*!40000 ALTER TABLE `SHIPMENT_DOMAINS` DISABLE KEYS */;
INSERT INTO `SHIPMENT_DOMAINS` VALUES ('1-1',1343726,0),('1-1',1343727,1),('10-1',1343726,0),('10-1',1343727,1),('11-1',1343726,0),('11-1',1343727,1),('12-1',1343726,0),('12-1',1343727,1),('14-1',1343726,0),('14-1',1343727,1),('15-1',1343726,0),('15-1',1343727,1),('4-1',1343726,0),('4-1',1343727,1),('5-1',1343726,0),('5-1',1343727,1),('6-1',1343726,0),('6-1',1343727,1),('8-1',1343726,0),('8-1',1343727,1);
/*!40000 ALTER TABLE `SHIPMENT_DOMAINS` ENABLE KEYS */;
UNLOCK TABLES;

--
-- Table structure for table `TAG`
--

DROP TABLE IF EXISTS `TAG`;
/*!40101 SET @saved_cs_client     = @@character_set_client */;
/*!40101 SET character_set_client = utf8 */;
CREATE TABLE `TAG` (
  `ID` bigint(20) NOT NULL AUTO_INCREMENT,
  `NAME` varchar(255) CHARACTER SET utf8 COLLATE utf8_bin DEFAULT NULL,
  `TYPE` int(11) NOT NULL,
  PRIMARY KEY (`ID`)
) ENGINE=InnoDB AUTO_INCREMENT=367 DEFAULT CHARSET=utf8;
/*!40101 SET character_set_client = @saved_cs_client */;

--
-- Dumping data for table `TAG`
--

LOCK TABLES `TAG` WRITE;
/*!40000 ALTER TABLE `TAG` DISABLE KEYS */;
INSERT INTO `TAG` VALUES (357,'SVSM',4),(358,'CCH',4),(359,'RI Vaccines',1),(360,'OPEN Vials',1),(361,'GMSD',0),(362,'CCP',0),(363,'SVS',0),(364,'DiVS',0),(365,'DVS',0),(366,'RVS',0);
/*!40000 ALTER TABLE `TAG` ENABLE KEYS */;
UNLOCK TABLES;

--
-- Table structure for table `TASK`
--

DROP TABLE IF EXISTS `TASK`;
/*!40101 SET @saved_cs_client     = @@character_set_client */;
/*!40101 SET character_set_client = utf8 */;
CREATE TABLE `TASK` (
  `TASKID` bigint(20) NOT NULL AUTO_INCREMENT,
  `CREATEDBY` varchar(255) CHARACTER SET utf8 COLLATE utf8_bin DEFAULT NULL,
  `CREATEDON` datetime DEFAULT NULL,
  `DID` bigint(20) DEFAULT NULL,
  `DURATION` int(11) NOT NULL,
  `NAME` varchar(255) CHARACTER SET utf8 COLLATE utf8_bin DEFAULT NULL,
  `QUEUE` varchar(255) CHARACTER SET utf8 COLLATE utf8_bin DEFAULT NULL,
  `REASON` varchar(255) CHARACTER SET utf8 COLLATE utf8_bin DEFAULT NULL,
  `RETRIES` int(11) NOT NULL,
  `SCHEDULETIME` datetime DEFAULT NULL,
  `STATUS` int(11) NOT NULL,
  `UPDATEDON` datetime DEFAULT NULL,
  PRIMARY KEY (`TASKID`)
) ENGINE=InnoDB DEFAULT CHARSET=utf8;
/*!40101 SET character_set_client = @saved_cs_client */;

--
-- Dumping data for table `TASK`
--

LOCK TABLES `TASK` WRITE;
/*!40000 ALTER TABLE `TASK` DISABLE KEYS */;
/*!40000 ALTER TABLE `TASK` ENABLE KEYS */;
UNLOCK TABLES;

--
-- Table structure for table `TASKLOG`
--

DROP TABLE IF EXISTS `TASKLOG`;
/*!40101 SET @saved_cs_client     = @@character_set_client */;
/*!40101 SET character_set_client = utf8 */;
CREATE TABLE `TASKLOG` (
  `KY` varchar(255) CHARACTER SET utf8 COLLATE utf8_bin NOT NULL,
  `D` datetime DEFAULT NULL,
  `DID` bigint(20) DEFAULT NULL,
  `VERSION` bigint(20) NOT NULL,
  PRIMARY KEY (`KY`)
) ENGINE=InnoDB DEFAULT CHARSET=utf8;
/*!40101 SET character_set_client = @saved_cs_client */;

--
-- Dumping data for table `TASKLOG`
--

LOCK TABLES `TASKLOG` WRITE;
/*!40000 ALTER TABLE `TASKLOG` DISABLE KEYS */;
/*!40000 ALTER TABLE `TASKLOG` ENABLE KEYS */;
UNLOCK TABLES;

--
-- Table structure for table `TRANSACTION`
--

DROP TABLE IF EXISTS `TRANSACTION`;
/*!40101 SET @saved_cs_client     = @@character_set_client */;
/*!40101 SET character_set_client = utf8 */;
CREATE TABLE `TRANSACTION` (
  `KEY` bigint(20) NOT NULL AUTO_INCREMENT,
  `AST` int(11) DEFAULT NULL,
  `BEXP` datetime DEFAULT NULL,
  `BID` varchar(255) CHARACTER SET utf8 COLLATE utf8_bin DEFAULT NULL,
  `BMFDT` datetime DEFAULT NULL,
  `BMFNM` varchar(255) CHARACTER SET utf8 COLLATE utf8_bin DEFAULT NULL,
  `CS` decimal(16,4) DEFAULT NULL,
  `CSB` decimal(16,4) DEFAULT NULL,
  `DUID` varchar(255) CHARACTER SET utf8 COLLATE utf8_bin DEFAULT NULL,
  `GACC` double DEFAULT NULL,
  `GERR` varchar(255) CHARACTER SET utf8 COLLATE utf8_bin DEFAULT NULL,
  `KID` bigint(20) DEFAULT NULL,
  `LKID` bigint(20) DEFAULT NULL,
  `LN` double DEFAULT NULL,
  `LT` double DEFAULT NULL,
  `LTID` bigint(20) DEFAULT NULL,
  `MID` bigint(20) DEFAULT NULL,
  `OS` decimal(16,4) DEFAULT NULL,
  `OSB` decimal(16,4) DEFAULT NULL,
  `Q` decimal(16,4) DEFAULT NULL,
  `RS` varchar(255) CHARACTER SET utf8 COLLATE utf8_bin DEFAULT NULL,
  `SDID` bigint(20) DEFAULT NULL,
  `SDF` decimal(16,4) DEFAULT NULL,
  `T` datetime(3) DEFAULT NULL,
  `TID` varchar(255) DEFAULT NULL,
  `TYPE` varchar(255) CHARACTER SET utf8 COLLATE utf8_bin DEFAULT NULL,
  `UID` varchar(255) CHARACTER SET utf8 COLLATE utf8_bin DEFAULT NULL,
  `TOT` varchar(255) CHARACTER SET utf8 COLLATE utf8_bin DEFAULT NULL,
  `SRC` int(11) NOT NULL,
  `ARCAT` datetime DEFAULT NULL,
  `ARCBY` varchar(255) DEFAULT NULL,
  `MST` varchar(255) DEFAULT NULL,
  `ALT` double DEFAULT NULL,
  `ATD` date DEFAULT NULL,
  `EATD` tinyint(1) DEFAULT NULL,
  PRIMARY KEY (`KEY`),
  KEY `TRANSACTION#10` (`KID`,`TYPE`,`T`),
  KEY `TRANSACTION#8` (`KID`,`T`),
  KEY `TRANSACTION#12` (`MID`,`T`),
  KEY `TRANSACTION#13` (`MID`,`TYPE`,`T`),
  KEY `TRANSACTION#14` (`UID`,`T`),
  KEY `TRANSACTION#15` (`KID`,`LKID`,`T`),
  KEY `TRANSACTION#1` (`KID`,`MID`,`TYPE`,`T`),
  KEY `TRANSACTION#17` (`KID`,`LKID`,`TYPE`,`T`),
  KEY `trans_reason` (`RS`)
) ENGINE=InnoDB AUTO_INCREMENT=1545921 DEFAULT CHARSET=utf8;
/*!40101 SET character_set_client = @saved_cs_client */;

--
-- Dumping data for table `TRANSACTION`
--

LOCK TABLES `TRANSACTION` WRITE;
/*!40000 ALTER TABLE `TRANSACTION` DISABLE KEYS */;
INSERT INTO `TRANSACTION` VALUES (1545724,NULL,NULL,'',NULL,NULL,500.0000,NULL,NULL,NULL,NULL,1344726,NULL,NULL,NULL,NULL,3345724,0.0000,0.0000,500.0000,'',1343727,500.0000,'2017-04-20 15:09:48.527',NULL,'p','superuser',NULL,1,NULL,NULL,'',NULL,NULL,NULL),(1545725,NULL,'2017-06-21 00:00:00','BCG1',NULL,'rx',100.0000,100.0000,NULL,NULL,NULL,1344726,NULL,NULL,NULL,NULL,3345725,0.0000,0.0000,100.0000,'',1343727,100.0000,'2017-04-20 15:09:53.068',NULL,'p','superuser',NULL,1,NULL,NULL,'',NULL,NULL,NULL),(1545726,NULL,'2017-06-22 00:00:00','BCG2',NULL,'rx',500.0000,400.0000,NULL,NULL,NULL,1344726,NULL,NULL,NULL,NULL,3345725,100.0000,0.0000,400.0000,'',1343727,400.0000,'2017-04-20 15:09:54.013',NULL,'p','superuser',NULL,1,NULL,NULL,'',NULL,NULL,NULL),(1545727,NULL,'2017-06-21 00:00:00','HEPB1',NULL,'rx',500.0000,500.0000,NULL,NULL,NULL,1344726,NULL,NULL,NULL,NULL,3345726,0.0000,0.0000,500.0000,'',1343727,500.0000,'2017-04-20 15:09:54.756',NULL,'p','superuser',NULL,1,NULL,NULL,'VVM Usable',NULL,NULL,NULL),(1545728,NULL,'2017-06-13 00:00:00','BCG1',NULL,'rx',100.0000,100.0000,NULL,NULL,NULL,1344726,NULL,NULL,NULL,NULL,3345728,0.0000,0.0000,100.0000,'',1343727,100.0000,'2017-04-20 15:09:55.722',NULL,'p','superuser',NULL,1,NULL,NULL,'VVM Usable',NULL,NULL,NULL),(1545729,NULL,NULL,'',NULL,NULL,1000000.0000,NULL,NULL,NULL,NULL,1344724,NULL,NULL,NULL,NULL,3345724,0.0000,0.0000,1000000.0000,'',1343726,1000000.0000,'2017-04-20 15:11:23.599',NULL,'p','superuser',NULL,1,NULL,NULL,'',NULL,NULL,NULL),(1545730,NULL,NULL,'',NULL,NULL,90000.0000,NULL,NULL,NULL,NULL,1344724,NULL,NULL,NULL,NULL,3345732,0.0000,0.0000,90000.0000,'',1343726,90000.0000,'2017-04-20 15:11:23.792',NULL,'p','superuser',NULL,1,NULL,NULL,'',NULL,NULL,NULL),(1545731,NULL,NULL,'',NULL,NULL,90000.0000,NULL,NULL,NULL,NULL,1344724,NULL,NULL,NULL,NULL,3345733,0.0000,0.0000,90000.0000,'',1343726,90000.0000,'2017-04-20 15:11:24.089',NULL,'p','superuser',NULL,1,NULL,NULL,'',NULL,NULL,NULL),(1545732,NULL,NULL,'',NULL,NULL,90000.0000,NULL,NULL,NULL,NULL,1344724,NULL,NULL,NULL,NULL,3345734,0.0000,0.0000,90000.0000,'',1343726,90000.0000,'2017-04-20 15:11:24.373',NULL,'p','superuser',NULL,1,NULL,NULL,'',NULL,NULL,NULL),(1545733,NULL,NULL,'',NULL,NULL,90000.0000,NULL,NULL,NULL,NULL,1344724,NULL,NULL,NULL,NULL,3345735,0.0000,0.0000,90000.0000,'',1343726,90000.0000,'2017-04-20 15:11:24.622',NULL,'p','superuser',NULL,1,NULL,NULL,'',NULL,NULL,NULL),(1545734,NULL,'2020-12-01 00:00:00','BCG1','2017-04-02 00:00:00','SII',1000000.0000,1000000.0000,NULL,NULL,NULL,1344724,NULL,NULL,NULL,NULL,3345725,0.0000,0.0000,1000000.0000,'',1343726,1000000.0000,'2017-04-20 15:11:24.853',NULL,'p','superuser',NULL,1,NULL,NULL,'',NULL,NULL,NULL),(1545735,NULL,'2020-12-31 00:00:00','HEP1','2017-04-02 00:00:00','SII',1000000.0000,1000000.0000,NULL,NULL,NULL,1344724,NULL,NULL,NULL,NULL,3345726,0.0000,0.0000,1000000.0000,'',1343726,1000000.0000,'2017-04-20 15:11:25.130',NULL,'p','superuser',NULL,1,NULL,NULL,'VVM Usable',NULL,NULL,NULL),(1545736,NULL,'2020-12-31 00:00:00','JE1',NULL,'SII',1000000.0000,1000000.0000,NULL,NULL,NULL,1344724,NULL,NULL,NULL,NULL,3345728,0.0000,0.0000,1000000.0000,'',1343726,1000000.0000,'2017-04-20 15:11:25.474',NULL,'p','superuser',NULL,1,NULL,NULL,'VVM Usable',NULL,NULL,NULL),(1545737,NULL,'2020-09-30 00:00:00','JED1',NULL,'SII',900000.0000,900000.0000,NULL,NULL,NULL,1344724,NULL,NULL,NULL,NULL,3345727,0.0000,0.0000,900000.0000,'',1343726,900000.0000,'2017-04-20 15:11:25.805',NULL,'p','superuser',NULL,1,NULL,NULL,'VVM Usable',NULL,NULL,NULL),(1545738,NULL,'2020-12-31 00:00:00','MED1',NULL,'SII',900000.0000,900000.0000,NULL,NULL,NULL,1344724,NULL,NULL,NULL,NULL,3345729,0.0000,0.0000,900000.0000,'',1343726,900000.0000,'2017-04-20 15:11:25.928',NULL,'p','superuser',NULL,1,NULL,NULL,'VVM Usable',NULL,NULL,NULL),(1545739,NULL,'2020-12-31 00:00:00','MEC1','2017-04-20 00:00:00','SII',900000.0000,900000.0000,NULL,NULL,NULL,1344724,NULL,NULL,NULL,NULL,3345730,0.0000,0.0000,900000.0000,'',1343726,900000.0000,'2017-04-20 15:11:26.172',NULL,'p','superuser',NULL,1,NULL,NULL,'VVM Usable',NULL,NULL,NULL),(1545740,NULL,'2020-12-31 00:00:00','MED1',NULL,'SII',900000.0000,900000.0000,NULL,NULL,NULL,1344724,NULL,NULL,NULL,NULL,3345731,0.0000,0.0000,900000.0000,'',1343726,900000.0000,'2017-04-20 15:11:26.323',NULL,'p','superuser',NULL,1,NULL,NULL,'VVM Usable',NULL,NULL,NULL),(1545741,NULL,'2017-06-08 00:00:00','JED1',NULL,'rx',5000.0000,5000.0000,NULL,NULL,NULL,1344726,NULL,NULL,NULL,NULL,3345727,0.0000,0.0000,5000.0000,'',1343727,5000.0000,'2017-04-20 15:12:07.855',NULL,'p','superuser',NULL,1,NULL,NULL,'VVM Usable',NULL,NULL,NULL),(1545742,NULL,'2017-06-22 00:00:00','MEA1',NULL,'rx',5000.0000,5000.0000,NULL,NULL,NULL,1344726,NULL,NULL,NULL,NULL,3345729,0.0000,0.0000,5000.0000,'',1343727,5000.0000,'2017-04-20 15:12:08.012',NULL,'p','superuser',NULL,1,NULL,NULL,'VVM Usable',NULL,NULL,NULL),(1545743,NULL,'2017-06-08 00:00:00','MEAC1',NULL,'rx',5000.0000,5000.0000,NULL,NULL,NULL,1344726,NULL,NULL,NULL,NULL,3345730,0.0000,0.0000,5000.0000,'',1343727,5000.0000,'2017-04-20 15:12:08.162',NULL,'p','superuser',NULL,1,NULL,NULL,'VVM Usable',NULL,NULL,NULL),(1545744,NULL,'2017-06-23 00:00:00','MEAD1',NULL,'rx',5000.0000,5000.0000,NULL,NULL,NULL,1344726,NULL,NULL,NULL,NULL,3345731,0.0000,0.0000,5000.0000,'',1343727,5000.0000,'2017-04-20 15:12:08.348',NULL,'p','superuser',NULL,1,NULL,NULL,'VVM Usable',NULL,NULL,NULL),(1545745,NULL,NULL,'',NULL,NULL,90000.0000,NULL,NULL,NULL,NULL,1344726,NULL,NULL,NULL,NULL,3345732,0.0000,0.0000,90000.0000,'',1343727,90000.0000,'2017-04-20 15:12:51.238',NULL,'p','superuser',NULL,1,NULL,NULL,'',NULL,NULL,NULL),(1545746,NULL,NULL,'',NULL,NULL,90000.0000,NULL,NULL,NULL,NULL,1344726,NULL,NULL,NULL,NULL,3345733,0.0000,0.0000,90000.0000,'',1343727,90000.0000,'2017-04-20 15:12:51.404',NULL,'p','superuser',NULL,1,NULL,NULL,'',NULL,NULL,NULL),(1545747,NULL,NULL,'',NULL,NULL,90000.0000,NULL,NULL,NULL,NULL,1344726,NULL,NULL,NULL,NULL,3345734,0.0000,0.0000,90000.0000,'',1343727,90000.0000,'2017-04-20 15:12:51.612',NULL,'p','superuser',NULL,1,NULL,NULL,'',NULL,NULL,NULL),(1545748,NULL,NULL,'',NULL,NULL,90000.0000,NULL,NULL,NULL,NULL,1344726,NULL,NULL,NULL,NULL,3345735,0.0000,0.0000,90000.0000,'',1343727,90000.0000,'2017-04-20 15:12:51.815',NULL,'p','superuser',NULL,1,NULL,NULL,'',NULL,NULL,NULL),(1545749,NULL,NULL,'',NULL,NULL,9000.0000,NULL,NULL,NULL,NULL,1344725,NULL,NULL,NULL,NULL,3345732,0.0000,0.0000,9000.0000,'',1343727,9000.0000,'2017-04-20 15:13:40.190',NULL,'p','superuser',NULL,1,NULL,NULL,'',NULL,NULL,NULL),(1545750,NULL,NULL,'',NULL,NULL,9000.0000,NULL,NULL,NULL,NULL,1344725,NULL,NULL,NULL,NULL,3345733,0.0000,0.0000,9000.0000,'',1343727,9000.0000,'2017-04-20 15:13:40.386',NULL,'p','superuser',NULL,1,NULL,NULL,'',NULL,NULL,NULL),(1545751,NULL,NULL,'',NULL,NULL,9000.0000,NULL,NULL,NULL,NULL,1344725,NULL,NULL,NULL,NULL,3345734,0.0000,0.0000,9000.0000,'',1343727,9000.0000,'2017-04-20 15:13:40.609',NULL,'p','superuser',NULL,1,NULL,NULL,'',NULL,NULL,NULL),(1545752,NULL,NULL,'',NULL,NULL,9000.0000,NULL,NULL,NULL,NULL,1344725,NULL,NULL,NULL,NULL,3345735,0.0000,0.0000,9000.0000,'',1343727,9000.0000,'2017-04-20 15:13:40.857',NULL,'p','superuser',NULL,1,NULL,NULL,'',NULL,NULL,NULL),(1545753,NULL,NULL,'',NULL,NULL,100000.0000,NULL,NULL,NULL,NULL,1344725,NULL,NULL,NULL,NULL,3345724,0.0000,0.0000,100000.0000,'',1343727,100000.0000,'2017-04-20 15:14:14.119',NULL,'p','superuser',NULL,1,NULL,NULL,'',NULL,NULL,NULL),(1545754,NULL,'2020-12-31 00:00:00','BCG1',NULL,'SII',100000.0000,100000.0000,NULL,NULL,NULL,1344725,NULL,NULL,NULL,NULL,3345725,0.0000,0.0000,100000.0000,'',1343727,100000.0000,'2017-04-20 15:14:14.302',NULL,'p','superuser',NULL,1,NULL,NULL,'',NULL,NULL,NULL),(1545755,NULL,'2020-12-31 00:00:00','HEP1',NULL,'SII',100000.0000,100000.0000,NULL,NULL,NULL,1344725,NULL,NULL,NULL,NULL,3345726,0.0000,0.0000,100000.0000,'',1343727,100000.0000,'2017-04-20 15:14:14.747',NULL,'p','superuser',NULL,1,NULL,NULL,'VVM Usable',NULL,NULL,NULL),(1545756,NULL,'2020-12-31 00:00:00','JEC1',NULL,'SII',100000.0000,100000.0000,NULL,NULL,NULL,1344725,NULL,NULL,NULL,NULL,3345728,0.0000,0.0000,100000.0000,'',1343727,100000.0000,'2017-04-20 15:14:14.955',NULL,'p','superuser',NULL,1,NULL,NULL,'VVM Usable',NULL,NULL,NULL),(1545757,NULL,'2017-04-22 00:00:00','MEAD1',NULL,'rx',50000.0000,50000.0000,NULL,NULL,NULL,1344725,NULL,NULL,NULL,NULL,3345731,0.0000,0.0000,50000.0000,'',1343727,50000.0000,'2017-04-20 15:15:10.099',NULL,'p','superuser',NULL,1,NULL,NULL,'VVM Usable',NULL,NULL,NULL),(1545758,NULL,'2017-05-18 00:00:00','MEAS1',NULL,'rx',50000.0000,50000.0000,NULL,NULL,NULL,1344725,NULL,NULL,NULL,NULL,3345730,0.0000,0.0000,50000.0000,'',1343727,50000.0000,'2017-04-20 15:15:10.233',NULL,'p','superuser',NULL,1,NULL,NULL,'VVM Usable',NULL,NULL,NULL),(1545759,NULL,'2017-04-29 00:00:00','MEA1',NULL,'rx',50000.0000,50000.0000,NULL,NULL,NULL,1344725,NULL,NULL,NULL,NULL,3345729,0.0000,0.0000,50000.0000,'',1343727,50000.0000,'2017-04-20 15:15:10.350',NULL,'p','superuser',NULL,1,NULL,NULL,'VVM Usable',NULL,NULL,NULL),(1545760,NULL,'2017-06-15 00:00:00','JED1',NULL,'rx',50000.0000,50000.0000,NULL,NULL,NULL,1344725,NULL,NULL,NULL,NULL,3345727,0.0000,0.0000,50000.0000,'',1343727,50000.0000,'2017-04-20 15:15:10.555',NULL,'p','superuser',NULL,1,NULL,NULL,'VVM Usable',NULL,NULL,NULL),(1545761,NULL,NULL,'',NULL,NULL,89000.0000,NULL,NULL,NULL,NULL,1344724,1344725,NULL,NULL,NULL,3345732,90000.0000,NULL,1000.0000,'',1343726,0.0000,'2017-04-20 15:19:19.073',NULL,'t','superuser',NULL,1,NULL,NULL,'',NULL,NULL,NULL),(1545762,NULL,NULL,'',NULL,NULL,89000.0000,NULL,NULL,NULL,NULL,1344724,1344725,NULL,NULL,1545761,3345732,90000.0000,0.0000,1000.0000,'',1343726,0.0000,'2017-04-20 15:19:19.111','1545761','i','superuser','t',1,NULL,NULL,'',NULL,NULL,NULL),(1545763,NULL,NULL,'',NULL,NULL,10000.0000,NULL,NULL,NULL,NULL,1344725,1344724,NULL,NULL,1545761,3345732,9000.0000,0.0000,1000.0000,'',1343727,0.0000,'2017-04-20 15:19:19.112','1545761','r','superuser','t',1,NULL,NULL,'',NULL,NULL,NULL),(1545764,NULL,NULL,'',NULL,NULL,89000.0000,NULL,NULL,NULL,NULL,1344724,1344725,NULL,NULL,NULL,3345733,90000.0000,NULL,1000.0000,'',1343726,0.0000,'2017-04-20 15:19:19.345',NULL,'t','superuser',NULL,1,NULL,NULL,'',NULL,NULL,NULL),(1545765,NULL,NULL,'',NULL,NULL,89000.0000,NULL,NULL,NULL,NULL,1344724,1344725,NULL,NULL,1545764,3345733,90000.0000,0.0000,1000.0000,'',1343726,0.0000,'2017-04-20 15:19:19.392','1545764','i','superuser','t',1,NULL,NULL,'',NULL,NULL,NULL),(1545766,NULL,NULL,'',NULL,NULL,10000.0000,NULL,NULL,NULL,NULL,1344725,1344724,NULL,NULL,1545764,3345733,9000.0000,0.0000,1000.0000,'',1343727,0.0000,'2017-04-20 15:19:19.393','1545764','r','superuser','t',1,NULL,NULL,'',NULL,NULL,NULL),(1545767,NULL,NULL,'',NULL,NULL,89000.0000,NULL,NULL,NULL,NULL,1344724,1344725,NULL,NULL,NULL,3345734,90000.0000,NULL,1000.0000,'',1343726,0.0000,'2017-04-20 15:19:19.682',NULL,'t','superuser',NULL,1,NULL,NULL,'',NULL,NULL,NULL),(1545768,NULL,NULL,'',NULL,NULL,89000.0000,NULL,NULL,NULL,NULL,1344724,1344725,NULL,NULL,1545767,3345734,90000.0000,0.0000,1000.0000,'',1343726,0.0000,'2017-04-20 15:19:19.720','1545767','i','superuser','t',1,NULL,NULL,'',NULL,NULL,NULL),(1545769,NULL,NULL,'',NULL,NULL,10000.0000,NULL,NULL,NULL,NULL,1344725,1344724,NULL,NULL,1545767,3345734,9000.0000,0.0000,1000.0000,'',1343727,0.0000,'2017-04-20 15:19:19.721','1545767','r','superuser','t',1,NULL,NULL,'',NULL,NULL,NULL),(1545770,NULL,NULL,'',NULL,NULL,89000.0000,NULL,NULL,NULL,NULL,1344724,1344725,NULL,NULL,NULL,3345735,90000.0000,NULL,1000.0000,'',1343726,0.0000,'2017-04-20 15:19:20.006',NULL,'t','superuser',NULL,1,NULL,NULL,'',NULL,NULL,NULL),(1545771,NULL,NULL,'',NULL,NULL,89000.0000,NULL,NULL,NULL,NULL,1344724,1344725,NULL,NULL,1545770,3345735,90000.0000,0.0000,1000.0000,'',1343726,0.0000,'2017-04-20 15:19:20.049','1545770','i','superuser','t',1,NULL,NULL,'',NULL,NULL,NULL),(1545772,NULL,NULL,'',NULL,NULL,10000.0000,NULL,NULL,NULL,NULL,1344725,1344724,NULL,NULL,1545770,3345735,9000.0000,0.0000,1000.0000,'',1343727,0.0000,'2017-04-20 15:19:20.050','1545770','r','superuser','t',1,NULL,NULL,'',NULL,NULL,NULL),(1545773,NULL,'2020-09-30 00:00:00','JED1',NULL,'SII',899000.0000,899000.0000,NULL,NULL,NULL,1344724,1344725,NULL,NULL,NULL,3345727,900000.0000,900000.0000,1000.0000,'',1343726,0.0000,'2017-04-20 15:19:20.335',NULL,'t','superuser',NULL,1,NULL,NULL,'VVM Usable',NULL,NULL,NULL),(1545774,NULL,'2020-09-30 00:00:00','JED1',NULL,'SII',899000.0000,899000.0000,NULL,NULL,NULL,1344724,1344725,NULL,NULL,1545773,3345727,900000.0000,900000.0000,1000.0000,'',1343726,0.0000,'2017-04-20 15:19:20.393','1545773','i','superuser','t',1,NULL,NULL,'VVM Usable',NULL,NULL,NULL),(1545775,NULL,'2020-09-30 00:00:00','JED1',NULL,'SII',51000.0000,51000.0000,NULL,NULL,NULL,1344725,1344724,NULL,NULL,1545773,3345727,50000.0000,50000.0000,1000.0000,'',1343727,0.0000,'2017-04-20 15:19:20.394','1545773','r','superuser','t',1,NULL,NULL,'VVM Usable',NULL,NULL,NULL),(1545776,NULL,'2020-12-31 00:00:00','MED1',NULL,'SII',899000.0000,899000.0000,NULL,NULL,NULL,1344724,1344725,NULL,NULL,NULL,3345729,900000.0000,900000.0000,1000.0000,'',1343726,0.0000,'2017-04-20 15:19:20.682',NULL,'t','superuser',NULL,1,NULL,NULL,'VVM Usable',NULL,NULL,NULL),(1545777,NULL,'2020-12-31 00:00:00','MED1',NULL,'SII',899000.0000,899000.0000,NULL,NULL,NULL,1344724,1344725,NULL,NULL,1545776,3345729,900000.0000,900000.0000,1000.0000,'',1343726,0.0000,'2017-04-20 15:19:20.736','1545776','i','superuser','t',1,NULL,NULL,'VVM Usable',NULL,NULL,NULL),(1545778,NULL,'2020-12-31 00:00:00','MED1',NULL,'SII',51000.0000,1000.0000,NULL,NULL,NULL,1344725,1344724,NULL,NULL,1545776,3345729,50000.0000,0.0000,1000.0000,'',1343727,0.0000,'2017-04-20 15:19:20.737','1545776','r','superuser','t',1,NULL,NULL,'VVM Usable',NULL,NULL,NULL),(1545779,NULL,'2020-12-31 00:00:00','MEC1','2017-04-20 00:00:00','SII',899000.0000,899000.0000,NULL,NULL,NULL,1344724,1344725,NULL,NULL,NULL,3345730,900000.0000,900000.0000,1000.0000,'',1343726,0.0000,'2017-04-20 15:19:21.011',NULL,'t','superuser',NULL,1,NULL,NULL,'VVM Usable',NULL,NULL,NULL),(1545780,NULL,'2020-12-31 00:00:00','MEC1','2017-04-20 00:00:00','SII',899000.0000,899000.0000,NULL,NULL,NULL,1344724,1344725,NULL,NULL,1545779,3345730,900000.0000,900000.0000,1000.0000,'',1343726,0.0000,'2017-04-20 15:19:21.061','1545779','i','superuser','t',1,NULL,NULL,'VVM Usable',NULL,NULL,NULL),(1545781,NULL,'2020-12-31 00:00:00','MEC1','2017-04-20 00:00:00','SII',51000.0000,1000.0000,NULL,NULL,NULL,1344725,1344724,NULL,NULL,1545779,3345730,50000.0000,0.0000,1000.0000,'',1343727,0.0000,'2017-04-20 15:19:21.062','1545779','r','superuser','t',1,NULL,NULL,'VVM Usable',NULL,NULL,NULL),(1545782,NULL,'2020-12-31 00:00:00','MED1',NULL,'SII',899000.0000,899000.0000,NULL,NULL,NULL,1344724,1344725,NULL,NULL,NULL,3345731,900000.0000,900000.0000,1000.0000,'',1343726,0.0000,'2017-04-20 15:19:21.339',NULL,'t','superuser',NULL,1,NULL,NULL,'VVM Usable',NULL,NULL,NULL),(1545783,NULL,'2020-12-31 00:00:00','MED1',NULL,'SII',899000.0000,899000.0000,NULL,NULL,NULL,1344724,1344725,NULL,NULL,1545782,3345731,900000.0000,900000.0000,1000.0000,'',1343726,0.0000,'2017-04-20 15:19:21.395','1545782','i','superuser','t',1,NULL,NULL,'VVM Usable',NULL,NULL,NULL),(1545784,NULL,'2020-12-31 00:00:00','MED1',NULL,'SII',51000.0000,1000.0000,NULL,NULL,NULL,1344725,1344724,NULL,NULL,1545782,3345731,50000.0000,0.0000,1000.0000,'',1343727,0.0000,'2017-04-20 15:19:21.396','1545782','r','superuser','t',1,NULL,NULL,'VVM Usable',NULL,NULL,NULL),(1545785,NULL,NULL,'',NULL,NULL,9900.0000,NULL,NULL,NULL,NULL,1344725,1344726,NULL,NULL,NULL,3345732,10000.0000,NULL,100.0000,'',1343727,0.0000,'2017-04-20 15:22:02.287',NULL,'t','superuser',NULL,1,NULL,NULL,'',NULL,NULL,NULL),(1545786,NULL,NULL,'',NULL,NULL,9900.0000,NULL,NULL,NULL,NULL,1344725,1344726,NULL,NULL,1545785,3345732,10000.0000,0.0000,100.0000,'',1343727,0.0000,'2017-04-20 15:22:02.324','1545785','i','superuser','t',1,NULL,NULL,'',NULL,NULL,NULL),(1545787,NULL,NULL,'',NULL,NULL,90100.0000,NULL,NULL,NULL,NULL,1344726,1344725,NULL,NULL,1545785,3345732,90000.0000,0.0000,100.0000,'',1343727,0.0000,'2017-04-20 15:22:02.325','1545785','r','superuser','t',1,NULL,NULL,'',NULL,NULL,NULL),(1545788,NULL,NULL,'',NULL,NULL,9900.0000,NULL,NULL,NULL,NULL,1344725,1344726,NULL,NULL,NULL,3345733,10000.0000,NULL,100.0000,'',1343727,0.0000,'2017-04-20 15:22:02.535',NULL,'t','superuser',NULL,1,NULL,NULL,'',NULL,NULL,NULL),(1545789,NULL,NULL,'',NULL,NULL,9900.0000,NULL,NULL,NULL,NULL,1344725,1344726,NULL,NULL,1545788,3345733,10000.0000,0.0000,100.0000,'',1343727,0.0000,'2017-04-20 15:22:02.571','1545788','i','superuser','t',1,NULL,NULL,'',NULL,NULL,NULL),(1545790,NULL,NULL,'',NULL,NULL,90100.0000,NULL,NULL,NULL,NULL,1344726,1344725,NULL,NULL,1545788,3345733,90000.0000,0.0000,100.0000,'',1343727,0.0000,'2017-04-20 15:22:02.572','1545788','r','superuser','t',1,NULL,NULL,'',NULL,NULL,NULL),(1545791,NULL,NULL,'',NULL,NULL,9900.0000,NULL,NULL,NULL,NULL,1344725,1344726,NULL,NULL,NULL,3345734,10000.0000,NULL,100.0000,'',1343727,0.0000,'2017-04-20 15:22:02.891',NULL,'t','superuser',NULL,1,NULL,NULL,'',NULL,NULL,NULL),(1545792,NULL,NULL,'',NULL,NULL,9900.0000,NULL,NULL,NULL,NULL,1344725,1344726,NULL,NULL,1545791,3345734,10000.0000,0.0000,100.0000,'',1343727,0.0000,'2017-04-20 15:22:02.931','1545791','i','superuser','t',1,NULL,NULL,'',NULL,NULL,NULL),(1545793,NULL,NULL,'',NULL,NULL,90100.0000,NULL,NULL,NULL,NULL,1344726,1344725,NULL,NULL,1545791,3345734,90000.0000,0.0000,100.0000,'',1343727,0.0000,'2017-04-20 15:22:02.932','1545791','r','superuser','t',1,NULL,NULL,'',NULL,NULL,NULL),(1545794,NULL,NULL,'',NULL,NULL,9900.0000,NULL,NULL,NULL,NULL,1344725,1344726,NULL,NULL,NULL,3345735,10000.0000,NULL,100.0000,'',1343727,0.0000,'2017-04-20 15:22:03.206',NULL,'t','superuser',NULL,1,NULL,NULL,'',NULL,NULL,NULL),(1545795,NULL,NULL,'',NULL,NULL,9900.0000,NULL,NULL,NULL,NULL,1344725,1344726,NULL,NULL,1545794,3345735,10000.0000,0.0000,100.0000,'',1343727,0.0000,'2017-04-20 15:22:03.249','1545794','i','superuser','t',1,NULL,NULL,'',NULL,NULL,NULL),(1545796,NULL,NULL,'',NULL,NULL,90100.0000,NULL,NULL,NULL,NULL,1344726,1344725,NULL,NULL,1545794,3345735,90000.0000,0.0000,100.0000,'',1343727,0.0000,'2017-04-20 15:22:03.250','1545794','r','superuser','t',1,NULL,NULL,'',NULL,NULL,NULL),(1545797,NULL,'2020-09-30 00:00:00','JED1',NULL,'SII',50000.0000,50000.0000,NULL,NULL,NULL,1344725,1344726,NULL,NULL,NULL,3345727,51000.0000,51000.0000,1000.0000,'',1343727,0.0000,'2017-04-20 15:22:03.522',NULL,'t','superuser',NULL,1,NULL,NULL,'VVM Usable',NULL,NULL,NULL),(1545798,NULL,'2020-09-30 00:00:00','JED1',NULL,'SII',50000.0000,50000.0000,NULL,NULL,NULL,1344725,1344726,NULL,NULL,1545797,3345727,51000.0000,51000.0000,1000.0000,'',1343727,0.0000,'2017-04-20 15:22:03.583','1545797','i','superuser','t',1,NULL,NULL,'VVM Usable',NULL,NULL,NULL),(1545799,NULL,'2020-09-30 00:00:00','JED1',NULL,'SII',6000.0000,6000.0000,NULL,NULL,NULL,1344726,1344725,NULL,NULL,1545797,3345727,5000.0000,5000.0000,1000.0000,'',1343727,0.0000,'2017-04-20 15:22:03.584','1545797','r','superuser','t',1,NULL,NULL,'VVM Usable',NULL,NULL,NULL),(1545800,NULL,'2017-04-29 00:00:00','MEA1',NULL,'rx',50000.0000,49000.0000,NULL,NULL,NULL,1344725,1344726,NULL,NULL,NULL,3345729,51000.0000,50000.0000,1000.0000,'',1343727,0.0000,'2017-04-20 15:22:03.825',NULL,'t','superuser',NULL,1,NULL,NULL,'VVM Usable',NULL,NULL,NULL),(1545801,NULL,'2017-04-29 00:00:00','MEA1',NULL,'rx',50000.0000,49000.0000,NULL,NULL,NULL,1344725,1344726,NULL,NULL,1545800,3345729,51000.0000,50000.0000,1000.0000,'',1343727,0.0000,'2017-04-20 15:22:03.878','1545800','i','superuser','t',1,NULL,NULL,'VVM Usable',NULL,NULL,NULL),(1545802,NULL,'2017-04-29 00:00:00','MEA1',NULL,'rx',6000.0000,6000.0000,NULL,NULL,NULL,1344726,1344725,NULL,NULL,1545800,3345729,5000.0000,5000.0000,1000.0000,'',1343727,0.0000,'2017-04-20 15:22:03.879','1545800','r','superuser','t',1,NULL,NULL,'VVM Usable',NULL,NULL,NULL),(1545803,NULL,'2017-05-18 00:00:00','MEAS1',NULL,'rx',50000.0000,49000.0000,NULL,NULL,NULL,1344725,1344726,NULL,NULL,NULL,3345730,51000.0000,50000.0000,1000.0000,'',1343727,0.0000,'2017-04-20 15:22:04.125',NULL,'t','superuser',NULL,1,NULL,NULL,'VVM Usable',NULL,NULL,NULL),(1545804,NULL,'2017-05-18 00:00:00','MEAS1',NULL,'rx',50000.0000,49000.0000,NULL,NULL,NULL,1344725,1344726,NULL,NULL,1545803,3345730,51000.0000,50000.0000,1000.0000,'',1343727,0.0000,'2017-04-20 15:22:04.176','1545803','i','superuser','t',1,NULL,NULL,'VVM Usable',NULL,NULL,NULL),(1545805,NULL,'2017-05-18 00:00:00','MEAS1',NULL,'rx',6000.0000,1000.0000,NULL,NULL,NULL,1344726,1344725,NULL,NULL,1545803,3345730,5000.0000,0.0000,1000.0000,'',1343727,0.0000,'2017-04-20 15:22:04.177','1545803','r','superuser','t',1,NULL,NULL,'VVM Usable',NULL,NULL,NULL),(1545806,NULL,'2017-04-22 00:00:00','MEAD1',NULL,'rx',50000.0000,49000.0000,NULL,NULL,NULL,1344725,1344726,NULL,NULL,NULL,3345731,51000.0000,50000.0000,1000.0000,'',1343727,0.0000,'2017-04-20 15:22:04.459',NULL,'t','superuser',NULL,1,NULL,NULL,'VVM Usable',NULL,NULL,NULL),(1545807,NULL,'2017-04-22 00:00:00','MEAD1',NULL,'rx',50000.0000,49000.0000,NULL,NULL,NULL,1344725,1344726,NULL,NULL,1545806,3345731,51000.0000,50000.0000,1000.0000,'',1343727,0.0000,'2017-04-20 15:22:04.524','1545806','i','superuser','t',1,NULL,NULL,'VVM Usable',NULL,NULL,NULL),(1545808,NULL,'2017-04-22 00:00:00','MEAD1',NULL,'rx',6000.0000,6000.0000,NULL,NULL,NULL,1344726,1344725,NULL,NULL,1545806,3345731,5000.0000,5000.0000,1000.0000,'',1343727,0.0000,'2017-04-20 15:22:04.525','1545806','r','superuser','t',1,NULL,NULL,'VVM Usable',NULL,NULL,NULL),(1545809,NULL,'2020-12-31 00:00:00','JEC1',NULL,'SII',99000.0000,99000.0000,NULL,NULL,NULL,1344725,1344726,NULL,NULL,NULL,3345728,100000.0000,100000.0000,1000.0000,'',1343727,0.0000,'2017-04-20 15:22:04.803',NULL,'t','superuser',NULL,1,NULL,NULL,'VVM Usable',NULL,NULL,NULL),(1545810,NULL,'2020-12-31 00:00:00','JEC1',NULL,'SII',99000.0000,99000.0000,NULL,NULL,NULL,1344725,1344726,NULL,NULL,1545809,3345728,100000.0000,100000.0000,1000.0000,'',1343727,0.0000,'2017-04-20 15:22:04.854','1545809','i','superuser','t',1,NULL,NULL,'VVM Usable',NULL,NULL,NULL),(1545811,NULL,'2020-12-31 00:00:00','JEC1',NULL,'SII',1100.0000,1000.0000,NULL,NULL,NULL,1344726,1344725,NULL,NULL,1545809,3345728,100.0000,0.0000,1000.0000,'',1343727,0.0000,'2017-04-20 15:22:04.855','1545809','r','superuser','t',1,NULL,NULL,'VVM Usable',NULL,NULL,NULL),(1545812,NULL,'2020-12-31 00:00:00','HEP1',NULL,'SII',99900.0000,99900.0000,NULL,NULL,NULL,1344725,1344726,NULL,NULL,NULL,3345726,100000.0000,100000.0000,100.0000,'',1343727,0.0000,'2017-04-20 15:22:05.402',NULL,'t','superuser',NULL,1,NULL,NULL,'VVM Usable',NULL,NULL,NULL),(1545813,NULL,'2020-12-31 00:00:00','HEP1',NULL,'SII',99900.0000,99900.0000,NULL,NULL,NULL,1344725,1344726,NULL,NULL,1545812,3345726,100000.0000,100000.0000,100.0000,'',1343727,0.0000,'2017-04-20 15:22:05.469','1545812','i','superuser','t',1,NULL,NULL,'VVM Usable',NULL,NULL,NULL),(1545814,NULL,'2020-12-31 00:00:00','HEP1',NULL,'SII',600.0000,100.0000,NULL,NULL,NULL,1344726,1344725,NULL,NULL,1545812,3345726,500.0000,0.0000,100.0000,'',1343727,0.0000,'2017-04-20 15:22:05.470','1545812','r','superuser','t',1,NULL,NULL,'VVM Usable',NULL,NULL,NULL),(1545815,NULL,NULL,'',NULL,NULL,0.0000,NULL,NULL,NULL,NULL,1344726,NULL,NULL,NULL,NULL,3345724,500.0000,0.0000,500.0000,'Expired',1343727,0.0000,'2017-04-20 15:23:40.260',NULL,'w','superuser',NULL,1,NULL,NULL,'',NULL,NULL,NULL),(1545816,NULL,'2017-06-21 00:00:00','BCG1',NULL,'rx',400.0000,0.0000,NULL,NULL,NULL,1344726,NULL,NULL,NULL,NULL,3345725,500.0000,100.0000,100.0000,'Broken',1343727,0.0000,'2017-04-20 15:23:40.493',NULL,'w','superuser',NULL,1,NULL,NULL,'',NULL,NULL,NULL),(1545817,NULL,'2017-06-21 00:00:00','HEPB1',NULL,'rx',500.0000,400.0000,NULL,NULL,NULL,1344726,NULL,NULL,NULL,NULL,3345726,600.0000,500.0000,100.0000,'Frozen',1343727,0.0000,'2017-04-20 15:23:40.769',NULL,'w','superuser',NULL,1,NULL,NULL,'',NULL,NULL,NULL),(1545818,NULL,'2017-06-13 00:00:00','BCG1',NULL,'rx',1000.0000,0.0000,NULL,NULL,NULL,1344726,NULL,NULL,NULL,NULL,3345728,1100.0000,100.0000,100.0000,'VVM Unusable',1343727,0.0000,'2017-04-20 15:23:41.031',NULL,'w','superuser',NULL,1,NULL,NULL,'',NULL,NULL,NULL),(1545819,NULL,NULL,'',NULL,NULL,0.0000,NULL,NULL,NULL,NULL,1344724,NULL,NULL,NULL,NULL,3345724,1000000.0000,0.0000,0.0000,'',1343726,-1000000.0000,'2017-04-20 15:23:57.595',NULL,'p','superuser',NULL,1,NULL,NULL,'',NULL,NULL,NULL),(1545820,NULL,'2017-04-29 00:00:00','MEA1',NULL,'rx',0.0000,0.0000,NULL,NULL,NULL,1344726,NULL,NULL,NULL,NULL,3345729,6000.0000,6000.0000,6000.0000,'',1343727,0.0000,'2017-04-20 15:24:58.223',NULL,'i','superuser',NULL,1,NULL,NULL,'VVM Usable',NULL,'2017-04-19',NULL),(1545821,NULL,'2017-04-22 00:00:00','MEAD1',NULL,'rx',0.0000,0.0000,NULL,NULL,NULL,1344726,NULL,NULL,NULL,NULL,3345731,6000.0000,6000.0000,6000.0000,'',1343727,0.0000,'2017-04-20 15:24:58.435',NULL,'i','superuser',NULL,1,NULL,NULL,'VVM Usable',NULL,'2017-04-19',NULL),(1545822,NULL,'2020-12-31 00:00:00','HEP1','2017-04-02 00:00:00','SII',0.0000,0.0000,NULL,NULL,NULL,1344724,1344725,NULL,NULL,NULL,3345726,1000000.0000,1000000.0000,1000000.0000,'',1343726,0.0000,'2017-04-21 17:10:19.184',NULL,'i','superuser',NULL,1,NULL,NULL,'VVM Usable',NULL,'2017-04-21',NULL),(1545823,NULL,'2020-12-31 00:00:00','BCG1',NULL,'SII',0.0000,0.0000,NULL,NULL,NULL,1344725,NULL,NULL,NULL,NULL,3345725,100000.0000,100000.0000,0.0000,'',1343727,-100000.0000,'2017-04-21 17:11:02.364',NULL,'p','superuser',NULL,1,NULL,NULL,'',NULL,NULL,NULL),(1545824,NULL,'2020-12-09 00:00:00','BCGD1XADF001','2017-01-24 00:00:00','Ranbaxy',5400.0000,5000.0000,NULL,NULL,NULL,1344726,1344725,NULL,NULL,NULL,3345725,400.0000,0.0000,5000.0000,'',1343727,0.0000,'2017-04-21 17:12:44.414',NULL,'r','superuser',NULL,1,NULL,NULL,'',NULL,NULL,NULL),(1545825,NULL,NULL,'',NULL,NULL,90000.0000,NULL,NULL,NULL,NULL,1344724,NULL,NULL,NULL,NULL,3345732,89000.0000,0.0000,1000.0000,'',1343726,0.0000,'2017-04-21 17:13:24.873',NULL,'r','superuser',NULL,1,NULL,NULL,'',NULL,NULL,NULL),(1545826,NULL,'2020-09-30 00:00:00','JED1',NULL,'SII',850000.0000,850000.0000,NULL,NULL,NULL,1344724,NULL,NULL,NULL,NULL,3345727,899000.0000,899000.0000,850000.0000,'',1343726,-49000.0000,'2017-04-21 17:13:51.439',NULL,'p','superuser',NULL,1,NULL,NULL,'VVM Usable',NULL,NULL,NULL),(1545827,NULL,'2020-12-31 00:00:00','MED1',NULL,'SII',850000.0000,850000.0000,NULL,NULL,NULL,1344724,NULL,NULL,NULL,NULL,3345731,899000.0000,899000.0000,850000.0000,'',1343726,-49000.0000,'2017-04-21 17:14:15.655',NULL,'p','superuser',NULL,1,NULL,NULL,'VVM Usable',NULL,NULL,NULL),(1545828,NULL,'2020-12-31 00:00:00','MEC1','2017-04-20 00:00:00','SII',897000.0000,897000.0000,NULL,NULL,NULL,1344724,NULL,NULL,NULL,NULL,3345730,899000.0000,899000.0000,2000.0000,'Broken',1343726,0.0000,'2017-04-21 17:15:09.476',NULL,'w','superuser',NULL,1,NULL,NULL,'',NULL,NULL,NULL),(1545829,NULL,'2020-12-31 00:00:00','MED1',NULL,'SII',897000.0000,897000.0000,NULL,NULL,NULL,1344724,NULL,NULL,NULL,NULL,3345729,899000.0000,899000.0000,2000.0000,'Expired',1343726,0.0000,'2017-04-21 17:15:09.735',NULL,'w','superuser',NULL,1,NULL,NULL,'',NULL,NULL,NULL),(1545830,NULL,NULL,'',NULL,NULL,9800.0000,NULL,NULL,NULL,NULL,1344725,1344726,NULL,NULL,NULL,3345734,9900.0000,0.0000,100.0000,'',1343727,0.0000,'2017-04-21 17:15:53.926',NULL,'i','superuser',NULL,1,NULL,NULL,'',NULL,'2017-04-21',NULL),(1545831,NULL,'2020-12-31 00:00:00','HEP1',NULL,'SII',98900.0000,98900.0000,NULL,NULL,NULL,1344725,1344726,NULL,NULL,NULL,3345726,99900.0000,99900.0000,1000.0000,'',1343727,0.0000,'2017-04-21 17:15:54.143',NULL,'i','superuser',NULL,1,NULL,NULL,'',NULL,'2017-04-21',NULL),(1545832,NULL,NULL,'',NULL,NULL,9900.0000,NULL,NULL,NULL,NULL,1344725,NULL,NULL,NULL,NULL,3345734,9800.0000,0.0000,100.0000,'',1343727,0.0000,'2017-04-21 17:17:35.497',NULL,'r','superuser',NULL,1,NULL,NULL,'',NULL,NULL,NULL),(1545833,NULL,'2020-12-10 00:00:00','HEPB1',NULL,'SunPharma',99000.0000,100.0000,NULL,NULL,NULL,1344725,NULL,NULL,NULL,NULL,3345726,98900.0000,0.0000,100.0000,'',1343727,0.0000,'2017-04-21 17:17:36.363',NULL,'r','superuser',NULL,1,NULL,NULL,'VVM Usable',NULL,NULL,NULL),(1545834,NULL,'2019-08-21 00:00:00','MEAD1',NULL,'SunPharma',51000.0000,1000.0000,NULL,NULL,NULL,1344725,NULL,NULL,NULL,NULL,3345729,50000.0000,0.0000,1000.0000,'',1343727,0.0000,'2017-04-21 17:17:36.540',NULL,'r','superuser',NULL,1,NULL,NULL,'VVM Usable',NULL,NULL,NULL),(1545835,NULL,NULL,'',NULL,NULL,5000.0000,NULL,NULL,NULL,NULL,1344725,NULL,NULL,NULL,NULL,3345734,9900.0000,0.0000,5000.0000,'',1343727,-4900.0000,'2017-04-21 17:18:55.620',NULL,'p','superuser',NULL,1,NULL,NULL,'',NULL,NULL,NULL),(1545836,NULL,'2017-04-29 00:00:00','MEA1',NULL,'rx',47000.0000,45000.0000,NULL,NULL,NULL,1344725,NULL,NULL,NULL,NULL,3345729,51000.0000,49000.0000,45000.0000,'',1343727,-4000.0000,'2017-04-21 17:18:55.846',NULL,'p','superuser',NULL,1,NULL,NULL,'VVM Usable',NULL,NULL,NULL),(1545837,NULL,'2019-08-21 00:00:00','MEAD1',NULL,'SunPharma',46500.0000,500.0000,NULL,NULL,NULL,1344725,NULL,NULL,NULL,NULL,3345729,47000.0000,1000.0000,500.0000,'',1343727,-500.0000,'2017-04-21 17:18:56.204',NULL,'p','superuser',NULL,1,NULL,NULL,'VVM Usable',NULL,NULL,NULL),(1545838,NULL,'2020-12-31 00:00:00','MED1',NULL,'SII',46000.0000,500.0000,NULL,NULL,NULL,1344725,NULL,NULL,NULL,NULL,3345729,46500.0000,1000.0000,500.0000,'',1343727,-500.0000,'2017-04-21 17:18:56.534',NULL,'p','superuser',NULL,1,NULL,NULL,'VVM Usable',NULL,NULL,NULL),(1545839,NULL,NULL,'',NULL,NULL,50000.0000,NULL,NULL,NULL,NULL,1344724,NULL,NULL,NULL,NULL,3345732,90000.0000,0.0000,40000.0000,'Frozen',1343726,0.0000,'2017-04-21 17:20:01.079',NULL,'w','superuser',NULL,1,NULL,NULL,'',NULL,NULL,NULL),(1545840,NULL,'2020-12-01 00:00:00','BCG1','2017-04-02 00:00:00','SII',950000.0000,950000.0000,NULL,NULL,NULL,1344724,NULL,NULL,NULL,NULL,3345725,1000000.0000,1000000.0000,50000.0000,'Expired',1343726,0.0000,'2017-04-21 17:20:01.225',NULL,'w','superuser',NULL,1,NULL,NULL,'',NULL,NULL,NULL),(1545841,NULL,NULL,'',NULL,NULL,99000.0000,NULL,NULL,NULL,NULL,1344725,NULL,NULL,NULL,NULL,3345724,100000.0000,0.0000,1000.0000,'VVM Unusable',1343727,0.0000,'2017-04-21 17:20:48.226',NULL,'w','superuser',NULL,1,NULL,NULL,'',NULL,NULL,NULL),(1545842,NULL,NULL,'',NULL,NULL,9400.0000,NULL,NULL,NULL,NULL,1344725,NULL,NULL,NULL,NULL,3345735,9900.0000,0.0000,500.0000,'Expired',1343727,0.0000,'2017-04-21 17:20:48.446',NULL,'w','superuser',NULL,1,NULL,NULL,'',NULL,NULL,NULL),(1545843,NULL,'2017-04-29 00:00:00','MEA1',NULL,'rx',45500.0000,44500.0000,NULL,NULL,NULL,1344725,NULL,NULL,NULL,NULL,3345729,46000.0000,45000.0000,500.0000,'Broken',1343727,0.0000,'2017-04-21 17:20:48.569',NULL,'w','superuser',NULL,1,NULL,NULL,'',NULL,NULL,NULL),(1545844,NULL,'2020-12-10 00:00:00','HEPB1',NULL,'SunPharma',98900.0000,0.0000,NULL,NULL,NULL,1344725,1344726,NULL,NULL,NULL,3345726,99000.0000,100.0000,100.0000,'',1343727,0.0000,'2017-04-21 17:21:28.495',NULL,'t','superuser',NULL,1,NULL,NULL,'VVM Usable',NULL,NULL,NULL),(1545845,NULL,'2020-12-10 00:00:00','HEPB1',NULL,'SunPharma',98900.0000,0.0000,NULL,NULL,NULL,1344725,1344726,NULL,NULL,1545844,3345726,99000.0000,100.0000,100.0000,'',1343727,0.0000,'2017-04-21 17:21:28.604','1545844','i','superuser','t',1,NULL,NULL,'VVM Usable',NULL,NULL,NULL),(1545846,NULL,'2020-12-10 00:00:00','HEPB1',NULL,'SunPharma',600.0000,500.0000,NULL,NULL,NULL,1344726,1344725,NULL,NULL,1545844,3345726,500.0000,400.0000,100.0000,'',1343727,0.0000,'2017-04-21 17:21:28.605','1545844','r','superuser','t',1,NULL,NULL,'VVM Usable',NULL,NULL,NULL),(1545847,NULL,'2020-12-31 00:00:00','HEP1',NULL,'SII',0.0000,0.0000,NULL,NULL,NULL,1344725,1344726,NULL,NULL,NULL,3345726,98900.0000,98900.0000,98900.0000,'',1343727,0.0000,'2017-04-21 17:21:28.844',NULL,'t','superuser',NULL,1,NULL,NULL,'VVM Usable',NULL,NULL,NULL),(1545848,NULL,'2020-12-31 00:00:00','HEP1',NULL,'SII',0.0000,0.0000,NULL,NULL,NULL,1344725,1344726,NULL,NULL,1545847,3345726,98900.0000,98900.0000,98900.0000,'',1343727,0.0000,'2017-04-21 17:21:28.903','1545847','i','superuser','t',1,NULL,NULL,'VVM Usable',NULL,NULL,NULL),(1545849,NULL,'2020-12-31 00:00:00','HEP1',NULL,'SII',99500.0000,99000.0000,NULL,NULL,NULL,1344726,1344725,NULL,NULL,1545847,3345726,600.0000,100.0000,98900.0000,'',1343727,0.0000,'2017-04-21 17:21:28.904','1545847','r','superuser','t',1,NULL,NULL,'VVM Usable',NULL,NULL,NULL),(1545850,NULL,NULL,'',NULL,NULL,0.0000,NULL,NULL,NULL,NULL,1344724,1344725,NULL,NULL,NULL,3345735,89000.0000,NULL,89000.0000,'',1343726,0.0000,'2017-04-21 17:22:22.259',NULL,'t','superuser',NULL,1,NULL,NULL,'',NULL,NULL,NULL),(1545851,NULL,NULL,'',NULL,NULL,0.0000,NULL,NULL,NULL,NULL,1344724,1344725,NULL,NULL,1545850,3345735,89000.0000,0.0000,89000.0000,'',1343726,0.0000,'2017-04-21 17:22:22.305','1545850','i','superuser','t',1,NULL,NULL,'',NULL,NULL,NULL),(1545852,NULL,NULL,'',NULL,NULL,98400.0000,NULL,NULL,NULL,NULL,1344725,1344724,NULL,NULL,1545850,3345735,9400.0000,0.0000,89000.0000,'',1343727,0.0000,'2017-04-21 17:22:22.306','1545850','r','superuser','t',1,NULL,NULL,'',NULL,NULL,NULL),(1545853,NULL,'2020-12-31 00:00:00','MEC1','2017-04-20 00:00:00','SII',892000.0000,892000.0000,NULL,NULL,NULL,1344724,1344725,NULL,NULL,NULL,3345730,897000.0000,897000.0000,5000.0000,'',1343726,0.0000,'2017-04-21 17:22:22.674',NULL,'t','superuser',NULL,1,NULL,NULL,'VVM Usable',NULL,NULL,NULL),(1545854,NULL,'2020-12-31 00:00:00','MEC1','2017-04-20 00:00:00','SII',892000.0000,892000.0000,NULL,NULL,NULL,1344724,1344725,NULL,NULL,1545853,3345730,897000.0000,897000.0000,5000.0000,'',1343726,0.0000,'2017-04-21 17:22:22.791','1545853','i','superuser','t',1,NULL,NULL,'VVM Usable',NULL,NULL,NULL),(1545855,NULL,'2020-12-31 00:00:00','MEC1','2017-04-20 00:00:00','SII',55000.0000,6000.0000,NULL,NULL,NULL,1344725,1344724,NULL,NULL,1545853,3345730,50000.0000,1000.0000,5000.0000,'',1343727,0.0000,'2017-04-21 17:22:22.792','1545853','r','superuser','t',1,NULL,NULL,'VVM Usable',NULL,NULL,NULL),(1545856,NULL,NULL,'',NULL,NULL,85000.0000,NULL,NULL,NULL,NULL,1344726,NULL,NULL,NULL,NULL,3345732,90100.0000,0.0000,5100.0000,'',1343727,0.0000,'2017-04-21 17:23:26.645',NULL,'i','superuser',NULL,1,NULL,NULL,'',NULL,'2017-04-21',NULL),(1545857,NULL,'2020-09-30 00:00:00','JED1',NULL,'SII',5900.0000,5900.0000,NULL,NULL,NULL,1344726,NULL,NULL,NULL,NULL,3345727,6000.0000,6000.0000,100.0000,'',1343727,0.0000,'2017-04-21 17:23:26.805',NULL,'i','superuser',NULL,1,NULL,NULL,'VVM Usable',NULL,'2017-04-21',NULL),(1545858,NULL,'2020-12-31 00:00:00','JEC1',NULL,'SII',500.0000,500.0000,NULL,NULL,NULL,1344726,NULL,NULL,NULL,NULL,3345728,1000.0000,1000.0000,500.0000,'',1343727,-500.0000,'2017-04-21 17:23:48.340',NULL,'p','superuser',NULL,1,NULL,NULL,'VVM Usable',NULL,NULL,NULL),(1545859,NULL,'2020-12-10 00:00:00','HEPB1',NULL,'SunPharma',99000.0000,0.0000,NULL,NULL,NULL,1344726,NULL,NULL,NULL,NULL,3345726,99500.0000,500.0000,0.0000,'',1343727,-500.0000,'2017-04-21 17:24:13.826',NULL,'p','superuser',NULL,1,NULL,NULL,'',NULL,NULL,NULL),(1545860,NULL,'2020-12-31 00:00:00','HEP1',NULL,'SII',0.0000,0.0000,NULL,NULL,NULL,1344726,NULL,NULL,NULL,NULL,3345726,99000.0000,99000.0000,0.0000,'',1343727,-99000.0000,'2017-04-21 17:24:14.007',NULL,'p','superuser',NULL,1,NULL,NULL,'',NULL,NULL,NULL),(1545861,NULL,'2017-06-22 00:00:00','BCG2',NULL,'rx',5100.0000,100.0000,NULL,NULL,NULL,1344726,NULL,NULL,NULL,NULL,3345725,5400.0000,400.0000,100.0000,'',1343727,-300.0000,'2017-04-21 17:24:14.205',NULL,'p','superuser',NULL,1,NULL,NULL,'',NULL,NULL,NULL),(1545862,NULL,'2020-12-09 00:00:00','BCGD1XADF001','2017-01-24 00:00:00','Ranbaxy',1100.0000,1000.0000,NULL,NULL,NULL,1344726,NULL,NULL,NULL,NULL,3345725,5100.0000,5000.0000,1000.0000,'',1343727,-4000.0000,'2017-04-21 17:24:14.403',NULL,'p','superuser',NULL,1,NULL,NULL,'',NULL,NULL,NULL),(1545863,NULL,'2020-12-09 00:00:00','BCGD1XADF001','2017-01-24 00:00:00','Ranbaxy',1000.0000,900.0000,NULL,NULL,NULL,1344726,NULL,NULL,NULL,NULL,3345725,1100.0000,1000.0000,100.0000,'Expired',1343727,0.0000,'2017-04-21 17:24:39.436',NULL,'w','superuser',NULL,1,NULL,NULL,'',NULL,NULL,NULL),(1545864,NULL,'2020-12-31 00:00:00','JEC1',NULL,'SII',400.0000,400.0000,NULL,NULL,NULL,1344726,NULL,NULL,NULL,NULL,3345728,500.0000,500.0000,100.0000,'Expired',1343727,0.0000,'2017-04-21 17:24:39.829',NULL,'w','superuser',NULL,1,NULL,NULL,'',NULL,NULL,NULL),(1545865,NULL,'2017-05-18 00:00:00','MEAS1',NULL,'rx',54900.0000,48900.0000,NULL,NULL,NULL,1344725,1344726,NULL,NULL,NULL,3345730,55000.0000,49000.0000,100.0000,NULL,1343727,0.0000,'2017-04-21 18:10:58.746','1-1','i','superuser','s',1,NULL,NULL,'VVM Usable',NULL,NULL,NULL),(1545866,NULL,NULL,NULL,NULL,NULL,9800.0000,NULL,NULL,NULL,NULL,1344725,1344726,NULL,NULL,NULL,3345733,9900.0000,0.0000,100.0000,NULL,1343727,0.0000,'2017-04-21 18:10:58.965','1-1','i','superuser','s',1,NULL,NULL,NULL,NULL,NULL,NULL),(1545867,NULL,'2017-05-18 00:00:00','MEAS1',NULL,'rx',54700.0000,48700.0000,NULL,NULL,NULL,1344725,1344726,NULL,NULL,NULL,3345730,54900.0000,48900.0000,200.0000,NULL,1343727,0.0000,'2017-04-21 18:11:48.817','4-1','i','superuser','s',1,NULL,NULL,'VVM Usable',NULL,NULL,NULL),(1545868,NULL,NULL,NULL,NULL,NULL,4800.0000,NULL,NULL,NULL,NULL,1344725,1344726,NULL,NULL,NULL,3345734,5000.0000,0.0000,200.0000,NULL,1343727,0.0000,'2017-04-21 18:11:48.887','4-1','i','superuser','s',1,NULL,NULL,NULL,NULL,NULL,NULL),(1545869,NULL,'2020-09-30 00:00:00','JED1',NULL,'SII',49900.0000,49900.0000,NULL,NULL,NULL,1344725,1344726,NULL,NULL,NULL,3345727,50000.0000,50000.0000,100.0000,NULL,1343727,0.0000,'2017-04-21 18:12:37.736','8-1','i','superuser','s',1,NULL,NULL,'VVM Usable',NULL,NULL,NULL),(1545870,NULL,'2017-04-29 00:00:00','MEA1',NULL,'rx',45400.0000,44400.0000,NULL,NULL,NULL,1344725,1344726,NULL,NULL,NULL,3345729,45500.0000,44500.0000,100.0000,NULL,1343727,0.0000,'2017-04-21 18:12:37.808','8-1','i','superuser','s',1,NULL,NULL,'VVM Usable',NULL,NULL,NULL),(1545871,NULL,'2020-12-31 00:00:00','MED1',NULL,'SII',896500.0000,896500.0000,NULL,NULL,NULL,1344724,1344725,NULL,NULL,NULL,3345729,897000.0000,897000.0000,500.0000,NULL,1343726,0.0000,'2017-04-21 18:13:15.008','6-1','i','superuser','s',1,NULL,NULL,'VVM Usable',NULL,NULL,NULL),(1545872,NULL,'2020-12-31 00:00:00','MEC1','2017-04-20 00:00:00','SII',891500.0000,891500.0000,NULL,NULL,NULL,1344724,1344725,NULL,NULL,NULL,3345730,892000.0000,892000.0000,500.0000,NULL,1343726,0.0000,'2017-04-21 18:13:15.117','6-1','i','superuser','s',1,NULL,NULL,'VVM Usable',NULL,NULL,NULL),(1545873,NULL,'2020-09-30 00:00:00','JED1',NULL,'SII',49700.0000,49700.0000,NULL,NULL,NULL,1344725,1344726,NULL,NULL,NULL,3345727,49900.0000,49900.0000,200.0000,NULL,1343727,0.0000,'2017-04-21 18:14:02.684','14-1','i','superuser','s',1,NULL,NULL,'VVM Usable',NULL,NULL,NULL),(1545874,NULL,'2017-04-29 00:00:00','MEA1',NULL,'rx',45200.0000,44200.0000,NULL,NULL,NULL,1344725,1344726,NULL,NULL,NULL,3345729,45400.0000,44400.0000,200.0000,NULL,1343727,0.0000,'2017-04-21 18:14:02.772','14-1','i','superuser','s',1,NULL,NULL,'VVM Usable',NULL,NULL,NULL),(1545875,NULL,'2017-05-18 00:00:00','MEAS1',NULL,'rx',54500.0000,48500.0000,NULL,NULL,NULL,1344725,1344726,NULL,NULL,NULL,3345730,54700.0000,48700.0000,200.0000,NULL,1343727,0.0000,'2017-04-21 18:14:02.863','14-1','i','superuser','s',1,NULL,NULL,'VVM Usable',NULL,NULL,NULL),(1545876,NULL,'2017-04-22 00:00:00','MEAD1',NULL,'rx',49800.0000,48800.0000,NULL,NULL,NULL,1344725,1344726,NULL,NULL,NULL,3345731,50000.0000,49000.0000,200.0000,NULL,1343727,0.0000,'2017-04-21 18:14:02.940','14-1','i','superuser','s',1,NULL,NULL,'VVM Usable',NULL,NULL,NULL),(1545877,NULL,NULL,NULL,NULL,NULL,9600.0000,NULL,NULL,NULL,NULL,1344725,1344726,NULL,NULL,NULL,3345733,9800.0000,0.0000,200.0000,NULL,1343727,0.0000,'2017-04-21 18:14:03.033','14-1','i','superuser','s',1,NULL,NULL,NULL,NULL,NULL,NULL),(1545878,NULL,'2020-09-30 00:00:00','JED1',NULL,'SII',6100.0000,6100.0000,NULL,NULL,NULL,1344726,1344725,NULL,NULL,NULL,3345727,5900.0000,5900.0000,200.0000,NULL,1343727,0.0000,'2017-04-21 18:14:12.270','14-1','r','superuser','s',1,NULL,NULL,'VVM Usable',NULL,NULL,NULL),(1545879,NULL,'2017-04-29 00:00:00','MEA1',NULL,'rx',200.0000,200.0000,NULL,NULL,NULL,1344726,1344725,NULL,NULL,NULL,3345729,0.0000,0.0000,200.0000,NULL,1343727,0.0000,'2017-04-21 18:14:12.353','14-1','r','superuser','s',1,NULL,NULL,'VVM Usable',NULL,NULL,NULL),(1545880,NULL,'2017-05-18 00:00:00','MEAS1',NULL,'rx',6200.0000,1200.0000,NULL,NULL,NULL,1344726,1344725,NULL,NULL,NULL,3345730,6000.0000,1000.0000,200.0000,NULL,1343727,0.0000,'2017-04-21 18:14:12.516','14-1','r','superuser','s',1,NULL,NULL,'VVM Usable',NULL,NULL,NULL),(1545881,NULL,'2017-04-22 00:00:00','MEAD1',NULL,'rx',200.0000,200.0000,NULL,NULL,NULL,1344726,1344725,NULL,NULL,NULL,3345731,0.0000,0.0000,200.0000,NULL,1343727,0.0000,'2017-04-21 18:14:12.623','14-1','r','superuser','s',1,NULL,NULL,'VVM Usable',NULL,NULL,NULL),(1545882,NULL,NULL,NULL,NULL,NULL,90300.0000,NULL,NULL,NULL,NULL,1344726,1344725,NULL,NULL,NULL,3345733,90100.0000,0.0000,200.0000,NULL,1343727,0.0000,'2017-04-21 18:14:12.788','14-1','r','superuser','s',1,NULL,NULL,NULL,NULL,NULL,NULL),(1545883,NULL,'2020-09-30 00:00:00','JED1',NULL,'SII',49500.0000,49500.0000,NULL,NULL,NULL,1344725,1344726,NULL,NULL,NULL,3345727,49700.0000,49700.0000,200.0000,NULL,1343727,0.0000,'2017-04-21 18:15:07.411','12-1','i','superuser','s',1,NULL,NULL,'VVM Usable',NULL,NULL,NULL),(1545884,NULL,'2020-12-31 00:00:00','JEC1',NULL,'SII',98800.0000,98800.0000,NULL,NULL,NULL,1344725,1344726,NULL,NULL,NULL,3345728,99000.0000,99000.0000,200.0000,NULL,1343727,0.0000,'2017-04-21 18:15:07.479','12-1','i','superuser','s',1,NULL,NULL,'VVM Usable',NULL,NULL,NULL),(1545885,NULL,'2017-04-29 00:00:00','MEA1',NULL,'rx',45000.0000,44000.0000,NULL,NULL,NULL,1344725,1344726,NULL,NULL,NULL,3345729,45200.0000,44200.0000,200.0000,NULL,1343727,0.0000,'2017-04-21 18:15:07.589','12-1','i','superuser','s',1,NULL,NULL,'VVM Usable',NULL,NULL,NULL),(1545886,NULL,'2017-05-18 00:00:00','MEAS1',NULL,'rx',54300.0000,48300.0000,NULL,NULL,NULL,1344725,1344726,NULL,NULL,NULL,3345730,54500.0000,48500.0000,200.0000,NULL,1343727,0.0000,'2017-04-21 18:15:07.671','12-1','i','superuser','s',1,NULL,NULL,'VVM Usable',NULL,NULL,NULL),(1545887,NULL,'2017-04-22 00:00:00','MEAD1',NULL,'rx',49600.0000,48600.0000,NULL,NULL,NULL,1344725,1344726,NULL,NULL,NULL,3345731,49800.0000,48800.0000,200.0000,NULL,1343727,0.0000,'2017-04-21 18:15:07.740','12-1','i','superuser','s',1,NULL,NULL,'VVM Usable',NULL,NULL,NULL),(1545888,NULL,'2017-05-18 00:00:00','MEAS1',NULL,'rx',6400.0000,1400.0000,NULL,NULL,NULL,1344726,1344725,NULL,NULL,NULL,3345730,6200.0000,1200.0000,200.0000,NULL,1343727,0.0000,'2017-04-21 18:15:23.281','4-1','r','superuser','s',1,NULL,NULL,'VVM Usable',NULL,NULL,NULL),(1545889,NULL,NULL,NULL,NULL,NULL,90300.0000,NULL,NULL,NULL,NULL,1344726,1344725,NULL,NULL,NULL,3345734,90100.0000,0.0000,200.0000,NULL,1343727,0.0000,'2017-04-21 18:15:23.358','4-1','r','superuser','s',1,NULL,NULL,NULL,NULL,NULL,NULL),(1545890,NULL,'2020-12-31 00:00:00','MED1',NULL,'SII',45500.0000,1000.0000,NULL,NULL,NULL,1344725,1344724,NULL,NULL,NULL,3345729,45000.0000,500.0000,500.0000,NULL,1343727,0.0000,'2017-04-21 18:15:37.381','6-1','r','superuser','s',1,NULL,NULL,'VVM Usable',NULL,NULL,NULL),(1545891,NULL,'2020-12-31 00:00:00','MEC1','2017-04-20 00:00:00','SII',54800.0000,6500.0000,NULL,NULL,NULL,1344725,1344724,NULL,NULL,NULL,3345730,54300.0000,6000.0000,500.0000,NULL,1343727,0.0000,'2017-04-21 18:15:37.453','6-1','r','superuser','s',1,NULL,NULL,'VVM Usable',NULL,NULL,NULL),(1545892,NULL,'2020-09-30 00:00:00','JED1',NULL,'SII',6200.0000,6200.0000,NULL,NULL,NULL,1344726,1344725,NULL,NULL,NULL,3345727,6100.0000,6100.0000,100.0000,NULL,1343727,0.0000,'2017-04-21 18:15:50.280','8-1','r','superuser','s',1,NULL,NULL,'VVM Usable',NULL,NULL,NULL),(1545893,NULL,'2017-04-29 00:00:00','MEA1',NULL,'rx',300.0000,300.0000,NULL,NULL,NULL,1344726,1344725,NULL,NULL,NULL,3345729,200.0000,200.0000,100.0000,NULL,1343727,0.0000,'2017-04-21 18:15:50.341','8-1','r','superuser','s',1,NULL,NULL,'VVM Usable',NULL,NULL,NULL),(1545894,NULL,'2020-12-01 00:00:00','BCG1','2017-04-02 00:00:00','SII',949900.0000,949900.0000,NULL,NULL,NULL,1344724,1344725,NULL,NULL,NULL,3345725,950000.0000,950000.0000,100.0000,NULL,1343726,0.0000,'2017-04-21 18:17:14.270','10-1','i','superuser','s',1,NULL,NULL,NULL,NULL,NULL,NULL),(1545895,NULL,'2020-09-30 00:00:00','JED1',NULL,'SII',849900.0000,849900.0000,NULL,NULL,NULL,1344724,1344725,NULL,NULL,NULL,3345727,850000.0000,850000.0000,100.0000,NULL,1343726,0.0000,'2017-04-21 18:17:14.343','10-1','i','superuser','s',1,NULL,NULL,'VVM Usable',NULL,NULL,NULL),(1545896,NULL,'2020-12-31 00:00:00','JE1',NULL,'SII',999900.0000,999900.0000,NULL,NULL,NULL,1344724,1344725,NULL,NULL,NULL,3345728,1000000.0000,1000000.0000,100.0000,NULL,1343726,0.0000,'2017-04-21 18:17:14.414','10-1','i','superuser','s',1,NULL,NULL,'VVM Usable',NULL,NULL,NULL),(1545897,NULL,'2020-12-31 00:00:00','MED1',NULL,'SII',896400.0000,896400.0000,NULL,NULL,NULL,1344724,1344725,NULL,NULL,NULL,3345729,896500.0000,896500.0000,100.0000,NULL,1343726,0.0000,'2017-04-21 18:17:14.532','10-1','i','superuser','s',1,NULL,NULL,'VVM Usable',NULL,NULL,NULL),(1545898,NULL,'2020-12-31 00:00:00','MEC1','2017-04-20 00:00:00','SII',891400.0000,891400.0000,NULL,NULL,NULL,1344724,1344725,NULL,NULL,NULL,3345730,891500.0000,891500.0000,100.0000,NULL,1343726,0.0000,'2017-04-21 18:17:14.601','10-1','i','superuser','s',1,NULL,NULL,'VVM Usable',NULL,NULL,NULL),(1545899,NULL,'2020-12-31 00:00:00','MED1',NULL,'SII',849900.0000,849900.0000,NULL,NULL,NULL,1344724,1344725,NULL,NULL,NULL,3345731,850000.0000,850000.0000,100.0000,NULL,1343726,0.0000,'2017-04-21 18:17:14.680','10-1','i','superuser','s',1,NULL,NULL,'VVM Usable',NULL,NULL,NULL),(1545900,NULL,NULL,NULL,NULL,NULL,49900.0000,NULL,NULL,NULL,NULL,1344724,1344725,NULL,NULL,NULL,3345732,50000.0000,0.0000,100.0000,NULL,1343726,0.0000,'2017-04-21 18:17:14.794','10-1','i','superuser','s',1,NULL,NULL,NULL,NULL,NULL,NULL),(1545901,NULL,NULL,NULL,NULL,NULL,88900.0000,NULL,NULL,NULL,NULL,1344724,1344725,NULL,NULL,NULL,3345733,89000.0000,0.0000,100.0000,NULL,1343726,0.0000,'2017-04-21 18:17:14.861','10-1','i','superuser','s',1,NULL,NULL,NULL,NULL,NULL,NULL),(1545902,NULL,NULL,NULL,NULL,NULL,88900.0000,NULL,NULL,NULL,NULL,1344724,1344725,NULL,NULL,NULL,3345734,89000.0000,0.0000,100.0000,NULL,1343726,0.0000,'2017-04-21 18:17:14.931','10-1','i','superuser','s',1,NULL,NULL,NULL,NULL,NULL,NULL),(1545903,NULL,'2020-09-30 00:00:00','JED1',NULL,'SII',849400.0000,849400.0000,NULL,NULL,NULL,1344724,1344725,NULL,NULL,NULL,3345727,849900.0000,849900.0000,500.0000,NULL,1343726,0.0000,'2017-04-21 18:17:42.686','5-1','i','superuser','s',1,NULL,NULL,'',NULL,NULL,NULL),(1545904,NULL,'2020-12-31 00:00:00','MED1',NULL,'SII',896300.0000,896300.0000,NULL,NULL,NULL,1344724,1344725,NULL,NULL,NULL,3345729,896400.0000,896400.0000,100.0000,NULL,1343726,0.0000,'2017-04-21 18:17:42.754','5-1','i','superuser','s',1,NULL,NULL,'VVM Usable',NULL,NULL,NULL),(1545905,NULL,'2020-09-30 00:00:00','JED1',NULL,'SII',6400.0000,6400.0000,NULL,NULL,NULL,1344726,1344725,NULL,NULL,NULL,3345727,6200.0000,6200.0000,200.0000,NULL,1343727,0.0000,'2017-04-21 18:17:54.586','12-1','r','superuser','s',1,NULL,NULL,'VVM Usable',NULL,NULL,NULL),(1545906,NULL,'2020-12-31 00:00:00','JEC1',NULL,'SII',600.0000,600.0000,NULL,NULL,NULL,1344726,1344725,NULL,NULL,NULL,3345728,400.0000,400.0000,200.0000,NULL,1343727,0.0000,'2017-04-21 18:17:54.842','12-1','r','superuser','s',1,NULL,NULL,'VVM Usable',NULL,NULL,NULL),(1545907,NULL,'2017-04-29 00:00:00','MEA1',NULL,'rx',500.0000,500.0000,NULL,NULL,NULL,1344726,1344725,NULL,NULL,NULL,3345729,300.0000,300.0000,200.0000,NULL,1343727,0.0000,'2017-04-21 18:17:54.933','12-1','r','superuser','s',1,NULL,NULL,'VVM Usable',NULL,NULL,NULL),(1545908,NULL,'2017-05-18 00:00:00','MEAS1',NULL,'rx',6600.0000,1600.0000,NULL,NULL,NULL,1344726,1344725,NULL,NULL,NULL,3345730,6400.0000,1400.0000,200.0000,NULL,1343727,0.0000,'2017-04-21 18:17:55.003','12-1','r','superuser','s',1,NULL,NULL,'VVM Usable',NULL,NULL,NULL),(1545909,NULL,'2017-04-22 00:00:00','MEAD1',NULL,'rx',400.0000,400.0000,NULL,NULL,NULL,1344726,1344725,NULL,NULL,NULL,3345731,200.0000,200.0000,200.0000,NULL,1343727,0.0000,'2017-04-21 18:17:55.091','12-1','r','superuser','s',1,NULL,NULL,'VVM Usable',NULL,NULL,NULL),(1545910,NULL,'2020-12-01 00:00:00','BCG1','2017-04-02 00:00:00','SII',949800.0000,949800.0000,NULL,NULL,NULL,1344724,1344726,NULL,NULL,NULL,3345725,949900.0000,949900.0000,100.0000,NULL,1343726,0.0000,'2017-04-21 18:18:45.885','11-1','i','superuser','s',1,NULL,NULL,NULL,NULL,NULL,NULL),(1545911,NULL,'2020-09-30 00:00:00','JED1',NULL,'SII',849300.0000,849300.0000,NULL,NULL,NULL,1344724,1344726,NULL,NULL,NULL,3345727,849400.0000,849400.0000,100.0000,NULL,1343726,0.0000,'2017-04-21 18:18:45.968','11-1','i','superuser','s',1,NULL,NULL,'VVM Usable',NULL,NULL,NULL),(1545912,NULL,'2020-12-31 00:00:00','JE1',NULL,'SII',999800.0000,999800.0000,NULL,NULL,NULL,1344724,1344726,NULL,NULL,NULL,3345728,999900.0000,999900.0000,100.0000,NULL,1343726,0.0000,'2017-04-21 18:18:46.048','11-1','i','superuser','s',1,NULL,NULL,'VVM Usable',NULL,NULL,NULL),(1545913,NULL,'2020-12-31 00:00:00','MED1',NULL,'SII',896200.0000,896200.0000,NULL,NULL,NULL,1344724,1344726,NULL,NULL,NULL,3345729,896300.0000,896300.0000,100.0000,NULL,1343726,0.0000,'2017-04-21 18:18:46.115','11-1','i','superuser','s',1,NULL,NULL,'VVM Usable',NULL,NULL,NULL),(1545914,NULL,'2020-12-31 00:00:00','MEC1','2017-04-20 00:00:00','SII',891300.0000,891300.0000,NULL,NULL,NULL,1344724,1344726,NULL,NULL,NULL,3345730,891400.0000,891400.0000,100.0000,NULL,1343726,0.0000,'2017-04-21 18:18:46.191','11-1','i','superuser','s',1,NULL,NULL,'VVM Usable',NULL,NULL,NULL),(1545915,NULL,'2020-12-31 00:00:00','MED1',NULL,'SII',849800.0000,849800.0000,NULL,NULL,NULL,1344724,1344726,NULL,NULL,NULL,3345731,849900.0000,849900.0000,100.0000,NULL,1343726,0.0000,'2017-04-21 18:18:46.259','11-1','i','superuser','s',1,NULL,NULL,'VVM Usable',NULL,NULL,NULL),(1545916,NULL,NULL,NULL,NULL,NULL,49800.0000,NULL,NULL,NULL,NULL,1344724,1344726,NULL,NULL,NULL,3345732,49900.0000,0.0000,100.0000,NULL,1343726,0.0000,'2017-04-21 18:18:46.326','11-1','i','superuser','s',1,NULL,NULL,NULL,NULL,NULL,NULL),(1545917,NULL,NULL,NULL,NULL,NULL,88800.0000,NULL,NULL,NULL,NULL,1344724,1344726,NULL,NULL,NULL,3345733,88900.0000,0.0000,100.0000,NULL,1343726,0.0000,'2017-04-21 18:18:46.390','11-1','i','superuser','s',1,NULL,NULL,NULL,NULL,NULL,NULL),(1545918,NULL,NULL,NULL,NULL,NULL,88800.0000,NULL,NULL,NULL,NULL,1344724,1344726,NULL,NULL,NULL,3345734,88900.0000,0.0000,100.0000,NULL,1343726,0.0000,'2017-04-21 18:18:46.457','11-1','i','superuser','s',1,NULL,NULL,NULL,NULL,NULL,NULL),(1545919,NULL,'2020-09-30 00:00:00','JED1',NULL,'SII',849200.0000,849200.0000,NULL,NULL,NULL,1344724,1344725,NULL,NULL,NULL,3345727,849300.0000,849300.0000,100.0000,NULL,1343726,0.0000,'2017-04-21 18:19:19.800','15-1','i','superuser','s',1,NULL,NULL,'VVM Usable',NULL,NULL,NULL),(1545920,NULL,'2020-12-31 00:00:00','MED1',NULL,'SII',896100.0000,896100.0000,NULL,NULL,NULL,1344724,1344725,NULL,NULL,NULL,3345729,896200.0000,896200.0000,100.0000,NULL,1343726,0.0000,'2017-04-21 18:19:19.871','15-1','i','superuser','s',1,NULL,NULL,'VVM Usable',NULL,NULL,NULL);
/*!40000 ALTER TABLE `TRANSACTION` ENABLE KEYS */;
UNLOCK TABLES;

--
-- Table structure for table `TRANSACTION_DOMAINS`
--

DROP TABLE IF EXISTS `TRANSACTION_DOMAINS`;
/*!40101 SET @saved_cs_client     = @@character_set_client */;
/*!40101 SET character_set_client = utf8 */;
CREATE TABLE `TRANSACTION_DOMAINS` (
  `KEY_OID` bigint(20) NOT NULL,
  `DOMAIN_ID` bigint(20) DEFAULT NULL,
  `IDX` int(11) NOT NULL,
  PRIMARY KEY (`KEY_OID`,`IDX`),
  KEY `TRANSACTION_DOMAINS_N49` (`KEY_OID`)
) ENGINE=InnoDB DEFAULT CHARSET=utf8;
/*!40101 SET character_set_client = @saved_cs_client */;

--
-- Dumping data for table `TRANSACTION_DOMAINS`
--

LOCK TABLES `TRANSACTION_DOMAINS` WRITE;
/*!40000 ALTER TABLE `TRANSACTION_DOMAINS` DISABLE KEYS */;
INSERT INTO `TRANSACTION_DOMAINS` VALUES (1545724,1343727,0),(1545724,1343726,1),(1545725,1343727,0),(1545725,1343726,1),(1545726,1343727,0),(1545726,1343726,1),(1545727,1343727,0),(1545727,1343726,1),(1545728,1343727,0),(1545728,1343726,1),(1545729,1343726,0),(1545730,1343726,0),(1545731,1343726,0),(1545732,1343726,0),(1545733,1343726,0),(1545734,1343726,0),(1545735,1343726,0),(1545736,1343726,0),(1545737,1343726,0),(1545738,1343726,0),(1545739,1343726,0),(1545740,1343726,0),(1545741,1343727,0),(1545741,1343726,1),(1545742,1343727,0),(1545742,1343726,1),(1545743,1343727,0),(1545743,1343726,1),(1545744,1343727,0),(1545744,1343726,1),(1545745,1343727,0),(1545745,1343726,1),(1545746,1343727,0),(1545746,1343726,1),(1545747,1343727,0),(1545747,1343726,1),(1545748,1343727,0),(1545748,1343726,1),(1545749,1343727,0),(1545749,1343726,1),(1545750,1343727,0),(1545750,1343726,1),(1545751,1343727,0),(1545751,1343726,1),(1545752,1343727,0),(1545752,1343726,1),(1545753,1343727,0),(1545753,1343726,1),(1545754,1343727,0),(1545754,1343726,1),(1545755,1343727,0),(1545755,1343726,1),(1545756,1343727,0),(1545756,1343726,1),(1545757,1343727,0),(1545757,1343726,1),(1545758,1343727,0),(1545758,1343726,1),(1545759,1343727,0),(1545759,1343726,1),(1545760,1343727,0),(1545760,1343726,1),(1545761,1343726,0),(1545762,1343726,0),(1545763,1343727,0),(1545763,1343726,1),(1545764,1343726,0),(1545765,1343726,0),(1545766,1343727,0),(1545766,1343726,1),(1545767,1343726,0),(1545768,1343726,0),(1545769,1343727,0),(1545769,1343726,1),(1545770,1343726,0),(1545771,1343726,0),(1545772,1343727,0),(1545772,1343726,1),(1545773,1343726,0),(1545774,1343726,0),(1545775,1343727,0),(1545775,1343726,1),(1545776,1343726,0),(1545777,1343726,0),(1545778,1343727,0),(1545778,1343726,1),(1545779,1343726,0),(1545780,1343726,0),(1545781,1343727,0),(1545781,1343726,1),(1545782,1343726,0),(1545783,1343726,0),(1545784,1343727,0),(1545784,1343726,1),(1545785,1343727,0),(1545785,1343726,1),(1545786,1343727,0),(1545786,1343726,1),(1545787,1343727,0),(1545787,1343726,1),(1545788,1343727,0),(1545788,1343726,1),(1545789,1343727,0),(1545789,1343726,1),(1545790,1343727,0),(1545790,1343726,1),(1545791,1343727,0),(1545791,1343726,1),(1545792,1343727,0),(1545792,1343726,1),(1545793,1343727,0),(1545793,1343726,1),(1545794,1343727,0),(1545794,1343726,1),(1545795,1343727,0),(1545795,1343726,1),(1545796,1343727,0),(1545796,1343726,1),(1545797,1343727,0),(1545797,1343726,1),(1545798,1343727,0),(1545798,1343726,1),(1545799,1343727,0),(1545799,1343726,1),(1545800,1343727,0),(1545800,1343726,1),(1545801,1343727,0),(1545801,1343726,1),(1545802,1343727,0),(1545802,1343726,1),(1545803,1343727,0),(1545803,1343726,1),(1545804,1343727,0),(1545804,1343726,1),(1545805,1343727,0),(1545805,1343726,1),(1545806,1343727,0),(1545806,1343726,1),(1545807,1343727,0),(1545807,1343726,1),(1545808,1343727,0),(1545808,1343726,1),(1545809,1343727,0),(1545809,1343726,1),(1545810,1343727,0),(1545810,1343726,1),(1545811,1343727,0),(1545811,1343726,1),(1545812,1343727,0),(1545812,1343726,1),(1545813,1343727,0),(1545813,1343726,1),(1545814,1343727,0),(1545814,1343726,1),(1545815,1343727,0),(1545815,1343726,1),(1545816,1343727,0),(1545816,1343726,1),(1545817,1343727,0),(1545817,1343726,1),(1545818,1343727,0),(1545818,1343726,1),(1545819,1343726,0),(1545820,1343727,0),(1545820,1343726,1),(1545821,1343727,0),(1545821,1343726,1),(1545822,1343726,0),(1545823,1343727,0),(1545823,1343726,1),(1545824,1343727,0),(1545824,1343726,1),(1545825,1343726,0),(1545826,1343726,0),(1545827,1343726,0),(1545828,1343726,0),(1545829,1343726,0),(1545830,1343727,0),(1545830,1343726,1),(1545831,1343727,0),(1545831,1343726,1),(1545832,1343727,0),(1545832,1343726,1),(1545833,1343727,0),(1545833,1343726,1),(1545834,1343727,0),(1545834,1343726,1),(1545835,1343727,0),(1545835,1343726,1),(1545836,1343727,0),(1545836,1343726,1),(1545837,1343727,0),(1545837,1343726,1),(1545838,1343727,0),(1545838,1343726,1),(1545839,1343726,0),(1545840,1343726,0),(1545841,1343727,0),(1545841,1343726,1),(1545842,1343727,0),(1545842,1343726,1),(1545843,1343727,0),(1545843,1343726,1),(1545844,1343727,0),(1545844,1343726,1),(1545845,1343727,0),(1545845,1343726,1),(1545846,1343727,0),(1545846,1343726,1),(1545847,1343727,0),(1545847,1343726,1),(1545848,1343727,0),(1545848,1343726,1),(1545849,1343727,0),(1545849,1343726,1),(1545850,1343726,0),(1545851,1343726,0),(1545852,1343727,0),(1545852,1343726,1),(1545853,1343726,0),(1545854,1343726,0),(1545855,1343727,0),(1545855,1343726,1),(1545856,1343727,0),(1545856,1343726,1),(1545857,1343727,0),(1545857,1343726,1),(1545858,1343727,0),(1545858,1343726,1),(1545859,1343727,0),(1545859,1343726,1),(1545860,1343727,0),(1545860,1343726,1),(1545861,1343727,0),(1545861,1343726,1),(1545862,1343727,0),(1545862,1343726,1),(1545863,1343727,0),(1545863,1343726,1),(1545864,1343727,0),(1545864,1343726,1),(1545865,1343727,0),(1545865,1343726,1),(1545866,1343727,0),(1545866,1343726,1),(1545867,1343727,0),(1545867,1343726,1),(1545868,1343727,0),(1545868,1343726,1),(1545869,1343727,0),(1545869,1343726,1),(1545870,1343727,0),(1545870,1343726,1),(1545871,1343726,0),(1545872,1343726,0),(1545873,1343727,0),(1545873,1343726,1),(1545874,1343727,0),(1545874,1343726,1),(1545875,1343727,0),(1545875,1343726,1),(1545876,1343727,0),(1545876,1343726,1),(1545877,1343727,0),(1545877,1343726,1),(1545878,1343727,0),(1545878,1343726,1),(1545879,1343727,0),(1545879,1343726,1),(1545880,1343727,0),(1545880,1343726,1),(1545881,1343727,0),(1545881,1343726,1),(1545882,1343727,0),(1545882,1343726,1),(1545883,1343727,0),(1545883,1343726,1),(1545884,1343727,0),(1545884,1343726,1),(1545885,1343727,0),(1545885,1343726,1),(1545886,1343727,0),(1545886,1343726,1),(1545887,1343727,0),(1545887,1343726,1),(1545888,1343727,0),(1545888,1343726,1),(1545889,1343727,0),(1545889,1343726,1),(1545890,1343727,0),(1545890,1343726,1),(1545891,1343727,0),(1545891,1343726,1),(1545892,1343727,0),(1545892,1343726,1),(1545893,1343727,0),(1545893,1343726,1),(1545894,1343726,0),(1545895,1343726,0),(1545896,1343726,0),(1545897,1343726,0),(1545898,1343726,0),(1545899,1343726,0),(1545900,1343726,0),(1545901,1343726,0),(1545902,1343726,0),(1545903,1343726,0),(1545904,1343726,0),(1545905,1343727,0),(1545905,1343726,1),(1545906,1343727,0),(1545906,1343726,1),(1545907,1343727,0),(1545907,1343726,1),(1545908,1343727,0),(1545908,1343726,1),(1545909,1343727,0),(1545909,1343726,1),(1545910,1343726,0),(1545911,1343726,0),(1545912,1343726,0),(1545913,1343726,0),(1545914,1343726,0),(1545915,1343726,0),(1545916,1343726,0),(1545917,1343726,0),(1545918,1343726,0),(1545919,1343726,0),(1545920,1343726,0);
/*!40000 ALTER TABLE `TRANSACTION_DOMAINS` ENABLE KEYS */;
UNLOCK TABLES;

--
-- Table structure for table `TRANSACTION_KTAGS`
--

DROP TABLE IF EXISTS `TRANSACTION_KTAGS`;
/*!40101 SET @saved_cs_client     = @@character_set_client */;
/*!40101 SET character_set_client = utf8 */;
CREATE TABLE `TRANSACTION_KTAGS` (
  `KEY` bigint(20) NOT NULL,
  `ID` bigint(20) DEFAULT NULL,
  `IDX` int(11) NOT NULL,
  PRIMARY KEY (`KEY`,`IDX`),
  KEY `TRANSACTION_KTAGS_N49` (`KEY`),
  KEY `TRANSACTION_KTAGS_N50` (`ID`)
) ENGINE=InnoDB DEFAULT CHARSET=utf8;
/*!40101 SET character_set_client = @saved_cs_client */;

--
-- Dumping data for table `TRANSACTION_KTAGS`
--

LOCK TABLES `TRANSACTION_KTAGS` WRITE;
/*!40000 ALTER TABLE `TRANSACTION_KTAGS` DISABLE KEYS */;
/*!40000 ALTER TABLE `TRANSACTION_KTAGS` ENABLE KEYS */;
UNLOCK TABLES;

--
-- Table structure for table `TRANSACTION_MTAGS`
--

DROP TABLE IF EXISTS `TRANSACTION_MTAGS`;
/*!40101 SET @saved_cs_client     = @@character_set_client */;
/*!40101 SET character_set_client = utf8 */;
CREATE TABLE `TRANSACTION_MTAGS` (
  `KEY` bigint(20) NOT NULL,
  `ID` bigint(20) DEFAULT NULL,
  `IDX` int(11) NOT NULL,
  PRIMARY KEY (`KEY`,`IDX`),
  KEY `TRANSACTION_MTAGS_N49` (`KEY`),
  KEY `TRANSACTION_MTAGS_N50` (`ID`)
) ENGINE=InnoDB DEFAULT CHARSET=utf8;
/*!40101 SET character_set_client = @saved_cs_client */;

--
-- Dumping data for table `TRANSACTION_MTAGS`
--

LOCK TABLES `TRANSACTION_MTAGS` WRITE;
/*!40000 ALTER TABLE `TRANSACTION_MTAGS` DISABLE KEYS */;
INSERT INTO `TRANSACTION_MTAGS` VALUES (1545724,359,0),(1545725,359,0),(1545726,359,0),(1545727,359,0),(1545728,359,0),(1545729,359,0),(1545734,359,0),(1545735,359,0),(1545736,359,0),(1545737,359,0),(1545738,359,0),(1545739,359,0),(1545740,359,0),(1545741,359,0),(1545742,359,0),(1545743,359,0),(1545744,359,0),(1545753,359,0),(1545754,359,0),(1545755,359,0),(1545756,359,0),(1545757,359,0),(1545758,359,0),(1545759,359,0),(1545760,359,0),(1545773,359,0),(1545774,359,0),(1545775,359,0),(1545776,359,0),(1545777,359,0),(1545778,359,0),(1545779,359,0),(1545780,359,0),(1545781,359,0),(1545782,359,0),(1545783,359,0),(1545784,359,0),(1545797,359,0),(1545798,359,0),(1545799,359,0),(1545800,359,0),(1545801,359,0),(1545802,359,0),(1545803,359,0),(1545804,359,0),(1545805,359,0),(1545806,359,0),(1545807,359,0),(1545808,359,0),(1545809,359,0),(1545810,359,0),(1545811,359,0),(1545812,359,0),(1545813,359,0),(1545814,359,0),(1545815,359,0),(1545816,359,0),(1545817,359,0),(1545818,359,0),(1545819,359,0),(1545820,359,0),(1545821,359,0),(1545822,359,0),(1545823,359,0),(1545824,359,0),(1545826,359,0),(1545827,359,0),(1545828,359,0),(1545829,359,0),(1545831,359,0),(1545833,359,0),(1545834,359,0),(1545836,359,0),(1545837,359,0),(1545838,359,0),(1545840,359,0),(1545841,359,0),(1545843,359,0),(1545844,359,0),(1545845,359,0),(1545846,359,0),(1545847,359,0),(1545848,359,0),(1545849,359,0),(1545853,359,0),(1545854,359,0),(1545855,359,0),(1545857,359,0),(1545858,359,0),(1545859,359,0),(1545860,359,0),(1545861,359,0),(1545862,359,0),(1545863,359,0),(1545864,359,0),(1545865,359,0),(1545867,359,0),(1545869,359,0),(1545870,359,0),(1545871,359,0),(1545872,359,0),(1545873,359,0),(1545874,359,0),(1545875,359,0),(1545876,359,0),(1545878,359,0),(1545879,359,0),(1545880,359,0),(1545881,359,0),(1545883,359,0),(1545884,359,0),(1545885,359,0),(1545886,359,0),(1545887,359,0),(1545888,359,0),(1545890,359,0),(1545891,359,0),(1545892,359,0),(1545893,359,0),(1545894,359,0),(1545895,359,0),(1545896,359,0),(1545897,359,0),(1545898,359,0),(1545899,359,0),(1545903,359,0),(1545904,359,0),(1545905,359,0),(1545906,359,0),(1545907,359,0),(1545908,359,0),(1545909,359,0),(1545910,359,0),(1545911,359,0),(1545912,359,0),(1545913,359,0),(1545914,359,0),(1545915,359,0),(1545919,359,0),(1545920,359,0),(1545730,360,0),(1545731,360,0),(1545732,360,0),(1545733,360,0),(1545745,360,0),(1545746,360,0),(1545747,360,0),(1545748,360,0),(1545749,360,0),(1545750,360,0),(1545751,360,0),(1545752,360,0),(1545761,360,0),(1545762,360,0),(1545763,360,0),(1545764,360,0),(1545765,360,0),(1545766,360,0),(1545767,360,0),(1545768,360,0),(1545769,360,0),(1545770,360,0),(1545771,360,0),(1545772,360,0),(1545785,360,0),(1545786,360,0),(1545787,360,0),(1545788,360,0),(1545789,360,0),(1545790,360,0),(1545791,360,0),(1545792,360,0),(1545793,360,0),(1545794,360,0),(1545795,360,0),(1545796,360,0),(1545825,360,0),(1545830,360,0),(1545832,360,0),(1545835,360,0),(1545839,360,0),(1545842,360,0),(1545850,360,0),(1545851,360,0),(1545852,360,0),(1545856,360,0),(1545866,360,0),(1545868,360,0),(1545877,360,0),(1545882,360,0),(1545889,360,0),(1545900,360,0),(1545901,360,0),(1545902,360,0),(1545916,360,0),(1545917,360,0),(1545918,360,0);
/*!40000 ALTER TABLE `TRANSACTION_MTAGS` ENABLE KEYS */;
UNLOCK TABLES;

--
-- Table structure for table `TRANSPORTER`
--

DROP TABLE IF EXISTS `TRANSPORTER`;
/*!40101 SET @saved_cs_client     = @@character_set_client */;
/*!40101 SET character_set_client = utf8 */;
CREATE TABLE `TRANSPORTER` (
  `KEY` bigint(20) NOT NULL AUTO_INCREMENT,
  `DID` bigint(20) DEFAULT NULL,
  `ID` varchar(255) CHARACTER SET utf8 COLLATE utf8_bin DEFAULT NULL,
  `OID` bigint(20) DEFAULT NULL,
  `ORDER_ID_OID` bigint(20) DEFAULT NULL,
  `TY` varchar(255) CHARACTER SET utf8 COLLATE utf8_bin DEFAULT NULL,
  PRIMARY KEY (`KEY`),
  KEY `TRANSPORTER_N49` (`ORDER_ID_OID`)
) ENGINE=InnoDB DEFAULT CHARSET=utf8;
/*!40101 SET character_set_client = @saved_cs_client */;

--
-- Dumping data for table `TRANSPORTER`
--

LOCK TABLES `TRANSPORTER` WRITE;
/*!40000 ALTER TABLE `TRANSPORTER` DISABLE KEYS */;
/*!40000 ALTER TABLE `TRANSPORTER` ENABLE KEYS */;
UNLOCK TABLES;

--
-- Table structure for table `UPLOADED`
--

DROP TABLE IF EXISTS `UPLOADED`;
/*!40101 SET @saved_cs_client     = @@character_set_client */;
/*!40101 SET character_set_client = utf8 */;
CREATE TABLE `UPLOADED` (
  `ID` varchar(255) CHARACTER SET utf8 COLLATE utf8_bin NOT NULL,
  `BLKEY` varchar(255) CHARACTER SET utf8 COLLATE utf8_bin DEFAULT NULL,
  `DID` bigint(20) DEFAULT NULL,
  `DESC` varchar(255) CHARACTER SET utf8 COLLATE utf8_bin DEFAULT NULL,
  `FN` varchar(255) CHARACTER SET utf8 COLLATE utf8_bin DEFAULT NULL,
  `JID` varchar(255) CHARACTER SET utf8 COLLATE utf8_bin DEFAULT NULL,
  `L` varchar(255) CHARACTER SET utf8 COLLATE utf8_bin DEFAULT NULL,
  `ST` int(11) DEFAULT NULL,
  `T` datetime DEFAULT NULL,
  `TY` varchar(255) CHARACTER SET utf8 COLLATE utf8_bin DEFAULT NULL,
  `UID` varchar(255) CHARACTER SET utf8 COLLATE utf8_bin DEFAULT NULL,
  `V` varchar(255) CHARACTER SET utf8 COLLATE utf8_bin DEFAULT NULL,
  PRIMARY KEY (`ID`),
  KEY `UPLOADED` (`FN`,`L`,`T`)
) ENGINE=InnoDB DEFAULT CHARSET=utf8;
/*!40101 SET character_set_client = @saved_cs_client */;

--
-- Dumping data for table `UPLOADED`
--

LOCK TABLES `UPLOADED` WRITE;
/*!40000 ALTER TABLE `UPLOADED` DISABLE KEYS */;
INSERT INTO `UPLOADED` VALUES ('1343726.assets.sadiq_0_en','/2017/3/e18bd076a4a2a927af3448c0afc7ce84',1343726,NULL,'Assets.csv','BulkImporter_1492687850421','en_IN',1,'2017-04-20 17:00:50','blkupld','sadiq','0'),('1343726.materials_0_en','/2017/3/3d528280ec8040d7f3ddbf6dcee2ff34',1343726,NULL,'Materials.csv','BulkImporter_1492680746046','en_IN',1,'2017-04-20 15:02:25','blkupld','sadiq','0'),('1343727.assets.sadiq_0_en','/2017/3/a685fb2eec5a4e77c81e313750043a79',1343727,NULL,'Assets.csv','BulkImporter_1492684581008','en_IN',1,'2017-04-20 16:06:20','blkupld','sadiq','0');
/*!40000 ALTER TABLE `UPLOADED` ENABLE KEYS */;
UNLOCK TABLES;

--
-- Table structure for table `UPLOADEDMSGLOG`
--

DROP TABLE IF EXISTS `UPLOADEDMSGLOG`;
/*!40101 SET @saved_cs_client     = @@character_set_client */;
/*!40101 SET character_set_client = utf8 */;
CREATE TABLE `UPLOADEDMSGLOG` (
  `KEY` bigint(20) NOT NULL AUTO_INCREMENT,
  `DID` bigint(20) DEFAULT NULL,
  `MSG` varchar(2048) DEFAULT NULL,
  `T` datetime DEFAULT NULL,
  `UPLOADEDID` varchar(255) CHARACTER SET utf8 COLLATE utf8_bin DEFAULT NULL,
  PRIMARY KEY (`KEY`),
  KEY `UPLOADEDMSGLOG` (`T`)
) ENGINE=InnoDB DEFAULT CHARSET=utf8;
/*!40101 SET character_set_client = @saved_cs_client */;

--
-- Dumping data for table `UPLOADEDMSGLOG`
--

LOCK TABLES `UPLOADEDMSGLOG` WRITE;
/*!40000 ALTER TABLE `UPLOADEDMSGLOG` DISABLE KEYS */;
/*!40000 ALTER TABLE `UPLOADEDMSGLOG` ENABLE KEYS */;
UNLOCK TABLES;

--
-- Table structure for table `USERACCOUNT`
--

DROP TABLE IF EXISTS `USERACCOUNT`;
/*!40101 SET @saved_cs_client     = @@character_set_client */;
/*!40101 SET character_set_client = utf8 */;
CREATE TABLE `USERACCOUNT` (
  `USERID` varchar(255) CHARACTER SET utf8 COLLATE utf8_bin NOT NULL,
  `AGE` int(11) NOT NULL,
  `AGETYPE` varchar(255) CHARACTER SET utf8 COLLATE utf8_bin DEFAULT NULL,
  `AST` int(11) DEFAULT NULL,
  `BIRTHDATE` datetime DEFAULT NULL,
  `CID` varchar(255) CHARACTER SET utf8 COLLATE utf8_bin DEFAULT NULL,
  `CITY` varchar(255) CHARACTER SET utf8 COLLATE utf8_bin DEFAULT NULL,
  `COUNTRY` varchar(255) CHARACTER SET utf8 COLLATE utf8_bin DEFAULT NULL,
  `SDID` bigint(20) DEFAULT NULL,
  `DISTRICT` varchar(255) CHARACTER SET utf8 COLLATE utf8_bin DEFAULT NULL,
  `EMAIL` varchar(255) CHARACTER SET utf8 COLLATE utf8_bin DEFAULT NULL,
  `ENCODEDPASSWORD` varchar(255) CHARACTER SET utf8 COLLATE utf8_bin DEFAULT NULL,
  `FIRSTNAME` varchar(255) CHARACTER SET utf8 COLLATE utf8_bin DEFAULT NULL,
  `GENDER` varchar(255) CHARACTER SET utf8 COLLATE utf8_bin DEFAULT NULL,
  `IMEI` varchar(255) CHARACTER SET utf8 COLLATE utf8_bin DEFAULT NULL,
  `IPADDR` varchar(255) CHARACTER SET utf8 COLLATE utf8_bin DEFAULT NULL,
  `ISENABLED` bit(1) NOT NULL,
  `LANDPHONENUMBER` varchar(255) CHARACTER SET utf8 COLLATE utf8_bin DEFAULT NULL,
  `LANGUAGE` varchar(255) CHARACTER SET utf8 COLLATE utf8_bin DEFAULT NULL,
  `LASTLOGIN` datetime DEFAULT NULL,
  `LASTNAME` varchar(255) CHARACTER SET utf8 COLLATE utf8_bin DEFAULT NULL,
  `LRE` datetime DEFAULT NULL,
  `MEMBERSINCE` datetime DEFAULT NULL,
  `MOBILEPHONENUMBER` varchar(255) CHARACTER SET utf8 COLLATE utf8_bin DEFAULT NULL,
  `NNAME` varchar(255) CHARACTER SET utf8 COLLATE utf8_bin DEFAULT NULL,
  `PHONEBRAND` varchar(255) CHARACTER SET utf8 COLLATE utf8_bin DEFAULT NULL,
  `PHONEMODELNUMBER` varchar(255) CHARACTER SET utf8 COLLATE utf8_bin DEFAULT NULL,
  `PHONESERVICEPROVIDER` varchar(255) CHARACTER SET utf8 COLLATE utf8_bin DEFAULT NULL,
  `PINCODE` varchar(255) CHARACTER SET utf8 COLLATE utf8_bin DEFAULT NULL,
  `PKID` bigint(20) DEFAULT NULL,
  `PREVUSRAGNT` varchar(255) CHARACTER SET utf8 COLLATE utf8_bin DEFAULT NULL,
  `REGISTEREDBY` varchar(255) CHARACTER SET utf8 COLLATE utf8_bin DEFAULT NULL,
  `ROLE` varchar(255) CHARACTER SET utf8 COLLATE utf8_bin DEFAULT NULL,
  `RTE` bit(1) DEFAULT NULL,
  `SIMID` varchar(255) CHARACTER SET utf8 COLLATE utf8_bin DEFAULT NULL,
  `STATE` varchar(255) CHARACTER SET utf8 COLLATE utf8_bin DEFAULT NULL,
  `STREET` varchar(255) CHARACTER SET utf8 COLLATE utf8_bin DEFAULT NULL,
  `TALUK` varchar(255) CHARACTER SET utf8 COLLATE utf8_bin DEFAULT NULL,
  `TIMEZONE` varchar(255) CHARACTER SET utf8 COLLATE utf8_bin DEFAULT NULL,
  `UIPREF` bit(1) DEFAULT NULL,
  `UB` varchar(255) DEFAULT NULL,
  `UO` datetime DEFAULT NULL,
  `USRAGNT` varchar(255) CHARACTER SET utf8 COLLATE utf8_bin DEFAULT NULL,
  `V` varchar(255) CHARACTER SET utf8 COLLATE utf8_bin DEFAULT NULL,
  `ARCAT` datetime DEFAULT NULL,
  `ARCBY` varchar(255) DEFAULT NULL,
  `LGR` tinyint(4) DEFAULT NULL,
  `ATEXP` int(11) NOT NULL,
  `PER` varchar(5) NOT NULL DEFAULT 'd',
  `LGSRC` int(11) DEFAULT NULL,
  PRIMARY KEY (`USERID`),
  KEY `USERACCOUNT#4` (`SDID`,`LASTLOGIN`),
  KEY `USERACCOUNT#3` (`SDID`,`ROLE`,`NNAME`),
  KEY `USERACCOUNT#2` (`SDID`,`REGISTEREDBY`,`NNAME`),
  KEY `USERACCOUNT#1` (`SDID`,`NNAME`),
  KEY `USERACCOUNT#5` (`SDID`,`CID`)
) ENGINE=InnoDB DEFAULT CHARSET=utf8;
/*!40101 SET character_set_client = @saved_cs_client */;

--
-- Dumping data for table `USERACCOUNT`
--

LOCK TABLES `USERACCOUNT` WRITE;
/*!40000 ALTER TABLE `USERACCOUNT` DISABLE KEYS */;
INSERT INTO `USERACCOUNT` VALUES ('country_admin',0,'y',NULL,NULL,NULL,'New Delhi','IN',1343726,'','sadiq@logistimo.com','746a0eda479dca799f84d07726396d6f','country admin','m',NULL,NULL,'',NULL,'en',NULL,NULL,NULL,'2017-04-20 14:34:22','+91 8105854242','country admin',NULL,NULL,NULL,NULL,NULL,NULL,'sadiq','ROLE_do','\0',NULL,'Capital Territory of Delhi',NULL,'','Asia/Kolkata','\0','sadiq','2017-04-20 14:34:22',NULL,NULL,NULL,NULL,-1,0,'d',NULL),('state_admin',0,'y',NULL,NULL,NULL,NULL,'IN',1343727,NULL,'sadiq@logistimo.com','746a0eda479dca799f84d07726396d6f','State admin','m',NULL,NULL,'',NULL,'en',NULL,NULL,NULL,'2017-04-20 14:37:21','+91 8105854242','state admin',NULL,NULL,NULL,NULL,NULL,NULL,'sadiq','ROLE_do','\0',NULL,'Uttar Pradesh',NULL,NULL,'Asia/Kolkata','\0','sadiq','2017-04-20 14:37:21',NULL,NULL,NULL,NULL,-1,0,'d',NULL),('state_mngr',0,'y',NULL,NULL,NULL,NULL,'IN',1343727,NULL,'sadiq@logistimo.com','746a0eda479dca799f84d07726396d6f','state manager','m',NULL,NULL,'',NULL,'en',NULL,NULL,NULL,'2017-04-20 14:52:54','+91 8105854242','state manager',NULL,NULL,NULL,NULL,NULL,NULL,'sadiq','ROLE_sm','\0',NULL,'Uttar Pradesh',NULL,NULL,'Asia/Kolkata','\0','charan','2017-04-20 14:59:13',NULL,NULL,NULL,NULL,-1,0,'d',NULL),('state_opr',0,'y',NULL,NULL,NULL,'Lucknow','IN',1343727,'','sadiq@logistimo.com','746a0eda479dca799f84d07726396d6f','state operator','m',NULL,NULL,'',NULL,'en',NULL,NULL,NULL,'2017-04-20 14:54:07','+91 8105854242','state operator',NULL,NULL,NULL,NULL,NULL,NULL,'sadiq','ROLE_ko','\0',NULL,'Uttar Pradesh',NULL,'','Asia/Kolkata','\0','charan','2017-04-20 14:59:25',NULL,NULL,NULL,NULL,-1,0,'d',NULL),('superuser',0,'y',NULL,NULL,NULL,NULL,'IN',1343724,NULL,'superuser@logistimo.com','aa740c24dad559e5c3b3a0c917e61b35','Super','m',NULL,NULL,'',NULL,'en','2017-05-12 23:32:15','User',NULL,'2017-05-11 17:09:24','+91 99','super user',NULL,NULL,NULL,NULL,NULL,'Mozilla/5.0 (Macintosh; Intel Mac OS X 10_12_2) AppleWebKit/537.36 (KHTML, like Gecko) Chrome/58.0.3029.110 Safari/537.36','charan','ROLE_su','\0',NULL,'Karnataka',NULL,NULL,'Asia/Kolkata','\0','charan','2017-05-11 17:09:24','Mozilla/5.0 (Macintosh; Intel Mac OS X 10_12_2) AppleWebKit/537.36 (KHTML, like Gecko) Chrome/58.0.3029.110 Safari/537.36','LogiWeb',NULL,NULL,-1,0,'d',1);
/*!40000 ALTER TABLE `USERACCOUNT` ENABLE KEYS */;
UNLOCK TABLES;

--
-- Table structure for table `USERACCOUNT_DOMAINS`
--

DROP TABLE IF EXISTS `USERACCOUNT_DOMAINS`;
/*!40101 SET @saved_cs_client     = @@character_set_client */;
/*!40101 SET character_set_client = utf8 */;
CREATE TABLE `USERACCOUNT_DOMAINS` (
  `USERID_OID` varchar(255) CHARACTER SET utf8 COLLATE utf8_bin NOT NULL,
  `DOMAIN_ID` bigint(20) DEFAULT NULL,
  `IDX` int(11) NOT NULL,
  PRIMARY KEY (`USERID_OID`,`IDX`)
) ENGINE=InnoDB DEFAULT CHARSET=utf8;
/*!40101 SET character_set_client = @saved_cs_client */;

--
-- Dumping data for table `USERACCOUNT_DOMAINS`
--

LOCK TABLES `USERACCOUNT_DOMAINS` WRITE;
/*!40000 ALTER TABLE `USERACCOUNT_DOMAINS` DISABLE KEYS */;
INSERT INTO `USERACCOUNT_DOMAINS` VALUES ('country_admin',1343726,0),('state_admin',1343727,0),('state_admin',1343726,1),('state_mngr',1343727,0),('state_mngr',1343726,1),('state_opr',1343727,0),('state_opr',1343726,1),('superuser',1343724,0);
/*!40000 ALTER TABLE `USERACCOUNT_DOMAINS` ENABLE KEYS */;
UNLOCK TABLES;

--
-- Table structure for table `USERLOGINHISTORY`
--

DROP TABLE IF EXISTS `USERLOGINHISTORY`;
/*!40101 SET @saved_cs_client     = @@character_set_client */;
/*!40101 SET character_set_client = utf8 */;
CREATE TABLE `USERLOGINHISTORY` (
  `ID` int(11) NOT NULL AUTO_INCREMENT,
  `USERID` varchar(50) DEFAULT NULL,
  `T` datetime DEFAULT NULL,
  `LGSRC` int(11) DEFAULT NULL,
  `USRAGNT` varchar(255) DEFAULT NULL,
  `IPADDR` varchar(255) DEFAULT NULL,
  `V` varchar(50) DEFAULT NULL,
  PRIMARY KEY (`ID`)
) ENGINE=InnoDB AUTO_INCREMENT=54202 DEFAULT CHARSET=utf8;
/*!40101 SET character_set_client = @saved_cs_client */;

--
-- Dumping data for table `USERLOGINHISTORY`
--

LOCK TABLES `USERLOGINHISTORY` WRITE;
/*!40000 ALTER TABLE `USERLOGINHISTORY` DISABLE KEYS */;
INSERT INTO `USERLOGINHISTORY` VALUES (54141,'charan','2017-04-20 12:54:10',1,'Mozilla/5.0 (Macintosh; Intel Mac OS X 10_12_2) AppleWebKit/537.36 (KHTML, like Gecko) Chrome/57.0.2987.133 Safari/537.36',NULL,'LogiWeb'),(54142,'charan','2017-04-20 13:12:23',1,'Mozilla/5.0 (Macintosh; Intel Mac OS X 10_12_2) AppleWebKit/537.36 (KHTML, like Gecko) Chrome/57.0.2987.133 Safari/537.36',NULL,'LogiWeb'),(54143,'charan','2017-04-20 14:30:15',1,'Mozilla/5.0 (Macintosh; Intel Mac OS X 10_12_2) AppleWebKit/537.36 (KHTML, like Gecko) Chrome/57.0.2987.133 Safari/537.36',NULL,'LogiWeb'),(54144,'sadiq','2017-04-20 14:31:19',1,'Mozilla/5.0 (Macintosh; Intel Mac OS X 10_12_4) AppleWebKit/537.36 (KHTML, like Gecko) Chrome/57.0.2987.133 Safari/537.36',NULL,'LogiWeb'),(54145,'charan','2017-04-20 15:52:50',1,'Mozilla/5.0 (Macintosh; Intel Mac OS X 10_12_2) AppleWebKit/537.36 (KHTML, like Gecko) Chrome/57.0.2987.133 Safari/537.36',NULL,'LogiWeb'),(54146,'sadiq','2017-04-20 16:59:41',1,'Mozilla/5.0 (Macintosh; Intel Mac OS X 10_12_4) AppleWebKit/537.36 (KHTML, like Gecko) Chrome/57.0.2987.133 Safari/537.36',NULL,'LogiWeb'),(54147,'charan','2017-04-20 17:18:56',1,'Mozilla/5.0 (Macintosh; Intel Mac OS X 10_12_2) AppleWebKit/537.36 (KHTML, like Gecko) Chrome/57.0.2987.133 Safari/537.36',NULL,'LogiWeb'),(54148,'charan','2017-04-20 17:57:51',1,'Mozilla/5.0 (Macintosh; Intel Mac OS X 10_12_2) AppleWebKit/537.36 (KHTML, like Gecko) Chrome/57.0.2987.133 Safari/537.36',NULL,'LogiWeb'),(54149,'sadiq','2017-04-20 18:10:29',1,'Mozilla/5.0 (Macintosh; Intel Mac OS X 10_12_4) AppleWebKit/537.36 (KHTML, like Gecko) Chrome/57.0.2987.133 Safari/537.36',NULL,'LogiWeb'),(54150,'sadiq','2017-04-21 15:06:13',1,'Mozilla/5.0 (Macintosh; Intel Mac OS X 10_12_4) AppleWebKit/537.36 (KHTML, like Gecko) Chrome/57.0.2987.133 Safari/537.36',NULL,'LogiWeb'),(54151,'charan','2017-04-21 15:11:08',1,'Mozilla/5.0 (Macintosh; Intel Mac OS X 10_12_2) AppleWebKit/537.36 (KHTML, like Gecko) Chrome/57.0.2987.133 Safari/537.36',NULL,'LogiWeb'),(54152,'charan','2017-04-21 16:15:56',1,'Mozilla/5.0 (Macintosh; Intel Mac OS X 10_12_2) AppleWebKit/537.36 (KHTML, like Gecko) Chrome/57.0.2987.133 Safari/537.36',NULL,'LogiWeb'),(54153,'charan','2017-04-21 17:00:16',1,'Mozilla/5.0 (Macintosh; Intel Mac OS X 10_12_2) AppleWebKit/537.36 (KHTML, like Gecko) Chrome/57.0.2987.133 Safari/537.36',NULL,'LogiWeb'),(54154,'charan','2017-04-21 18:06:45',1,'Mozilla/5.0 (Macintosh; Intel Mac OS X 10_12_2) AppleWebKit/537.36 (KHTML, like Gecko) Chrome/57.0.2987.133 Safari/537.36',NULL,'LogiWeb'),(54155,'charan','2017-04-22 08:57:52',1,'Mozilla/5.0 (Macintosh; Intel Mac OS X 10_12_2) AppleWebKit/537.36 (KHTML, like Gecko) Chrome/57.0.2987.133 Safari/537.36',NULL,'LogiWeb'),(54156,'charan','2017-04-23 16:09:14',1,'Mozilla/5.0 (Macintosh; Intel Mac OS X 10_12_2) AppleWebKit/537.36 (KHTML, like Gecko) Chrome/57.0.2987.133 Safari/537.36',NULL,'LogiWeb'),(54157,'charan','2017-04-23 16:17:10',1,'Mozilla/5.0 (Macintosh; Intel Mac OS X 10_12_2) AppleWebKit/537.36 (KHTML, like Gecko) Chrome/57.0.2987.133 Safari/537.36',NULL,'LogiWeb'),(54158,'charan','2017-04-23 17:53:09',1,'Mozilla/5.0 (Macintosh; Intel Mac OS X 10_12_2) AppleWebKit/537.36 (KHTML, like Gecko) Chrome/57.0.2987.133 Safari/537.36',NULL,'LogiWeb'),(54159,'charan','2017-04-23 20:12:55',1,'Mozilla/5.0 (Macintosh; Intel Mac OS X 10_12_2) AppleWebKit/537.36 (KHTML, like Gecko) Chrome/57.0.2987.133 Safari/537.36',NULL,'LogiWeb'),(54160,'charan','2017-04-23 21:05:43',1,'Mozilla/5.0 (Macintosh; Intel Mac OS X 10_12_2) AppleWebKit/537.36 (KHTML, like Gecko) Chrome/57.0.2987.133 Safari/537.36',NULL,'LogiWeb'),(54161,'charan','2017-04-23 23:05:41',1,'Mozilla/5.0 (Macintosh; Intel Mac OS X 10_12_2) AppleWebKit/537.36 (KHTML, like Gecko) Chrome/57.0.2987.133 Safari/537.36',NULL,'LogiWeb'),(54162,'charan','2017-04-23 23:16:29',1,'Mozilla/5.0 (Macintosh; Intel Mac OS X 10_12_2) AppleWebKit/537.36 (KHTML, like Gecko) Chrome/57.0.2987.133 Safari/537.36',NULL,'LogiWeb'),(54163,'charan','2017-04-24 06:15:54',1,'Mozilla/5.0 (Macintosh; Intel Mac OS X 10_12_2) AppleWebKit/537.36 (KHTML, like Gecko) Chrome/57.0.2987.133 Safari/537.36',NULL,'LogiWeb'),(54164,'charan','2017-04-24 07:23:52',1,'Mozilla/5.0 (Macintosh; Intel Mac OS X 10_12_2) AppleWebKit/537.36 (KHTML, like Gecko) Chrome/57.0.2987.133 Safari/537.36',NULL,'LogiWeb'),(54165,'charan','2017-04-24 09:21:00',1,'Mozilla/5.0 (Macintosh; Intel Mac OS X 10_12_2) AppleWebKit/537.36 (KHTML, like Gecko) Chrome/57.0.2987.133 Safari/537.36',NULL,'LogiWeb'),(54166,'sadiq','2017-04-24 09:28:51',1,'Mozilla/5.0 (Macintosh; Intel Mac OS X 10_12_4) AppleWebKit/537.36 (KHTML, like Gecko) Chrome/57.0.2987.133 Safari/537.36',NULL,'LogiWeb'),(54167,'sadiq','2017-04-24 11:01:26',1,'Mozilla/5.0 (Macintosh; Intel Mac OS X 10_12_4) AppleWebKit/537.36 (KHTML, like Gecko) Chrome/57.0.2987.133 Safari/537.36',NULL,'LogiWeb'),(54168,'charan','2017-04-24 12:59:33',1,'Mozilla/5.0 (Macintosh; Intel Mac OS X 10_12_2) AppleWebKit/537.36 (KHTML, like Gecko) Chrome/57.0.2987.133 Safari/537.36',NULL,'LogiWeb'),(54169,'charan','2017-04-24 13:35:20',1,'Mozilla/5.0 (Macintosh; Intel Mac OS X 10_12_2) AppleWebKit/537.36 (KHTML, like Gecko) Chrome/57.0.2987.133 Safari/537.36',NULL,'LogiWeb'),(54170,'charan','2017-04-24 14:05:20',1,'Mozilla/5.0 (Macintosh; Intel Mac OS X 10_12_2) AppleWebKit/537.36 (KHTML, like Gecko) Chrome/57.0.2987.133 Safari/537.36',NULL,'LogiWeb'),(54171,'sadiq','2017-04-24 14:09:15',1,'Mozilla/5.0 (Macintosh; Intel Mac OS X 10_12_4) AppleWebKit/537.36 (KHTML, like Gecko) Chrome/57.0.2987.133 Safari/537.36',NULL,'LogiWeb'),(54172,'charan','2017-04-24 14:15:54',1,'Mozilla/5.0 (Macintosh; Intel Mac OS X 10_12_2) AppleWebKit/537.36 (KHTML, like Gecko) Chrome/57.0.2987.133 Safari/537.36',NULL,'LogiWeb'),(54173,'sadiq','2017-04-24 14:47:24',1,'Mozilla/5.0 (Macintosh; Intel Mac OS X 10_12_4) AppleWebKit/537.36 (KHTML, like Gecko) Chrome/57.0.2987.133 Safari/537.36',NULL,'LogiWeb'),(54174,'charan','2017-04-24 15:07:03',1,'Mozilla/5.0 (Macintosh; Intel Mac OS X 10_12_2) AppleWebKit/537.36 (KHTML, like Gecko) Chrome/57.0.2987.133 Safari/537.36',NULL,'LogiWeb'),(54175,'sadiq','2017-04-24 16:03:16',1,'Mozilla/5.0 (Macintosh; Intel Mac OS X 10_12_4) AppleWebKit/537.36 (KHTML, like Gecko) Chrome/57.0.2987.133 Safari/537.36',NULL,'LogiWeb'),(54176,'arun','2017-04-24 16:56:57',1,'Mozilla/5.0 (Macintosh; Intel Mac OS X 10_10_1) AppleWebKit/537.36 (KHTML, like Gecko) Chrome/57.0.2987.133 Safari/537.36',NULL,'LogiWeb'),(54177,'charan','2017-04-24 17:36:58',1,'Mozilla/5.0 (Macintosh; Intel Mac OS X 10_12_2) AppleWebKit/537.36 (KHTML, like Gecko) Chrome/57.0.2987.133 Safari/537.36',NULL,'LogiWeb'),(54178,'sadiq','2017-04-24 18:05:43',1,'Mozilla/5.0 (Macintosh; Intel Mac OS X 10_12_4) AppleWebKit/537.36 (KHTML, like Gecko) Chrome/57.0.2987.133 Safari/537.36',NULL,'LogiWeb'),(54179,'sadiq','2017-04-24 19:19:31',1,'Mozilla/5.0 (Macintosh; Intel Mac OS X 10_12_4) AppleWebKit/537.36 (KHTML, like Gecko) Chrome/57.0.2987.133 Safari/537.36',NULL,'LogiWeb'),(54180,'sadiq','2017-04-24 20:32:27',1,'Mozilla/5.0 (Macintosh; Intel Mac OS X 10_12_4) AppleWebKit/537.36 (KHTML, like Gecko) Chrome/57.0.2987.133 Safari/537.36',NULL,'LogiWeb'),(54181,'charan','2017-04-24 23:04:53',1,'Mozilla/5.0 (Macintosh; Intel Mac OS X 10_12_2) AppleWebKit/537.36 (KHTML, like Gecko) Chrome/57.0.2987.133 Safari/537.36',NULL,'LogiWeb'),(54182,'charan','2017-04-24 23:25:56',1,'Mozilla/5.0 (Macintosh; Intel Mac OS X 10_12_2) AppleWebKit/537.36 (KHTML, like Gecko) Chrome/57.0.2987.133 Safari/537.36',NULL,'LogiWeb'),(54183,'charan','2017-04-24 23:52:31',1,'Mozilla/5.0 (Macintosh; Intel Mac OS X 10_12_2) AppleWebKit/537.36 (KHTML, like Gecko) Chrome/57.0.2987.133 Safari/537.36',NULL,'LogiWeb'),(54184,'charan','2017-04-25 11:48:11',1,'Mozilla/5.0 (Macintosh; Intel Mac OS X 10_12_2) AppleWebKit/537.36 (KHTML, like Gecko) Chrome/57.0.2987.133 Safari/537.36',NULL,'LogiWeb'),(54185,'sadiq','2017-04-25 12:42:42',1,'Mozilla/5.0 (Macintosh; Intel Mac OS X 10_12_4) AppleWebKit/537.36 (KHTML, like Gecko) Chrome/57.0.2987.133 Safari/537.36',NULL,'LogiWeb'),(54186,'charan','2017-04-25 13:40:25',1,'Mozilla/5.0 (Macintosh; Intel Mac OS X 10_12_2) AppleWebKit/537.36 (KHTML, like Gecko) Chrome/57.0.2987.133 Safari/537.36',NULL,'LogiWeb'),(54187,'sadiq','2017-04-25 13:42:42',1,'Mozilla/5.0 (Macintosh; Intel Mac OS X 10_12_4) AppleWebKit/537.36 (KHTML, like Gecko) Chrome/57.0.2987.133 Safari/537.36',NULL,'LogiWeb'),(54188,'charan','2017-04-25 14:58:43',1,'Mozilla/5.0 (Macintosh; Intel Mac OS X 10_12_2) AppleWebKit/537.36 (KHTML, like Gecko) Chrome/57.0.2987.133 Safari/537.36',NULL,'LogiWeb'),(54189,'charan','2017-04-25 17:32:30',1,'Mozilla/5.0 (Macintosh; Intel Mac OS X 10_12_2) AppleWebKit/537.36 (KHTML, like Gecko) Chrome/57.0.2987.133 Safari/537.36',NULL,'LogiWeb'),(54190,'charan','2017-04-26 17:45:58',1,'Mozilla/5.0 (Macintosh; Intel Mac OS X 10_12_2) AppleWebKit/537.36 (KHTML, like Gecko) Chrome/57.0.2987.133 Safari/537.36',NULL,'LogiWeb'),(54191,'sadiq','2017-04-26 17:46:08',1,'Mozilla/5.0 (Macintosh; Intel Mac OS X 10_12_4) AppleWebKit/537.36 (KHTML, like Gecko) Chrome/57.0.2987.133 Safari/537.36',NULL,'LogiWeb'),(54192,'charan','2017-04-26 17:48:42',1,'Mozilla/5.0 (Macintosh; Intel Mac OS X 10_12_2) AppleWebKit/537.36 (KHTML, like Gecko) Chrome/57.0.2987.133 Safari/537.36',NULL,'LogiWeb'),(54193,'sadiq','2017-04-26 17:49:13',1,'Mozilla/5.0 (Macintosh; Intel Mac OS X 10_12_4) AppleWebKit/537.36 (KHTML, like Gecko) Chrome/57.0.2987.133 Safari/537.36',NULL,'LogiWeb'),(54194,'charan','2017-04-26 19:34:17',1,'Mozilla/5.0 (Macintosh; Intel Mac OS X 10_12_2) AppleWebKit/537.36 (KHTML, like Gecko) Chrome/57.0.2987.133 Safari/537.36',NULL,'LogiWeb'),(54195,'sadiq','2017-04-26 20:20:14',1,'Mozilla/5.0 (Macintosh; Intel Mac OS X 10_12_4) AppleWebKit/537.36 (KHTML, like Gecko) Chrome/57.0.2987.133 Safari/537.36',NULL,'LogiWeb'),(54196,'charan','2017-05-11 16:30:26',1,'Mozilla/5.0 (Macintosh; Intel Mac OS X 10_12_2) AppleWebKit/537.36 (KHTML, like Gecko) Chrome/58.0.3029.110 Safari/537.36',NULL,'LogiWeb'),(54197,'charan','2017-05-11 16:41:29',1,'Mozilla/5.0 (Macintosh; Intel Mac OS X 10_12_2) AppleWebKit/537.36 (KHTML, like Gecko) Chrome/58.0.3029.110 Safari/537.36',NULL,'LogiWeb'),(54198,'charan','2017-05-11 16:44:46',1,'Mozilla/5.0 (Macintosh; Intel Mac OS X 10_12_2) AppleWebKit/537.36 (KHTML, like Gecko) Chrome/58.0.3029.110 Safari/537.36',NULL,'LogiWeb'),(54199,'superuser','2017-05-11 17:09:37',1,'Mozilla/5.0 (Macintosh; Intel Mac OS X 10_12_2) AppleWebKit/537.36 (KHTML, like Gecko) Chrome/58.0.3029.110 Safari/537.36',NULL,'LogiWeb'),(54200,'superuser','2017-05-11 18:27:41',1,'Mozilla/5.0 (Macintosh; Intel Mac OS X 10_12_2) AppleWebKit/537.36 (KHTML, like Gecko) Chrome/58.0.3029.110 Safari/537.36',NULL,'LogiWeb'),(54201,'superuser','2017-05-12 23:32:16',1,'Mozilla/5.0 (Macintosh; Intel Mac OS X 10_12_2) AppleWebKit/537.36 (KHTML, like Gecko) Chrome/58.0.3029.110 Safari/537.36',NULL,'LogiWeb');
/*!40000 ALTER TABLE `USERLOGINHISTORY` ENABLE KEYS */;
UNLOCK TABLES;

--
-- Table structure for table `USERTOKEN`
--

DROP TABLE IF EXISTS `USERTOKEN`;
/*!40101 SET @saved_cs_client     = @@character_set_client */;
/*!40101 SET character_set_client = utf8 */;
CREATE TABLE `USERTOKEN` (
  `TOKEN` varchar(255) CHARACTER SET utf8 COLLATE utf8_bin NOT NULL,
  `DOMAINID` bigint(20) DEFAULT NULL,
  `EXPIRES` datetime DEFAULT NULL,
  `USERID` varchar(255) CHARACTER SET utf8 COLLATE utf8_bin DEFAULT NULL,
  PRIMARY KEY (`TOKEN`)
) ENGINE=InnoDB DEFAULT CHARSET=utf8;
/*!40101 SET character_set_client = @saved_cs_client */;

--
-- Dumping data for table `USERTOKEN`
--

LOCK TABLES `USERTOKEN` WRITE;
/*!40000 ALTER TABLE `USERTOKEN` DISABLE KEYS */;
/*!40000 ALTER TABLE `USERTOKEN` ENABLE KEYS */;
UNLOCK TABLES;

--
-- Table structure for table `USERTOKIOSK`
--

DROP TABLE IF EXISTS `USERTOKIOSK`;
/*!40101 SET @saved_cs_client     = @@character_set_client */;
/*!40101 SET character_set_client = utf8 */;
CREATE TABLE `USERTOKIOSK` (
  `USERTOKIOSKID` bigint(20) NOT NULL AUTO_INCREMENT,
  `DID` bigint(20) DEFAULT NULL,
  `KIOSKID` bigint(20) DEFAULT NULL,
  `KNM` varchar(255) CHARACTER SET utf8 COLLATE utf8_bin DEFAULT NULL,
  `RI` int(11) DEFAULT NULL,
  `TG` varchar(255) CHARACTER SET utf8 COLLATE utf8_bin DEFAULT NULL,
  `USERID` varchar(255) CHARACTER SET utf8 COLLATE utf8_bin DEFAULT NULL,
  `ARCAT` datetime DEFAULT NULL,
  `ARCBY` varchar(255) DEFAULT NULL,
  PRIMARY KEY (`USERTOKIOSKID`),
  KEY `USERRI` (`USERID`,`RI`),
  KEY `USERTAG` (`USERID`,`TG`,`RI`),
  KEY `USERKIOSKNAME` (`USERID`,`KNM`)
) ENGINE=InnoDB AUTO_INCREMENT=23067 DEFAULT CHARSET=utf8;
/*!40101 SET character_set_client = @saved_cs_client */;

--
-- Dumping data for table `USERTOKIOSK`
--

LOCK TABLES `USERTOKIOSK` WRITE;
/*!40000 ALTER TABLE `USERTOKIOSK` DISABLE KEYS */;
INSERT INTO `USERTOKIOSK` VALUES (23064,1343726,1344724,NULL,2147483647,NULL,'country_admin',NULL,NULL),(23065,1343727,1344725,NULL,2147483647,NULL,'state_admin',NULL,NULL),(23066,1343727,1344726,NULL,2147483647,NULL,'state_admin',NULL,NULL);
/*!40000 ALTER TABLE `USERTOKIOSK` ENABLE KEYS */;
UNLOCK TABLES;

--
-- Table structure for table `USER_ACC_DOMAINS`
--

DROP TABLE IF EXISTS `USER_ACC_DOMAINS`;
/*!40101 SET @saved_cs_client     = @@character_set_client */;
/*!40101 SET character_set_client = utf8 */;
CREATE TABLE `USER_ACC_DOMAINS` (
  `USERID_OID` varchar(255) CHARACTER SET utf8 COLLATE utf8_bin NOT NULL,
  `DOMAIN_ID` bigint(20) DEFAULT NULL,
  `IDX` int(11) NOT NULL,
  PRIMARY KEY (`USERID_OID`,`IDX`),
  KEY `USER_ACC_DOMAINS_N49` (`USERID_OID`)
) ENGINE=InnoDB DEFAULT CHARSET=utf8;
/*!40101 SET character_set_client = @saved_cs_client */;

--
-- Dumping data for table `USER_ACC_DOMAINS`
--

LOCK TABLES `USER_ACC_DOMAINS` WRITE;
/*!40000 ALTER TABLE `USER_ACC_DOMAINS` DISABLE KEYS */;
INSERT INTO `USER_ACC_DOMAINS` VALUES ('country_admin',1343726,0),('state_admin',1343727,0),('state_mngr',1343727,0),('state_opr',1343727,0),('superuser',1343724,0);
/*!40000 ALTER TABLE `USER_ACC_DOMAINS` ENABLE KEYS */;
UNLOCK TABLES;

--
-- Table structure for table `USER_TAGS`
--

DROP TABLE IF EXISTS `USER_TAGS`;
/*!40101 SET @saved_cs_client     = @@character_set_client */;
/*!40101 SET character_set_client = utf8 */;
CREATE TABLE `USER_TAGS` (
  `USERID` varchar(255) CHARACTER SET utf8 COLLATE utf8_bin NOT NULL,
  `ID` bigint(20) DEFAULT NULL,
  `IDX` int(11) NOT NULL,
  PRIMARY KEY (`USERID`,`IDX`)
) ENGINE=InnoDB DEFAULT CHARSET=utf8;
/*!40101 SET character_set_client = @saved_cs_client */;

--
-- Dumping data for table `USER_TAGS`
--

LOCK TABLES `USER_TAGS` WRITE;
/*!40000 ALTER TABLE `USER_TAGS` DISABLE KEYS */;
INSERT INTO `USER_TAGS` VALUES ('state_mngr',357,0),('state_opr',358,0);
/*!40000 ALTER TABLE `USER_TAGS` ENABLE KEYS */;
UNLOCK TABLES;

--
-- Table structure for table `WIDGET`
--

DROP TABLE IF EXISTS `WIDGET`;
/*!40101 SET @saved_cs_client     = @@character_set_client */;
/*!40101 SET character_set_client = utf8 */;
CREATE TABLE `WIDGET` (
  `WID` bigint(20) NOT NULL AUTO_INCREMENT,
  `AGGR` varchar(255) CHARACTER SET utf8 COLLATE utf8_bin DEFAULT NULL,
  `AGGRTY` varchar(255) CHARACTER SET utf8 COLLATE utf8_bin DEFAULT NULL,
  `CREATEDBY` varchar(255) CHARACTER SET utf8 COLLATE utf8_bin DEFAULT NULL,
  `CREATEDON` datetime DEFAULT NULL,
  `DID` bigint(20) DEFAULT NULL,
  `DESC` varchar(255) CHARACTER SET utf8 COLLATE utf8_bin DEFAULT NULL,
  `EXPENABLED` bit(1) DEFAULT NULL,
  `FREQ` varchar(255) CHARACTER SET utf8 COLLATE utf8_bin DEFAULT NULL,
  `NAME` varchar(255) CHARACTER SET utf8 COLLATE utf8_bin DEFAULT NULL,
  `NOP` int(11) NOT NULL,
  `SHOWLEG` bit(1) DEFAULT NULL,
  `SUBTITLE` varchar(255) CHARACTER SET utf8 COLLATE utf8_bin DEFAULT NULL,
  `TITLE` varchar(255) CHARACTER SET utf8 COLLATE utf8_bin DEFAULT NULL,
  `TYPE` varchar(255) CHARACTER SET utf8 COLLATE utf8_bin DEFAULT NULL,
  `YLABEL` varchar(255) CHARACTER SET utf8 COLLATE utf8_bin DEFAULT NULL,
  PRIMARY KEY (`WID`)
) ENGINE=InnoDB DEFAULT CHARSET=utf8;
/*!40101 SET character_set_client = @saved_cs_client */;

--
-- Dumping data for table `WIDGET`
--

LOCK TABLES `WIDGET` WRITE;
/*!40000 ALTER TABLE `WIDGET` DISABLE KEYS */;
/*!40000 ALTER TABLE `WIDGET` ENABLE KEYS */;
UNLOCK TABLES;

/*!40103 SET TIME_ZONE=@OLD_TIME_ZONE */;

/*!40101 SET SQL_MODE=@OLD_SQL_MODE */;
/*!40014 SET FOREIGN_KEY_CHECKS=@OLD_FOREIGN_KEY_CHECKS */;
/*!40014 SET UNIQUE_CHECKS=@OLD_UNIQUE_CHECKS */;
/*!40101 SET CHARACTER_SET_CLIENT=@OLD_CHARACTER_SET_CLIENT */;
/*!40101 SET CHARACTER_SET_RESULTS=@OLD_CHARACTER_SET_RESULTS */;
/*!40101 SET COLLATION_CONNECTION=@OLD_COLLATION_CONNECTION */;
/*!40111 SET SQL_NOTES=@OLD_SQL_NOTES */;

-- Dump completed on 2017-05-14 19:24:27
